subscription_event_id,company_id,event_type,plan_name,previous_plan_name,payment_date,subscription_start_date,sub_end_date,trial_end_date,billing_period,seat_count,monthly_recurring_revenue,invoice_amount,currency,payment_status,created_at
se_000001,co_0001,trial_start,Medium,,,,,2024-06-16,monthly,264,0,0,GBP,not_applicable,2024-06-09T19:43:00
se_000002,co_0002,trial_start,Small,,,,,2024-09-11,monthly,29,0,0,GBP,not_applicable,2024-09-04T19:56:00
se_000003,co_0002,converted,Small,,2024-09-07,2024-09-07,,,monthly,29,200,200,GBP,paid,2024-09-07T19:13:00
se_000004,co_0002,renewal,Small,,2024-10-07,2024-10-07,,,monthly,29,200,200,GBP,paid,2024-10-07T10:09:00
se_000005,co_0002,renewal,Small,,2024-11-07,2024-11-07,,,monthly,29,200,200,GBP,paid,2024-11-07T08:27:00
se_000006,co_0002,renewal,Small,,2024-12-07,2024-12-07,,,monthly,29,200,200,GBP,paid,2024-12-07T19:07:00
se_000007,co_0002,renewal,Small,,2025-01-07,2025-01-07,,,monthly,29,200,200,GBP,paid,2025-01-07T18:50:00
se_000008,co_0002,renewal,Small,,2025-02-07,2025-02-07,,,monthly,29,200,200,GBP,paid,2025-02-07T16:42:00
se_000009,co_0002,renewal,Small,,2025-03-07,2025-03-07,,,monthly,29,200,200,GBP,paid,2025-03-07T15:20:00
se_000010,co_0002,renewal,Small,,2025-04-27,2025-04-07,,,monthly,29,200,200,GBP,paid,2025-04-07T11:15:00
se_000011,co_0002,renewal,Small,,2025-05-07,2025-05-07,,,monthly,29,200,200,GBP,paid,2025-05-07T13:55:00
se_000012,co_0002,renewal,Small,,2025-06-07,2025-06-07,,,monthly,29,200,200,GBP,paid,2025-06-07T16:51:00
se_000013,co_0002,renewal,Small,,2025-07-07,2025-07-07,,,monthly,29,200,200,GBP,paid,2025-07-07T11:41:00
se_000014,co_0002,renewal,Small,,2025-08-07,2025-08-07,,,monthly,29,200,200,GBP,paid,2025-08-07T12:01:00
se_000015,co_0002,renewal,Small,,2025-09-07,2025-09-07,,,monthly,29,200,200,GBP,paid,2025-09-07T18:45:00
se_000016,co_0002,renewal,Small,,2025-10-07,2025-10-07,,,monthly,29,200,200,GBP,paid,2025-10-07T15:45:00
se_000017,co_0002,renewal,Small,,,2025-11-07,,,monthly,29,200,200,GBP,paid,2025-11-07T14:00:00
se_000018,co_0002,renewal,Small,,2025-12-07,2025-12-07,,,monthly,29,200,200,GBP,paid,2025-12-07T15:19:00
se_000019,co_0002,renewal,Small,,2026-01-07,2026-01-07,,,monthly,29,200,200,GBP,paid,2026-01-07T09:22:00
se_000020,co_0002,renewal,Small,,2026-02-07,2026-02-07,,,monthly,29,200,200,GBP,paid,2026-02-07T08:07:00
se_000021,co_0002,renewal,Small,,2026-03-07,2026-03-07,,,monthly,29,200,200,GBP,paid,2026-03-07T10:41:00
se_000022,co_0002,renewal,Small,,2026-04-07,2026-04-07,,,monthly,29,200,200,GBP,paid,2026-04-07T10:32:00
se_000023,co_0002,renewal,Small,,2026-05-07,2026-05-07,,,monthly,29,200,200,GBP,paid,2026-05-07T16:58:00
se_000024,co_0002,renewal,Small,,2026-06-07,2026-06-07,,,monthly,29,200,200,GBP,paid,2026-06-07T16:45:00
se_000025,co_0003,trial_start,Medium,,,,,2024-12-23,monthly,585,0,0,GBP,not_applicable,2024-12-16T18:08:00
se_000026,co_0004,trial_start,Small,,,,,2025-04-12,monthly,97,0,0,GBP,not_applicable,2025-04-05T12:14:00
se_000027,co_0004,converted,Small,,2025-04-12,2025-04-12,,,monthly,97,200,200,GBP,paid,2025-04-12T19:40:00
se_000028,co_0004,renewal,Small,,2025-05-12,2025-05-12,,,monthly,97,200,200,GBP,paid,2025-05-12T11:44:00
se_000029,co_0004,renewal,Small,,2025-06-12,2025-06-12,,,monthly,97,200,200,GBP,paid,2025-06-12T12:42:00
se_000030,co_0004,renewal,Small,,2025-07-12,2025-07-12,,,monthly,97,200,200,GBP,paid,2025-07-12T17:52:00
se_000031,co_0004,renewal,SMALL,,2025-08-12,2025-08-12,,,monthly,97,200,200,GBP,paid,2025-08-12T15:59:00
se_000032,co_0004,renewal,Small,,2025-09-12,2025-09-12,,,monthly,97,200,200,GBP,paid,2025-09-12T08:42:00
se_000033,co_0004,renewal,Small,,2025-10-12,2025-10-12,,,monthly,97,200,200,GBP,paid,2025-10-12T09:35:00
se_000034,co_0004,renewal,Small,,2025-11-12,2025-11-12,,,monthly,97,200,200,GBP,paid,2025-11-12T17:22:00
se_000035,co_0004,renewal,Small,,2025-12-12,2025-12-12,,,monthly,97,200,200,GBP,paid,2025-12-12T14:16:00
se_000036,co_0004,renewal,Small,,2026-01-12,2026-01-12,,,monthly,97,200,200,GBP,paid,2026-01-12T09:55:00
se_000037,co_0004,renewal,Small,,2026-02-26,2026-02-12,,,monthly,97,200,200,GBP,paid,2026-02-12T11:54:00
se_000038,co_0004,renewal,Small,,2026-03-12,2026-03-12,,,monthly,97,200,200,GBP,paid,2026-03-12T18:26:00
se_000039,co_0004,renewal,Small,,2026-04-12,2026-04-12,,,monthly,97,200,200,GBP,paid,2026-04-12T16:51:00
se_000040,co_0004,renewal,Small,,2026-05-12,2026-05-12,,,monthly,97,200,200,GBP,paid,2026-05-12T19:15:00
se_000041,co_0004,renewal,Small,,2026-06-12,2026-06-12,,,monthly,97,200,200,GBP,paid,2026-06-12T14:11:00
se_000042,co_0005,trial_start,Small,,,,,2026-04-13,monthly,61,0,0,GBP,not_applicable,2026-04-06T16:15:00
se_000043,co_0005,converted,Small,,2026-04-14,2026-04-14,,,monthly,61,200,200,GBP,paid,2026-04-14T16:29:00
se_000044,co_0005,renewal,Small,,2026-05-14,2026-05-14,,,monthly,61,200,200,GBP,paid,2026-05-14T09:09:00
se_000045,co_0005,renewal,Small,,2026-06-14,2026-06-14,,,monthly,61,200,200,GBP,paid,2026-06-14T08:26:00
se_000046,co_0006,trial_start,Small,,,,,2025-07-24,monthly,74,0,0,GBP,not_applicable,2025-07-17T14:04:00
se_000047,co_0006,converted,Small,,2025-07-20,2025-07-20,,,monthly,74,200,200,GBP,paid,2025-07-20T16:26:00
se_000048,co_0006,renewal,Small,,2025-08-20,2025-08-20,,,monthly,74,200,200,GBP,paid,2025-08-20T13:30:00
se_000049,co_0006,renewal,Small,,2025-09-20,2025-09-20,,,monthly,74,200,200,GBP,paid,2025-09-20T19:59:00
se_000050,co_0006,renewal,Small,,2025-10-20,2025-10-20,,,monthly,74,200,200,GBP,paid,2025-10-20T12:02:00
se_000051,co_0006,renewal,Small,,2025-11-20,2025-11-20,,,monthly,74,200,200,GBP,paid,2025-11-20T17:44:00
se_000052,co_0006,renewal,Small,,2025-12-20,2025-12-20,,,monthly,74,200,200,GBP,paid,2025-12-20T11:48:00
se_000053,co_0006,renewal,Small,,2026-01-20,2026-01-20,,,monthly,74,200,200,GBP,paid,2026-01-20T15:58:00
se_000054,co_0006,renewal,Small,,2026-02-20,2026-02-20,,,monthly,74,200,200,GBP,paid,2026-02-20T18:57:00
se_000055,co_0006,renewal,Small,,2026-03-20,2026-03-20,,,monthly,74,200,200,GBP,paid,2026-03-20T09:43:00
se_000056,co_0006,renewal,Small,,,2026-04-20,,,monthly,74,200,200,GBP,paid,2026-04-20T12:38:00
se_000057,co_0006,renewal,Small ,,2026-05-20,2026-05-20,,,monthly,74,200,200,GBP,paid,2026-05-20T13:47:00
se_000058,co_0006,renewal,Small,,2026-06-20,2026-06-20,,,monthly,74,200,200,GBP,paid,2026-06-20T08:50:00
se_000059,co_0007,trial_start,SMALL,,,,,2025-09-13,annual,55,0,0,GBP,not_applicable,2025-09-06T13:22:00
se_000060,co_0008,trial_start,Medium,,,,,2026-03-13,annual,175,0,0,GBP,not_applicable,2026-03-06T11:51:00
se_000061,co_0009,trial_start,Medium,,,,,2025-01-16,annual,135,0,0,GBP,not_applicable,2025-01-09T08:28:00
se_000062,co_0009,converted,Medium,,2025-01-13,2025-01-13,,,annual,135,750,9000,GBP,paid,2025-01-13T17:34:00
se_000063,co_0009,renewal,Medium,,2026-01-13,2026-01-13,,,annual,135,750,9000,GBP,paid,2026-01-13T17:23:00
se_000064,co_0010,trial_start,Medium,,,,,2025-01-28,monthly,207,0,0,GBP,not_applicable,2025-01-21T14:07:00
se_000065,co_0010,converted,Medium,,2025-01-29,2025-01-29,,,monthly,207,750,750,GBP,paid,2025-01-29T09:40:00
se_000066,co_0010,renewal,Medium,,2025-02-28,2025-02-28,,,monthly,207,750,750,GBP,paid,2025-02-28T18:47:00
se_000067,co_0010,renewal,Medium,,2025-03-28,2025-03-28,,,monthly,207,750,750,GBP,paid,2025-03-28T14:38:00
se_000068,co_0010,renewal,Medium,,2025-04-28,2025-04-28,,,monthly,207,750,750,GBP,paid,2025-04-28T19:24:00
se_000069,co_0010,renewal,Medium,,2025-05-28,2025-05-28,,,monthly,207,750,750,GBP,paid,2025-05-28T15:41:00
se_000070,co_0010,renewal,Medium,,2025-06-28,2025-06-28,,,monthly,207,750,750,GBP,paid,2025-06-28T08:07:00
se_000071,co_0010,renewal,Medium,,2025-07-28,2025-07-28,,,monthly,207,750,750,GBP,paid,2025-07-28T10:18:00
se_000072,co_0010,renewal,Medium,,2025-08-28,2025-08-28,,,monthly,207,750,750,GBP,paid,2025-08-28T12:07:00
se_000073,co_0010,renewal,Medium,,2025-09-28,2025-09-28,,,monthly,207,750,750,GBP,paid,2025-09-28T15:47:00
se_000074,co_0010,renewal,Medium,,2025-10-28,2025-10-28,,,monthly,207,750,750,GBP,paid,2025-10-28T13:06:00
se_000075,co_0010,renewal,Medium,,2025-11-28,2025-11-28,,,monthly,207,750,750,GBP,paid,2025-11-28T18:36:00
se_000076,co_0010,renewal,Medium,,2025-12-28,2025-12-28,,,monthly,207,750,750,GBP,paid,2025-12-28T12:34:00
se_000077,co_0010,renewal,Medium,,2026-01-28,2026-01-28,,,monthly,207,750,750,GBP,paid,2026-01-28T17:01:00
se_000078,co_0010,renewal,Medium,,2026-02-28,2026-02-28,,,monthly,207,750,750,GBP,paid,2026-02-28T15:20:00
se_000079,co_0010,renewal,Medium,,2026-03-28,2026-03-28,,,monthly,207,750,750,GBP,paid,2026-03-28T11:16:00
se_000080,co_0010,renewal,Medium,,2026-04-28,2026-04-28,,,monthly,207,750,750,GBP,paid,2026-04-28T17:21:00
se_000081,co_0010,renewal,Medium,,2026-05-28,2026-05-28,,,monthly,207,750,750,GBP,paid,2026-05-28T15:47:00
se_000082,co_0010,renewal,Medium,,2026-06-28,2026-06-28,,,monthly,207,750,750,GBP,paid,2026-06-28T10:39:00
se_000083,co_0011,trial_start,Small,,,,,2026-05-20,annual,18,0,0,GBP,not_applicable,2026-05-13T08:44:00
se_000084,co_0011,converted,Small,,2026-05-23,2026-05-23,,,annual,18,200,2400,GBP,paid,2026-05-23T11:33:00
se_000085,co_0012,trial_start,Small,,,,,2025-07-01,monthly,50,0,0,GBP,not_applicable,2025-06-24T13:31:00
se_000086,co_0012,converted,Small,,2025-07-02,2025-07-02,,,monthly,50,200,200,GBP,paid,2025-07-02T16:23:00
se_000087,co_0012,renewal,Small,,2025-08-02,2025-08-02,,,monthly,50,200,200,GBP,paid,2025-08-02T08:26:00
se_000088,co_0012,renewal,Small,,2025-09-23,2025-09-02,,,monthly,50,200,200,GBP,paid,2025-09-02T19:17:00
se_000089,co_0012,renewal,Small,,2025-10-02,2025-10-02,,,monthly,50,200,200,GBP,paid,2025-10-02T09:43:00
se_000090,co_0012,renewal,Small,,2025-11-02,2025-11-02,,,monthly,50,200,200,GBP,paid,2025-11-02T13:20:00
se_000091,co_0012,renewal,Small,,2025-12-02,2025-12-02,,,monthly,50,200,200,GBP,paid,2025-12-02T11:44:00
se_000092,co_0012,renewal,Small,,2026-01-02,2026-01-02,,,monthly,50,200,200,GBP,paid,2026-01-02T08:05:00
se_000093,co_0012,renewal,Small,,2026-02-02,2026-02-02,,,monthly,50,200,200,GBP,paid,2026-02-02T17:27:00
se_000094,co_0012,renewal,Small,,2026-03-02,2026-03-02,,,monthly,50,200,200,GBP,paid,2026-03-02T16:50:00
se_000095,co_0012,renewal,Small,,2026-04-02,2026-04-02,,,monthly,50,200,200,GBP,paid,2026-04-02T11:32:00
se_000096,co_0012,renewal,Small,,2026-05-02,2026-05-02,,,monthly,50,200,200,GBP,paid,2026-05-02T15:26:00
se_000097,co_0012,renewal,Small,,2026-06-02,2026-06-02,,,monthly,50,200,200,GBP,paid,2026-06-02T19:16:00
se_000098,co_0013,trial_start,Large,,,,,2024-07-09,annual,911,0,0,GBP,not_applicable,2024-07-02T10:27:00
se_000099,co_0014,trial_start,Medium,,,,,2024-05-29,annual,148,0,0,GBP,not_applicable,2024-05-22T19:52:00
se_000100,co_0014,converted,Medium,,2024-05-25,2024-05-25,,,annual,148,750,9000,GBP,paid,2024-05-25T18:56:00
se_000101,co_0014,payment_failed,Medium,,2025-05-25,2025-05-25,,,annual,148,750,750,GBP,failed,2025-05-25T16:11:00
se_000102,co_0014,payment_recovered,Medium,,2025-05-27,2025-05-27,,,annual,148,750,9000,GBP,paid,2025-05-27T19:41:00
se_000103,co_0014,renewal,Medium,,2026-05-25,2026-05-25,,,annual,148,750,9000,GBP,paid,2026-05-25T19:07:00
se_000104,co_0015,trial_start,Small,,,,,2024-08-15,monthly,107,0,0,GBP,not_applicable,2024-08-08T14:42:00
se_000105,co_0015,converted,Small,,2024-08-10,2024-08-10,,,monthly,107,200,200,GBP,paid,2024-08-10T11:43:00
se_000106,co_0015,renewal,Small,,2024-09-10,2024-09-10,,,monthly,107,200,200,GBP,paid,2024-09-10T12:46:00
se_000107,co_0015,renewal,Small,,2024-10-10,2024-10-10,,,monthly,107,200,200,GBP,paid,2024-10-10T11:52:00
se_000108,co_0015,renewal,Small,,2024-11-10,2024-11-10,,,monthly,107,200,200,GBP,paid,2024-11-10T15:39:00
se_000109,co_0015,renewal,Small,,2024-12-10,2024-12-10,,,monthly,107,200,200,GBP,paid,2024-12-10T12:36:00
se_000110,co_0015,renewal,Small,,2025-01-10,2025-01-10,,,monthly,107,200,200,GBP,paid,2025-01-10T15:10:00
se_000111,co_0015,renewal,Small,,2025-02-10,2025-02-10,,,monthly,107,200,200,GBP,paid,2025-02-10T08:46:00
se_000112,co_0015,renewal,Small,,2025-03-10,2025-03-10,,,monthly,107,200,200,GBP,paid,2025-03-10T15:28:00
se_000113,co_0015,renewal,Small,,2025-04-10,2025-04-10,,,monthly,107,200,200,GBP,paid,2025-04-10T14:59:00
se_000114,co_0015,renewal,Small,,2025-05-10,2025-05-10,,,monthly,107,200,200,GBP,paid,2025-05-10T08:29:00
se_000115,co_0015,renewal,Small ,,2025-06-10,2025-06-10,,,monthly,107,200,200,GBP,paid,2025-06-10T19:55:00
se_000116,co_0015,renewal,Small,,2025-07-10,2025-07-10,,,monthly,107,200,200,GBP,paid,2025-07-10T16:09:00
se_000117,co_0015,renewal,Small,,2025-08-10,2025-08-10,,,monthly,107,200,200,GBP,paid,2025-08-10T16:08:00
se_000118,co_0015,renewal,Small,,2025-09-10,2025-09-10,,,monthly,107,200,200,GBP,paid,2025-09-10T12:05:00
se_000119,co_0015,renewal,Small,,2025-10-10,2025-10-10,,,monthly,107,200,200,GBP,paid,2025-10-10T19:34:00
se_000120,co_0015,renewal,Small,,2025-11-10,2025-11-10,,,monthly,107,200,200,GBP,paid,2025-11-10T09:19:00
se_000121,co_0015,renewal,Small,,2025-12-10,2025-12-10,,,monthly,107,200,200,GBP,paid,2025-12-10T12:33:00
se_000122,co_0015,renewal,Small,,2026-01-10,2026-01-10,,,monthly,107,200,200,GBP,paid,2026-01-10T10:17:00
se_000123,co_0015,renewal,Small,,2026-02-10,2026-02-10,,,monthly,107,200,200,GBP,paid,2026-02-10T10:07:00
se_000124,co_0015,renewal,Small,,2026-03-10,2026-03-10,,,monthly,107,200,200,GBP,paid,2026-03-10T14:36:00
se_000125,co_0015,renewal,Small,,2026-04-10,2026-04-10,,,monthly,107,200,200,GBP,paid,2026-04-10T14:03:00
se_000126,co_0015,renewal,Small,,2026-05-10,2026-05-10,,,monthly,107,200,200,GBP,paid,2026-05-10T16:36:00
se_000127,co_0015,renewal,Small,,2026-06-10,2026-06-10,,,monthly,107,200,200,GBP,paid,2026-06-10T15:55:00
se_000128,co_0016,trial_start,Medium,,,,,2025-09-30,annual,245,0,0,GBP,not_applicable,2025-09-23T14:18:00
se_000129,co_0016,converted,Medium,,2025-09-28,2025-09-28,,,annual,245,750,9000,GBP,paid,2025-09-28T15:22:00
se_000130,co_0017,trial_start,Medium,,,,,2023-11-24,monthly,181,0,0,GBP,not_applicable,2023-11-17T11:17:00
se_000131,co_0018,trial_start,Medium,,,,,2024-03-28,monthly,272,0,0,GBP,not_applicable,2024-03-21T09:39:00
se_000132,co_0018,converted,Medium,,2024-03-24,2024-03-24,,,monthly,272,750,750,GBP,paid,2024-03-24T15:11:00
se_000133,co_0018,renewal,Medium,,2024-04-24,2024-04-24,,,monthly,272,750,750,GBP,paid,2024-04-24T09:19:00
se_000134,co_0018,renewal,Medium,,2024-05-24,2024-05-24,,,monthly,272,750,750,GBP,paid,2024-05-24T18:24:00
se_000135,co_0018,renewal,Medium,,2024-06-24,2024-06-24,,,monthly,272,750,750,GBP,paid,2024-06-24T13:15:00
se_000136,co_0018,renewal,Medium,,2024-07-24,2024-07-24,,,monthly,272,750,750,GBP,paid,2024-07-24T08:06:00
se_000137,co_0018,renewal,Medium,,2024-08-24,2024-08-24,,,monthly,272,750,750,GBP,paid,2024-08-24T09:28:00
se_000138,co_0018,payment_failed,Medium,,2024-09-24,2024-09-24,,,monthly,272,750,750,GBP,failed,2024-09-24T16:29:00
se_000139,co_0018,renewal,Medium,,2024-10-24,2024-10-24,,,monthly,272,750,750,GBP,paid,2024-10-24T17:38:00
se_000140,co_0018,renewal,Medium,,2024-11-24,2024-11-24,,,monthly,272,750,750,GBP,paid,2024-11-24T08:41:00
se_000141,co_0018,renewal,Medium,,2024-12-24,2024-12-24,,,monthly,272,750,750,GBP,paid,2024-12-24T13:14:00
se_000142,co_0018,renewal,Medium,,2025-01-24,2025-01-24,,,monthly,272,750,750,GBP,paid,2025-01-24T09:26:00
se_000143,co_0018,renewal,Medium,,2025-02-24,2025-02-24,,,monthly,272,750,750,GBP,paid,2025-02-24T17:14:00
se_000144,co_0018,renewal,Medium,,,2025-03-24,,,monthly,272,750,750,GBP,paid,2025-03-24T17:23:00
se_000145,co_0018,renewal,Medium,,2025-05-14,2025-04-24,,,monthly,272,750,750,GBP,paid,2025-04-24T18:38:00
se_000146,co_0018,renewal,Medium,,2025-05-24,2025-05-24,,,monthly,272,750,750,GBP,paid,2025-05-24T10:36:00
se_000147,co_0018,renewal,Medium,,2025-06-24,2025-06-24,,,monthly,272,750,750,GBP,paid,2025-06-24T14:59:00
se_000148,co_0018,renewal,Medium,,2025-07-24,2025-07-24,,,monthly,272,750,750,GBP,paid,2025-07-24T19:13:00
se_000149,co_0018,renewal,Medium,,2025-08-24,2025-08-24,,,monthly,272,750,750,GBP,paid,2025-08-24T15:19:00
se_000150,co_0018,renewal,Medium,,2025-09-24,2025-09-24,,,monthly,272,750,750,GBP,paid,2025-09-24T19:15:00
se_000151,co_0018,renewal,Medium,,2025-10-24,2025-10-24,,,monthly,272,750,750,GBP,paid,2025-10-24T13:47:00
se_000152,co_0018,renewal,Medium,,2025-11-24,2025-11-24,,,monthly,272,750,750,GBP,paid,2025-11-24T16:45:00
se_000153,co_0018,renewal,Medium,,2025-12-24,2025-12-24,,,monthly,272,750,750,GBP,paid,2025-12-24T13:10:00
se_000154,co_0018,renewal,Medium,,2026-01-24,2026-01-24,,,monthly,272,750,750,GBP,paid,2026-01-24T14:24:00
se_000155,co_0018,renewal,Medium,,2026-02-24,2026-02-24,,,monthly,272,750,750,GBP,paid,2026-02-24T18:36:00
se_000156,co_0018,renewal,Medium,,2026-03-24,2026-03-24,,,monthly,272,750,750,GBP,paid,2026-03-24T08:58:00
se_000157,co_0018,renewal,Medium,,2026-04-24,2026-04-24,,,monthly,272,750,750,GBP,paid,2026-04-24T10:39:00
se_000158,co_0018,renewal,Medium,,2026-05-24,2026-05-24,,,monthly,272,750,750,GBP,paid,2026-05-24T19:28:00
se_000159,co_0018,renewal,Medium,,2026-06-24,2026-06-24,,,monthly,272,750,750,GBP,paid,2026-06-24T15:36:00
se_000160,co_0019,trial_start,Medium,,,,,2025-01-24,monthly,224,0,0,GBP,not_applicable,2025-01-17T17:10:00
se_000161,co_0020,trial_start,Medium,,,,,2023-09-27,monthly,232,0,0,GBP,not_applicable,2023-09-20T14:24:00
se_000162,co_0021,trial_start,Medium,,,,,2025-07-18,monthly,269,0,0,GBP,not_applicable,2025-07-11T08:07:00
se_000163,co_0021,converted,Medium,,2025-07-13,2025-07-13,,,monthly,269,750,750,GBP,paid,2025-07-13T09:36:00
se_000164,co_0021,renewal,Medium,,2025-08-13,2025-08-13,,,monthly,269,750,750,GBP,paid,2025-08-13T12:25:00
se_000165,co_0021,renewal,Medium,,2025-09-13,2025-09-13,,,monthly,269,750,750,GBP,paid,2025-09-13T19:57:00
se_000166,co_0021,renewal,Medium,,2025-10-13,2025-10-13,,,monthly,269,750,750,GBP,paid,2025-10-13T19:26:00
se_000167,co_0021,renewal,Medium,,2025-11-13,2025-11-13,,,monthly,269,750,750,GBP,paid,2025-11-13T17:10:00
se_000168,co_0021,payment_failed,Medium,,2025-12-13,2025-12-13,,,monthly,269,750,750,GBP,failed,2025-12-13T10:25:00
se_000169,co_0021,payment_recovered,Medium,,2025-12-25,2025-12-25,,,monthly,269,750,750,GBP,paid,2025-12-25T15:05:00
se_000170,co_0021,cancellation_scheduled,Medium,,,2025-11-16,,,monthly,269,750,750,GBP,not_applicable,2025-11-16T13:07:00
se_000171,co_0021,voluntary_churn,Medium,,,2025-12-30,2025-12-30,,monthly,269,750,0,GBP,not_applicable,2025-12-30T15:59:00
se_000172,co_0022,trial_start,Small,,,,,2024-11-01,monthly,69,0,0,GBP,not_applicable,2024-10-25T14:45:00
se_000173,co_0022,converted,Small,,2024-10-30,2024-10-30,,,monthly,69,200,200,GBP,paid,2024-10-30T19:43:00
se_000174,co_0022,renewal,Small,,2024-11-30,2024-11-30,,,monthly,69,200,200,GBP,paid,2024-11-30T18:07:00
se_000175,co_0022,renewal,Small,,2024-12-30,2024-12-30,,,monthly,69,200,200,GBP,paid,2024-12-30T19:51:00
se_000176,co_0022,renewal,Small,,2025-02-06,2025-01-30,,,monthly,69,200,200,GBP,paid,2025-01-30T15:01:00
se_000177,co_0022,renewal,Small,,2025-03-11,2025-02-28,,,monthly,69,200,200,GBP,paid,2025-02-28T18:07:00
se_000178,co_0022,renewal,Small,,2025-03-28,2025-03-28,,,monthly,69,200,200,GBP,paid,2025-03-28T19:40:00
se_000179,co_0022,renewal,Small,,2025-04-28,2025-04-28,,,monthly,69,200,200,GBP,paid,2025-04-28T12:38:00
se_000180,co_0022,renewal,Small,,2025-05-28,2025-05-28,,,monthly,69,200,200,GBP,paid,2025-05-28T17:40:00
se_000181,co_0022,renewal,Small,,2025-06-28,2025-06-28,,,monthly,69,200,200,GBP,paid,2025-06-28T09:00:00
se_000182,co_0022,renewal,Small,,2025-07-28,2025-07-28,,,monthly,69,200,200,GBP,paid,2025-07-28T12:13:00
se_000183,co_0022,renewal,Small,,2025-08-28,2025-08-28,,,monthly,69,200,200,GBP,paid,2025-08-28T10:02:00
se_000184,co_0022,renewal,Small,,2025-09-28,2025-09-28,,,monthly,69,200,200,GBP,paid,2025-09-28T12:48:00
se_000185,co_0022,renewal,Small,,2025-10-28,2025-10-28,,,monthly,69,200,200,GBP,paid,2025-10-28T11:41:00
se_000186,co_0022,renewal,Small,,2025-11-28,2025-11-28,,,monthly,69,200,200,GBP,paid,2025-11-28T17:17:00
se_000187,co_0022,renewal,Small,,2025-12-28,2025-12-28,,,monthly,69,200,200,GBP,paid,2025-12-28T08:05:00
se_000188,co_0022,renewal,Small,,2026-01-28,2026-01-28,,,monthly,69,200,200,GBP,paid,2026-01-28T18:41:00
se_000189,co_0022,renewal,Small,,2026-02-28,2026-02-28,,,monthly,69,200,200,GBP,paid,2026-02-28T10:35:00
se_000190,co_0022,renewal,Small,,,2026-03-28,,,monthly,69,200,200,GBP,paid,2026-03-28T09:50:00
se_000191,co_0022,renewal,Small,,2026-04-28,2026-04-28,,,monthly,69,200,200,GBP,paid,2026-04-28T16:53:00
se_000192,co_0022,renewal,Small,,2026-05-28,2026-05-28,,,monthly,69,200,200,GBP,paid,2026-05-28T13:55:00
se_000193,co_0022,renewal,Small,,2026-06-28,2026-06-28,,,monthly,69,200,200,GBP,paid,2026-06-28T10:56:00
se_000194,co_0023,trial_start,Medium,,,,,2025-12-08,annual,243,0,0,GBP,not_applicable,2025-12-01T17:15:00
se_000195,co_0023,converted,Medium,,2025-12-06,2025-12-06,,,annual,243,750,9000,GBP,paid,2025-12-06T08:27:00
se_000196,co_0024,trial_start,Medium,,,,,2024-05-15,monthly,155,0,0,GBP,not_applicable,2024-05-08T15:42:00
se_000197,co_0025,trial_start,Medium,,,,,2025-08-26,annual,232,0,0,GBP,not_applicable,2025-08-19T13:12:00
se_000198,co_0026,trial_start,Small,,,,,2025-11-12,monthly,48,0,0,GBP,not_applicable,2025-11-05T09:58:00
se_000199,co_0026,converted,Small,,2025-11-13,2025-11-13,,,monthly,48,200,200,GBP,paid,2025-11-13T13:34:00
se_000200,co_0026,renewal,Small,,2025-12-13,2025-12-13,,,monthly,48,200,200,GBP,paid,2025-12-13T13:22:00
se_000201,co_0026,renewal,Small,,2026-01-13,2026-01-13,,,monthly,48,200,200,GBP,paid,2026-01-13T08:24:00
se_000202,co_0026,renewal,Small,,2026-02-25,2026-02-13,,,monthly,48,200,200,GBP,paid,2026-02-13T09:06:00
se_000203,co_0026,renewal,Small,,2026-03-13,2026-03-13,,,monthly,48,200,200,GBP,paid,2026-03-13T19:49:00
se_000204,co_0026,renewal,Small,,2026-04-24,2026-04-13,,,monthly,48,200,200,GBP,paid,2026-04-13T16:54:00
se_000205,co_0026,renewal,Small,,2026-05-13,2026-05-13,,,monthly,48,200,200,GBP,paid,2026-05-13T18:12:00
se_000206,co_0026,renewal,Small,,2026-06-20,2026-06-13,,,monthly,48,200,200,GBP,paid,2026-06-13T11:31:00
se_000207,co_0027,trial_start,Medium,,,,,2025-03-09,monthly,207,0,0,GBP,not_applicable,2025-03-02T09:30:00
se_000208,co_0027,converted,Medium,,2025-03-10,2025-03-10,,,monthly,207,750,750,GBP,paid,2025-03-10T16:52:00
se_000209,co_0027,renewal,Medium,,2025-04-10,2025-04-10,,,monthly,207,750,750,GBP,paid,2025-04-10T17:37:00
se_000210,co_0027,payment_failed,Medium,,2025-05-10,2025-05-10,,,monthly,207,750,750,GBP,failed,2025-05-10T10:23:00
se_000211,co_0027,payment_recovered,Medium,,2025-05-13,2025-05-13,,,monthly,207,750,750,GBP,paid,2025-05-13T17:15:00
se_000212,co_0027,renewal,Medium,,2025-06-10,2025-06-10,,,monthly,207,750,750,GBP,paid,2025-06-10T13:01:00
se_000213,co_0027,renewal,Medium,,2025-07-10,2025-07-10,,,monthly,207,750,750,GBP,paid,2025-07-10T16:34:00
se_000214,co_0027,renewal,Medium,,2025-08-10,2025-08-10,,,monthly,207,750,750,GBP,paid,2025-08-10T19:54:00
se_000215,co_0027,renewal,Medium,,2025-09-10,2025-09-10,,,monthly,207,750,750,GBP,paid,2025-09-10T11:25:00
se_000216,co_0027,renewal,Medium,,2025-10-10,2025-10-10,,,monthly,207,750,750,GBP,paid,2025-10-10T16:39:00
se_000217,co_0027,renewal,Medium,,2025-11-25,2025-11-10,,,monthly,207,750,750,GBP,paid,2025-11-10T15:02:00
se_000218,co_0027,renewal,Medium,,2025-12-10,2025-12-10,,,monthly,207,750,750,GBP,paid,2025-12-10T09:09:00
se_000219,co_0027,renewal,Medium,,2026-01-10,2026-01-10,,,monthly,207,750,750,GBP,paid,2026-01-10T13:22:00
se_000220,co_0027,renewal,Medium,,2026-02-10,2026-02-10,,,monthly,207,750,750,GBP,paid,2026-02-10T15:08:00
se_000221,co_0027,renewal,Medium,,2026-03-10,2026-03-10,,,monthly,207,750,750,GBP,paid,2026-03-10T19:11:00
se_000222,co_0027,renewal,Medium,,2026-04-10,2026-04-10,,,monthly,207,750,750,GBP,paid,2026-04-10T10:50:00
se_000223,co_0027,renewal,Medium,,2026-05-10,2026-05-10,,,monthly,207,750,750,GBP,paid,2026-05-10T08:03:00
se_000224,co_0027,renewal,Medium,,2026-06-10,2026-06-10,,,monthly,207,750,750,GBP,paid,2026-06-10T09:05:00
se_000225,co_0028,trial_start,Medium,,,,,2025-05-22,monthly,150,0,0,GBP,not_applicable,2025-05-15T19:03:00
se_000226,co_0029,trial_start,Small,,,,,2026-04-22,monthly,84,0,0,GBP,not_applicable,2026-04-15T15:44:00
se_000227,co_0029,converted,Small,,2026-04-22,2026-04-22,,,monthly,84,200,200,GBP,paid,2026-04-22T15:40:00
se_000228,co_0029,renewal,Small,,2026-05-22,2026-05-22,,,monthly,84,200,200,GBP,paid,2026-05-22T16:37:00
se_000229,co_0029,renewal,Small,,2026-06-22,2026-06-22,,,monthly,84,200,200,GBP,paid,2026-06-22T15:35:00
se_000230,co_0030,trial_start,Medium,,,,,2025-01-04,annual,526,0,0,GBP,not_applicable,2024-12-28T10:56:00
se_000231,co_0030,converted,Medium,,2025-01-03,2025-01-03,,,annual,526,750,9000,GBP,paid,2025-01-03T17:24:00
se_000232,co_0030,renewal,Medium,,2026-01-03,2026-01-03,,,annual,526,750,9000,GBP,paid,2026-01-03T17:18:00
se_000233,co_0031,trial_start,Medium,,,,,2023-12-06,annual,178,0,0,GBP,not_applicable,2023-11-29T12:59:00
se_000234,co_0032,trial_start,Medium,,,,,2024-01-25,monthly,205,0,0,GBP,not_applicable,2024-01-18T19:17:00
se_000235,co_0033,trial_start,Small,,,,,2026-03-21,monthly,85,0,0,GBP,not_applicable,2026-03-14T08:10:00
se_000236,co_0033,converted,Small,,2026-03-21,2026-03-21,,,monthly,85,200,200,GBP,paid,2026-03-21T11:07:00
se_000237,co_0033,renewal,Small,,2026-04-21,2026-04-21,,,monthly,85,200,200,GBP,paid,2026-04-21T15:00:00
se_000238,co_0033,renewal,Small,,2026-05-21,2026-05-21,,,monthly,85,200,200,GBP,paid,2026-05-21T19:13:00
se_000239,co_0033,renewal,Small,,2026-06-21,2026-06-21,,,monthly,85,200,200,GBP,paid,2026-06-21T19:09:00
se_000240,co_0034,trial_start,Small,,,,,2024-07-02,monthly,45,0,0,GBP,not_applicable,2024-06-25T12:43:00
se_000241,co_0034,converted,Small,,2024-07-04,2024-07-04,,,monthly,45,200,200,GBP,paid,2024-07-04T16:32:00
se_000242,co_0034,renewal,Small,,2024-08-04,2024-08-04,,,monthly,45,200,200,GBP,paid,2024-08-04T10:56:00
se_000243,co_0034,renewal,Small,,2024-09-04,2024-09-04,,,monthly,45,200,200,GBP,paid,2024-09-04T08:10:00
se_000244,co_0034,renewal,Small,,2024-10-04,2024-10-04,,,monthly,45,200,200,GBP,paid,2024-10-04T08:10:00
se_000245,co_0034,renewal,Small,,,2024-11-04,,,monthly,45,200,200,GBP,paid,2024-11-04T19:51:00
se_000246,co_0034,renewal,Small,,2024-12-04,2024-12-04,,,monthly,45,200,200,GBP,paid,2024-12-04T09:06:00
se_000247,co_0034,payment_failed,Small,,2025-01-04,2025-01-04,,,monthly,45,200,200,GBP,failed,2025-01-04T10:09:00
se_000248,co_0034,renewal,Small,,2025-02-04,2025-02-04,,,monthly,45,200,200,GBP,paid,2025-02-04T11:07:00
se_000249,co_0034,renewal,Small,,2025-03-04,2025-03-04,,,monthly,45,200,200,GBP,paid,2025-03-04T10:57:00
se_000250,co_0034,renewal,Small,,2025-04-04,2025-04-04,,,monthly,45,200,200,GBP,paid,2025-04-04T16:07:00
se_000251,co_0034,renewal,Small,,2025-05-04,2025-05-04,,,monthly,45,200,200,GBP,paid,2025-05-04T11:27:00
se_000252,co_0034,renewal,Small,,2025-06-04,2025-06-04,,,monthly,45,200,200,GBP,paid,2025-06-04T17:57:00
se_000253,co_0034,renewal,small,,2025-07-04,2025-07-04,,,monthly,45,200,200,GBP,paid,2025-07-04T14:27:00
se_000254,co_0034,renewal,Small,,2025-08-04,2025-08-04,,,monthly,45,200,200,GBP,paid,2025-08-04T08:09:00
se_000255,co_0034,renewal,Small,,2025-09-04,2025-09-04,,,monthly,45,200,200,GBP,paid,2025-09-04T09:23:00
se_000256,co_0034,renewal,Small,,2025-10-04,2025-10-04,,,monthly,45,200,200,GBP,paid,2025-10-04T17:00:00
se_000257,co_0034,renewal,Small,,2025-11-04,2025-11-04,,,monthly,45,200,200,GBP,paid,2025-11-04T14:44:00
se_000258,co_0034,renewal,Small,,2025-12-04,2025-12-04,,,monthly,45,200,200,GBP,paid,2025-12-04T08:23:00
se_000259,co_0034,renewal,Small,,2026-01-04,2026-01-04,,,monthly,45,200,200,GBP,paid,2026-01-04T16:09:00
se_000260,co_0034,renewal,Small,,2026-02-04,2026-02-04,,,monthly,45,200,200,GBP,paid,2026-02-04T15:13:00
se_000261,co_0034,renewal,Small,,2026-03-04,2026-03-04,,,monthly,45,200,200,GBP,paid,2026-03-04T15:32:00
se_000262,co_0034,renewal,Small,,2026-04-04,2026-04-04,,,monthly,45,200,200,GBP,paid,2026-04-04T14:42:00
se_000263,co_0034,renewal,Small,,2026-05-04,2026-05-04,,,monthly,45,200,200,GBP,paid,2026-05-04T08:56:00
se_000264,co_0034,renewal,Small,,2026-06-04,2026-06-04,,,monthly,45,200,200,GBP,paid,2026-06-04T14:36:00
se_000265,co_0035,trial_start,Large,,,,,2025-10-15,annual,1078,0,0,GBP,not_applicable,2025-10-08T13:40:00
se_000266,co_0035,converted,Large,,2025-10-11,2025-10-11,,,annual,1078,1500,18000,GBP,paid,2025-10-11T19:03:00
se_000267,co_0036,trial_start,Medium,,,,,2024-04-20,annual,167,0,0,GBP,not_applicable,2024-04-13T08:28:00
se_000268,co_0036,converted,Medium,,2024-04-19,2024-04-19,,,annual,167,750,9000,GBP,paid,2024-04-19T13:39:00
se_000269,co_0036,renewal,Medium,,2025-04-19,2025-04-19,,,annual,167,750,9000,GBP,paid,2025-04-19T08:56:00
se_000270,co_0036,renewal,Medium,,2026-04-19,2026-04-19,,,annual,167,750,9000,GBP,paid,2026-04-19T14:10:00
se_000271,co_0037,trial_start,Small,,,,,2024-08-13,monthly,23,0,0,GBP,not_applicable,2024-08-06T14:48:00
se_000272,co_0038,trial_start,Medium,,,,,2023-11-03,annual,142,0,0,GBP,not_applicable,2023-10-27T19:14:00
se_000273,co_0038,converted,Medium,,2023-10-31,2023-10-31,,,annual,142,750,9000,GBP,paid,2023-10-31T13:52:00
se_000274,co_0038,renewal,Medium,,2024-10-31,2024-10-31,,,annual,142,750,9000,GBP,paid,2024-10-31T17:31:00
se_000275,co_0038,renewal,Medium,,2025-10-31,2025-10-31,,,annual,142,750,9000,GBP,paid,2025-10-31T14:05:00
se_000276,co_0039,trial_start,Small,,,,,2024-04-23,annual,34,0,0,GBP,not_applicable,2024-04-16T15:14:00
se_000277,co_0039,converted,Small,,2024-04-19,2024-04-19,,,annual,34,200,2400,GBP,paid,2024-04-19T11:46:00
se_000278,co_0039,renewal,Small,,2025-04-24,2025-04-19,,,annual,34,200,2400,GBP,paid,2025-04-19T11:23:00
se_000279,co_0039,renewal,Small,,2026-04-19,2026-04-19,,,annual,34,200,2400,GBP,paid,2026-04-19T11:21:00
se_000280,co_0040,trial_start,Small,,,,,2024-05-02,monthly,43,0,0,GBP,not_applicable,2024-04-25T10:26:00
se_000281,co_0040,converted,Small,,2024-05-05,2024-05-05,,,monthly,43,200,200,GBP,paid,2024-05-05T12:42:00
se_000282,co_0040,renewal,Small,,2024-06-05,2024-06-05,,,monthly,43,200,200,GBP,paid,2024-06-05T13:11:00
se_000283,co_0040,renewal,Small,,2024-07-10,2024-07-05,,,monthly,43,200,200,GBP,paid,2024-07-05T18:42:00
se_000284,co_0040,renewal,Small,,2024-08-05,2024-08-05,,,monthly,43,200,200,GBP,paid,2024-08-05T13:21:00
se_000285,co_0040,renewal,Small,,2024-09-05,2024-09-05,,,monthly,43,200,200,GBP,paid,2024-09-05T18:22:00
se_000286,co_0040,renewal,Small,,2024-10-05,2024-10-05,,,monthly,43,200,200,GBP,paid,2024-10-05T18:19:00
se_000287,co_0040,renewal,Small,,2024-11-05,2024-11-05,,,monthly,43,200,200,GBP,paid,2024-11-05T11:06:00
se_000288,co_0040,renewal,Small,,2024-12-05,2024-12-05,,,monthly,43,200,200,GBP,paid,2024-12-05T12:31:00
se_000289,co_0040,renewal,Small,,2025-01-05,2025-01-05,,,monthly,43,200,200,GBP,paid,2025-01-05T15:47:00
se_000290,co_0040,renewal,Small,,2025-02-05,2025-02-05,,,monthly,43,200,200,GBP,paid,2025-02-05T11:05:00
se_000291,co_0040,renewal,Small,,2025-03-05,2025-03-05,,,monthly,43,200,200,GBP,paid,2025-03-05T18:03:00
se_000292,co_0040,renewal,Small,,2025-04-05,2025-04-05,,,monthly,43,200,200,GBP,paid,2025-04-05T18:54:00
se_000293,co_0040,renewal,Small,,2025-05-05,2025-05-05,,,monthly,43,200,200,GBP,paid,2025-05-05T16:22:00
se_000294,co_0040,renewal,Small,,2025-06-05,2025-06-05,,,monthly,43,200,200,GBP,paid,2025-06-05T11:00:00
se_000295,co_0040,renewal,Small,,2025-07-05,2025-07-05,,,monthly,43,200,200,GBP,paid,2025-07-05T14:49:00
se_000296,co_0040,renewal,Small,,2025-08-05,2025-08-05,,,monthly,43,200,200,GBP,paid,2025-08-05T17:30:00
se_000297,co_0040,renewal,Small,,2025-09-05,2025-09-05,,,monthly,43,200,200,GBP,paid,2025-09-05T14:11:00
se_000298,co_0040,payment_failed,Small,,2025-10-05,2025-10-05,,,monthly,43,200,200,GBP,failed,2025-10-05T18:37:00
se_000299,co_0040,payment_recovered,Small,,2025-10-20,2025-10-20,,,monthly,43,200,200,GBP,paid,2025-10-20T15:13:00
se_000300,co_0040,renewal,Small,,2025-11-05,2025-11-05,,,monthly,43,200,200,GBP,paid,2025-11-05T16:21:00
se_000301,co_0040,renewal,Small,,2025-12-05,2025-12-05,,,monthly,43,200,200,GBP,paid,2025-12-05T16:53:00
se_000302,co_0040,renewal,Small,,2026-01-05,2026-01-05,,,monthly,43,200,200,GBP,paid,2026-01-05T16:43:00
se_000303,co_0040,renewal,Small,,2026-02-05,2026-02-05,,,monthly,43,200,200,GBP,paid,2026-02-05T11:16:00
se_000304,co_0040,renewal,Small,,2026-03-05,2026-03-05,,,monthly,43,200,200,GBP,paid,2026-03-05T18:42:00
se_000305,co_0040,renewal,Small,,2026-04-05,2026-04-05,,,monthly,43,200,200,GBP,paid,2026-04-05T16:01:00
se_000306,co_0040,renewal,Small,,2026-05-05,2026-05-05,,,monthly,43,200,200,GBP,paid,2026-05-05T16:45:00
se_000307,co_0040,renewal,Small,,2026-06-05,2026-06-05,,,monthly,43,200,200,GBP,paid,2026-06-05T10:41:00
se_000308,co_0041,trial_start,Medium,,,,,2025-12-09,annual,248,0,0,GBP,not_applicable,2025-12-02T17:27:00
se_000309,co_0041,converted,Medium,,2025-12-07,2025-12-07,,,annual,248,750,9000,GBP,paid,2025-12-07T13:42:00
se_000310,co_0042,trial_start,Medium,,,,,2024-01-19,monthly,202,0,0,GBP,not_applicable,2024-01-12T18:34:00
se_000311,co_0042,converted,Medium,,2024-01-21,2024-01-21,,,monthly,202,750,750,GBP,paid,2024-01-21T19:21:00
se_000312,co_0042,renewal,Medium,,2024-02-21,2024-02-21,,,monthly,202,750,750,GBP,paid,2024-02-21T15:31:00
se_000313,co_0042,renewal,Medium,,2024-03-21,2024-03-21,,,monthly,202,750,750,GBP,paid,2024-03-21T11:22:00
se_000314,co_0042,renewal,Medium,,2024-04-21,2024-04-21,,,monthly,202,750,750,GBP,paid,2024-04-21T12:35:00
se_000315,co_0042,renewal,Medium,,2024-05-21,2024-05-21,,,monthly,202,750,750,GBP,paid,2024-05-21T16:59:00
se_000316,co_0042,renewal,Medium,,2024-06-21,2024-06-21,,,monthly,202,750,750,GBP,paid,2024-06-21T16:12:00
se_000317,co_0042,renewal,Medium,,2024-07-21,2024-07-21,,,monthly,202,750,750,GBP,paid,2024-07-21T11:19:00
se_000318,co_0042,renewal,Medium,,2024-08-21,2024-08-21,,,monthly,202,750,750,GBP,paid,2024-08-21T12:22:00
se_000319,co_0042,renewal,Medium,,2024-09-21,2024-09-21,,,monthly,202,750,750,GBP,paid,2024-09-21T13:53:00
se_000320,co_0042,renewal,Medium,,2024-10-21,2024-10-21,,,monthly,202,750,750,GBP,paid,2024-10-21T11:13:00
se_000321,co_0042,renewal,Medium,,2024-11-21,2024-11-21,,,monthly,202,750,750,GBP,paid,2024-11-21T15:43:00
se_000322,co_0042,renewal,Medium,,2024-12-21,2024-12-21,,,monthly,202,750,750,GBP,paid,2024-12-21T14:36:00
se_000323,co_0042,renewal,Medium,,2025-01-21,2025-01-21,,,monthly,202,750,750,GBP,paid,2025-01-21T11:08:00
se_000324,co_0042,renewal,Medium,,2025-02-21,2025-02-21,,,monthly,202,750,750,GBP,paid,2025-02-21T16:34:00
se_000325,co_0042,renewal,Medium,,2025-03-21,2025-03-21,,,monthly,202,750,750,GBP,paid,2025-03-21T19:21:00
se_000326,co_0042,renewal,Medium,,2025-04-21,2025-04-21,,,monthly,202,750,750,GBP,paid,2025-04-21T13:38:00
se_000327,co_0042,renewal,Medium,,2025-05-21,2025-05-21,,,monthly,202,750,750,GBP,paid,2025-05-21T09:22:00
se_000328,co_0042,renewal,Medium,,2025-06-21,2025-06-21,,,monthly,202,750,750,GBP,paid,2025-06-21T12:23:00
se_000329,co_0042,payment_failed,Medium,,2025-07-21,2025-07-21,,,monthly,202,750,750,GBP,failed,2025-07-21T09:43:00
se_000330,co_0042,payment_recovered,Medium,,2025-08-06,2025-08-06,,,monthly,202,750,750,GBP,paid,2025-08-06T09:23:00
se_000331,co_0042,renewal,Medium,,,2025-08-21,,,monthly,202,750,750,GBP,paid,2025-08-21T14:00:00
se_000332,co_0042,renewal,Medium,,2025-10-11,2025-09-21,,,monthly,202,750,750,GBP,paid,2025-09-21T16:49:00
se_000333,co_0042,renewal,Medium,,2025-10-21,2025-10-21,,,monthly,202,750,750,GBP,paid,2025-10-21T18:48:00
se_000334,co_0042,renewal,Medium,,2025-11-21,2025-11-21,,,monthly,202,750,750,GBP,paid,2025-11-21T15:52:00
se_000335,co_0042,renewal,Medium,,2025-12-21,2025-12-21,,,monthly,202,750,750,GBP,paid,2025-12-21T13:24:00
se_000336,co_0042,renewal,Medium,,2026-01-21,2026-01-21,,,monthly,202,750,750,GBP,paid,2026-01-21T09:37:00
se_000337,co_0042,renewal,Medium,,2026-02-24,2026-02-21,,,monthly,202,750,750,GBP,paid,2026-02-21T09:10:00
se_000338,co_0042,renewal,Medium,,2026-03-21,2026-03-21,,,monthly,202,750,750,GBP,paid,2026-03-21T10:24:00
se_000339,co_0042,renewal,Medium,,2026-04-21,2026-04-21,,,monthly,202,750,750,GBP,paid,2026-04-21T10:44:00
se_000340,co_0042,renewal,Medium,,2026-05-21,2026-05-21,,,monthly,202,750,750,GBP,paid,2026-05-21T14:34:00
se_000341,co_0042,renewal,Medium,,2026-06-21,2026-06-21,,,monthly,202,750,750,GBP,paid,2026-06-21T15:25:00
se_000342,co_0043,trial_start,Medium,,,,,2025-09-27,annual,162,0,0,GBP,not_applicable,2025-09-20T09:45:00
se_000343,co_0043,converted,Medium,,2025-09-22,2025-09-22,,,annual,162,750,9000,GBP,paid,2025-09-22T11:56:00
se_000344,co_0044,trial_start,Small,,,,,2023-11-03,annual,121,0,0,GBP,not_applicable,2023-10-27T09:45:00
se_000345,co_0044,converted,Small,,2023-10-29,2023-10-29,,,annual,121,200,2400,GBP,paid,2023-10-29T08:38:00
se_000346,co_0044,delinquent_churn,Small,,,2024-07-25,2024-07-25,,annual,121,200,0,GBP,not_applicable,2024-07-25T12:04:00
se_000347,co_0045,trial_start,Small,,,,,2025-03-08,monthly,82,0,0,GBP,not_applicable,2025-03-01T10:29:00
se_000348,co_0045,converted,Small,,2025-03-06,2025-03-06,,,monthly,82,200,200,GBP,paid,2025-03-06T18:22:00
se_000349,co_0045,renewal,Small,,2025-04-06,2025-04-06,,,monthly,82,200,200,GBP,paid,2025-04-06T13:53:00
se_000350,co_0045,cancellation_scheduled,Small,,,2025-04-13,,,monthly,82,200,200,GBP,not_applicable,2025-04-13T16:49:00
se_000351,co_0045,voluntary_churn,Small,,,2025-05-05,2025-05-05,,monthly,82,200,0,GBP,not_applicable,2025-05-05T11:58:00
se_000352,co_0046,trial_start,Small,,,,,2023-10-24,annual,35,0,0,GBP,not_applicable,2023-10-17T14:12:00
se_000353,co_0046,converted,Small,,2023-10-22,2023-10-22,,,annual,35,200,2400,GBP,paid,2023-10-22T17:42:00
se_000354,co_0046,renewal,Small,,2024-10-22,2024-10-22,,,annual,35,200,2400,GBP,paid,2024-10-22T12:56:00
se_000355,co_0046,renewal,Small,,2025-10-22,2025-10-22,,,annual,35,200,2400,GBP,paid,2025-10-22T18:11:00
se_000356,co_0047,trial_start,Medium,,,,,2025-11-01,monthly,300,0,0,GBP,not_applicable,2025-10-25T18:06:00
se_000357,co_0048,trial_start,Medium,,,,,2025-06-03,annual,325,0,0,GBP,not_applicable,2025-05-27T08:11:00
se_000358,co_0049,trial_start,Medium,,,,,2025-11-14,monthly,584,0,0,GBP,not_applicable,2025-11-07T12:57:00
se_000359,co_0049,converted,Medium,,2025-11-15,2025-11-15,,,monthly,584,750,750,GBP,paid,2025-11-15T18:24:00
se_000360,co_0049,renewal,Medium,,2025-12-15,2025-12-15,,,monthly,584,750,750,GBP,paid,2025-12-15T13:21:00
se_000361,co_0049,renewal,Medium,,2026-01-15,2026-01-15,,,monthly,584,750,750,GBP,paid,2026-01-15T14:34:00
se_000362,co_0049,renewal,Medium,,,2026-02-15,,,monthly,584,750,750,GBP,paid,2026-02-15T15:14:00
se_000363,co_0049,renewal,Medium,,2026-03-15,2026-03-15,,,monthly,584,750,750,GBP,paid,2026-03-15T18:00:00
se_000364,co_0049,renewal,Medium,,2026-04-15,2026-04-15,,,monthly,584,750,750,GBP,paid,2026-04-15T08:33:00
se_000365,co_0049,renewal,Medium,,2026-05-15,2026-05-15,,,monthly,584,750,750,GBP,paid,2026-05-15T10:43:00
se_000366,co_0049,renewal,Medium,,2026-06-15,2026-06-15,,,monthly,584,750,750,GBP,paid,2026-06-15T19:06:00
se_000367,co_0050,trial_start,Small,,,,,2026-03-26,monthly,124,0,0,GBP,not_applicable,2026-03-19T16:58:00
se_000368,co_0050,converted,Small,,2026-03-23,2026-03-23,,,monthly,124,200,200,GBP,paid,2026-03-23T14:46:00
se_000369,co_0050,renewal,Small,,2026-04-23,2026-04-23,,,monthly,124,200,200,GBP,paid,2026-04-23T17:53:00
se_000370,co_0050,renewal,Small,,2026-06-12,2026-05-23,,,monthly,124,200,200,GBP,paid,2026-05-23T15:28:00
se_000371,co_0050,renewal,Small,,2026-06-23,2026-06-23,,,monthly,124,200,200,GBP,paid,2026-06-23T19:44:00
se_000372,co_0051,trial_start,Small,,,,,2024-02-07,annual,102,0,0,GBP,not_applicable,2024-01-31T18:48:00
se_000373,co_0051,converted,Small,,2024-02-03,2024-02-03,,,annual,102,200,2400,GBP,paid,2024-02-03T09:34:00
se_000374,co_0051,renewal,Small,,2025-02-03,2025-02-03,,,annual,102,200,2400,GBP,paid,2025-02-03T19:19:00
se_000375,co_0051,renewal,Small,,2026-02-03,2026-02-03,,,annual,102,200,2400,GBP,paid,2026-02-03T10:47:00
se_000376,co_0052,trial_start,Small,,,,,2026-06-06,annual,74,0,0,GBP,not_applicable,2026-05-30T14:12:00
se_000377,co_0052,converted,Small,,2026-06-07,2026-06-07,,,annual,74,200,2400,GBP,paid,2026-06-07T12:38:00
se_000378,co_0053,trial_start,Medium,,,,,2024-08-08,annual,379,0,0,GBP,not_applicable,2024-08-01T13:47:00
se_000379,co_0054,trial_start,Medium,,,,,2023-12-26,annual,308,0,0,GBP,not_applicable,2023-12-19T17:39:00
se_000380,co_0054,converted,Medium,,2023-12-24,2023-12-24,,,annual,308,750,9000,GBP,paid,2023-12-24T11:19:00
se_000381,co_0054,renewal,Medium,,2024-12-24,2024-12-24,,,annual,308,750,9000,GBP,paid,2024-12-24T17:43:00
se_000382,co_0054,renewal,Medium,,2025-12-24,2025-12-24,,,annual,308,750,9000,GBP,paid,2025-12-24T19:48:00
se_000383,co_0055,trial_start,Medium,,,,,2025-02-11,monthly,189,0,0,GBP,not_applicable,2025-02-04T10:57:00
se_000384,co_0055,converted,Medium,,2025-02-14,2025-02-14,,,monthly,189,750,750,GBP,paid,2025-02-14T15:19:00
se_000385,co_0055,renewal,Medium,,2025-03-14,2025-03-14,,,monthly,189,750,750,GBP,paid,2025-03-14T18:34:00
se_000386,co_0055,renewal,Medium,,2025-04-14,2025-04-14,,,monthly,189,750,750,GBP,paid,2025-04-14T15:06:00
se_000387,co_0055,renewal,Medium,,2025-05-14,2025-05-14,,,monthly,189,750,750,GBP,paid,2025-05-14T09:40:00
se_000388,co_0055,renewal,Medium,,2025-06-14,2025-06-14,,,monthly,189,750,750,GBP,paid,2025-06-14T17:46:00
se_000389,co_0055,renewal,Medium,,2025-07-14,2025-07-14,,,monthly,189,750,750,GBP,paid,2025-07-14T17:09:00
se_000390,co_0055,renewal,Medium,,2025-08-14,2025-08-14,,,monthly,189,750,750,GBP,paid,2025-08-14T12:43:00
se_000391,co_0055,renewal,Medium,,2025-09-14,2025-09-14,,,monthly,189,750,750,GBP,paid,2025-09-14T15:18:00
se_000392,co_0055,renewal,Medium,,2025-10-14,2025-10-14,,,monthly,189,750,750,GBP,paid,2025-10-14T13:28:00
se_000393,co_0055,renewal,Medium,,2025-11-14,2025-11-14,,,monthly,189,750,750,GBP,paid,2025-11-14T17:59:00
se_000394,co_0055,renewal,Medium,,2025-12-14,2025-12-14,,,monthly,189,750,750,GBP,paid,2025-12-14T16:34:00
se_000395,co_0055,renewal,Medium,,2026-01-14,2026-01-14,,,monthly,189,750,750,GBP,paid,2026-01-14T08:52:00
se_000396,co_0055,renewal,Medium,,2026-02-14,2026-02-14,,,monthly,189,750,750,GBP,paid,2026-02-14T13:10:00
se_000397,co_0055,renewal,Medium,,2026-03-14,2026-03-14,,,monthly,189,750,750,GBP,paid,2026-03-14T10:41:00
se_000398,co_0055,renewal,Medium,,2026-05-05,2026-04-14,,,monthly,189,750,750,GBP,paid,2026-04-14T17:48:00
se_000399,co_0055,renewal,Medium,,2026-05-14,2026-05-14,,,monthly,189,750,750,GBP,paid,2026-05-14T16:39:00
se_000400,co_0055,renewal,Medium,,2026-06-14,2026-06-14,,,monthly,189,750,750,GBP,paid,2026-06-14T09:32:00
se_000401,co_0056,trial_start,Small,,,,,2023-09-04,monthly,31,0,0,GBP,not_applicable,2023-08-28T16:34:00
se_000402,co_0057,trial_start,Small,,,,,2025-01-04,monthly,29,0,0,GBP,not_applicable,2024-12-28T16:21:00
se_000403,co_0058,trial_start,Medium,,,,,2025-09-07,annual,286,0,0,GBP,not_applicable,2025-08-31T13:42:00
se_000404,co_0059,trial_start,SMALL,,,,,2023-10-28,monthly,107,0,0,GBP,not_applicable,2023-10-21T10:05:00
se_000405,co_0059,converted,Small,,2023-10-26,2023-10-26,,,monthly,107,200,200,GBP,paid,2023-10-26T11:19:00
se_000406,co_0059,renewal,Small,,2023-11-26,2023-11-26,,,monthly,107,200,200,GBP,paid,2023-11-26T10:53:00
se_000407,co_0059,renewal,Small,,2023-12-26,2023-12-26,,,monthly,107,200,200,GBP,paid,2023-12-26T19:55:00
se_000408,co_0059,renewal,Small,,2024-01-26,2024-01-26,,,monthly,107,200,200,GBP,paid,2024-01-26T16:31:00
se_000409,co_0059,renewal,Small,,2024-02-26,2024-02-26,,,monthly,107,200,200,GBP,paid,2024-02-26T15:17:00
se_000410,co_0059,renewal,Small,,2024-04-14,2024-03-26,,,monthly,107,200,200,GBP,paid,2024-03-26T13:08:00
se_000411,co_0059,renewal,Small,,2024-04-26,2024-04-26,,,monthly,107,200,200,GBP,paid,2024-04-26T16:46:00
se_000412,co_0059,renewal,Small,,2024-05-26,2024-05-26,,,monthly,107,200,200,GBP,paid,2024-05-26T11:44:00
se_000413,co_0059,renewal,Small,,2024-06-26,2024-06-26,,,monthly,107,200,200,GBP,paid,2024-06-26T16:39:00
se_000414,co_0059,renewal,Small,,2024-07-26,2024-07-26,,,monthly,107,200,200,GBP,paid,2024-07-26T16:58:00
se_000415,co_0059,renewal,Small,,2024-08-26,2024-08-26,,,monthly,107,200,200,GBP,paid,2024-08-26T13:00:00
se_000416,co_0059,renewal,Small,,2024-09-26,2024-09-26,,,monthly,107,200,200,GBP,paid,2024-09-26T17:45:00
se_000417,co_0059,renewal,Small,,2024-10-26,2024-10-26,,,monthly,107,200,200,GBP,paid,2024-10-26T08:23:00
se_000418,co_0059,renewal,Small,,2024-11-26,2024-11-26,,,monthly,107,200,200,GBP,paid,2024-11-26T18:47:00
se_000419,co_0059,renewal,Small,,2024-12-26,2024-12-26,,,monthly,107,200,200,GBP,paid,2024-12-26T08:30:00
se_000420,co_0059,renewal,Small,,2025-01-26,2025-01-26,,,monthly,107,200,200,GBP,paid,2025-01-26T14:38:00
se_000421,co_0059,renewal,Small,,2025-02-26,2025-02-26,,,monthly,107,200,200,GBP,paid,2025-02-26T18:30:00
se_000422,co_0059,renewal,Small,,2025-03-26,2025-03-26,,,monthly,107,200,200,GBP,paid,2025-03-26T18:52:00
se_000423,co_0059,renewal,Small,,2025-04-26,2025-04-26,,,monthly,107,200,200,GBP,paid,2025-04-26T18:41:00
se_000424,co_0059,renewal,Small,,2025-05-26,2025-05-26,,,monthly,107,200,200,GBP,paid,2025-05-26T15:03:00
se_000425,co_0059,renewal,Small,,2025-06-26,2025-06-26,,,monthly,107,200,200,GBP,paid,2025-06-26T14:50:00
se_000426,co_0059,renewal,Small,,2025-07-26,2025-07-26,,,monthly,107,200,200,GBP,paid,2025-07-26T08:43:00
se_000427,co_0059,renewal,Small,,2025-08-26,2025-08-26,,,monthly,107,200,200,GBP,paid,2025-08-26T17:25:00
se_000428,co_0059,renewal,Small,,2025-09-26,2025-09-26,,,monthly,107,200,200,GBP,paid,2025-09-26T12:11:00
se_000429,co_0059,renewal,Small,,2025-10-30,2025-10-26,,,monthly,107,200,200,GBP,paid,2025-10-26T18:07:00
se_000430,co_0059,renewal,Small,,2025-11-26,2025-11-26,,,monthly,107,200,200,GBP,paid,2025-11-26T18:48:00
se_000431,co_0059,renewal,Small,,2025-12-26,2025-12-26,,,monthly,107,200,200,GBP,paid,2025-12-26T14:43:00
se_000432,co_0059,renewal,Small,,2026-01-30,2026-01-26,,,monthly,107,200,200,GBP,paid,2026-01-26T12:05:00
se_000433,co_0059,renewal,Small,,2026-02-26,2026-02-26,,,monthly,107,200,200,GBP,paid,2026-02-26T14:05:00
se_000434,co_0059,renewal,Small,,2026-03-26,2026-03-26,,,monthly,107,200,200,GBP,paid,2026-03-26T15:41:00
se_000435,co_0059,renewal,Small,,2026-04-26,2026-04-26,,,monthly,107,200,200,GBP,paid,2026-04-26T13:50:00
se_000436,co_0059,renewal,Small,,2026-05-26,2026-05-26,,,monthly,107,200,200,GBP,paid,2026-05-26T11:16:00
se_000437,co_0059,renewal,Small,,2026-06-26,2026-06-26,,,monthly,107,200,200,GBP,paid,2026-06-26T10:15:00
se_000438,co_0060,trial_start,Medium,,,,,2023-12-06,monthly,344,0,0,GBP,not_applicable,2023-11-29T11:58:00
se_000439,co_0060,converted,Medium,,2023-12-08,2023-12-08,,,monthly,344,750,750,GBP,paid,2023-12-08T11:55:00
se_000440,co_0060,renewal,Medium,,2024-01-19,2024-01-08,,,monthly,344,750,750,GBP,paid,2024-01-08T16:24:00
se_000441,co_0060,renewal,Medium,,2024-02-08,2024-02-08,,,monthly,344,750,750,GBP,paid,2024-02-08T09:36:00
se_000442,co_0060,renewal,Medium,,2024-03-08,2024-03-08,,,monthly,344,750,750,GBP,paid,2024-03-08T13:40:00
se_000443,co_0060,renewal,Medium,,2024-04-08,2024-04-08,,,monthly,344,750,750,GBP,paid,2024-04-08T18:28:00
se_000444,co_0060,renewal,Medium,,2024-05-08,2024-05-08,,,monthly,344,750,750,GBP,paid,2024-05-08T12:38:00
se_000445,co_0060,renewal,Medium,,2024-06-08,2024-06-08,,,monthly,344,750,750,GBP,paid,2024-06-08T14:11:00
se_000446,co_0060,renewal,Medium,,2024-07-08,2024-07-08,,,monthly,344,750,750,GBP,paid,2024-07-08T08:20:00
se_000447,co_0060,renewal,Medium,,2024-08-08,2024-08-08,,,monthly,344,750,750,GBP,paid,2024-08-08T09:32:00
se_000448,co_0060,renewal,Medium,,2024-09-08,2024-09-08,,,monthly,344,750,750,GBP,paid,2024-09-08T13:18:00
se_000449,co_0060,renewal,Medium,,2024-10-08,2024-10-08,,,monthly,344,750,750,GBP,paid,2024-10-08T13:19:00
se_000450,co_0060,renewal,Medium,,2024-11-08,2024-11-08,,,monthly,344,750,750,GBP,paid,2024-11-08T10:28:00
se_000451,co_0060,renewal,Medium,,2024-12-08,2024-12-08,,,monthly,344,750,750,GBP,paid,2024-12-08T18:53:00
se_000452,co_0060,renewal,Medium,,2025-01-08,2025-01-08,,,monthly,344,750,750,GBP,paid,2025-01-08T09:11:00
se_000453,co_0060,upgrade,Large,Medium,2025-01-23,2025-01-23,,,monthly,344,1500,1500,GBP,paid,2025-01-23T15:24:00
se_000454,co_0060,renewal,Large,,2025-02-08,2025-02-08,,,monthly,344,1500,1500,GBP,paid,2025-02-08T08:13:00
se_000455,co_0060,renewal,Large,,2025-03-08,2025-03-08,,,monthly,344,1500,1500,GBP,paid,2025-03-08T13:36:00
se_000456,co_0060,renewal,Large,,2025-04-08,2025-04-08,,,monthly,344,1500,1500,GBP,paid,2025-04-08T18:18:00
se_000457,co_0060,renewal,Large,,2025-05-08,2025-05-08,,,monthly,344,1500,1500,GBP,paid,2025-05-08T10:07:00
se_000458,co_0060,renewal,LARGE,,2025-06-08,2025-06-08,,,monthly,344,1500,1500,GBP,paid,2025-06-08T08:17:00
se_000459,co_0060,renewal,Large,,,2025-07-08,,,monthly,344,1500,1500,GBP,paid,2025-07-08T09:36:00
se_000460,co_0060,renewal,Large,,2025-08-08,2025-08-08,,,monthly,344,1500,1500,GBP,paid,2025-08-08T10:43:00
se_000461,co_0060,renewal,Large,,2025-09-08,2025-09-08,,,monthly,344,1500,1500,GBP,paid,2025-09-08T11:33:00
se_000462,co_0060,renewal,Large,,2025-10-08,2025-10-08,,,monthly,344,1500,1500,GBP,paid,2025-10-08T16:29:00
se_000463,co_0060,renewal,Large,,2025-11-08,2025-11-08,,,monthly,344,1500,1500,GBP,paid,2025-11-08T15:55:00
se_000464,co_0060,payment_failed,Large,,2025-12-08,2025-12-08,,,monthly,344,1500,1500,GBP,failed,2025-12-08T12:26:00
se_000465,co_0060,payment_recovered,Large,,2025-12-16,2025-12-16,,,monthly,344,1500,1500,GBP,paid,2025-12-16T08:33:00
se_000466,co_0060,renewal,Large,,2026-01-08,2026-01-08,,,monthly,344,1500,1500,GBP,paid,2026-01-08T13:40:00
se_000467,co_0060,renewal,Large,,2026-02-08,2026-02-08,,,monthly,344,1500,1500,GBP,paid,2026-02-08T15:17:00
se_000468,co_0060,renewal,Large,,2026-03-08,2026-03-08,,,monthly,344,1500,1500,GBP,paid,2026-03-08T11:07:00
se_000469,co_0060,renewal,Large,,2026-04-08,2026-04-08,,,monthly,344,1500,1500,GBP,paid,2026-04-08T08:40:00
se_000470,co_0060,renewal,Large,,2026-05-08,2026-05-08,,,monthly,344,1500,1500,GBP,paid,2026-05-08T19:31:00
se_000471,co_0060,renewal,Large,,2026-06-08,2026-06-08,,,monthly,344,1500,1500,GBP,paid,2026-06-08T18:48:00
se_000472,co_0061,trial_start,Small,,,,,2024-03-23,annual,89,0,0,GBP,not_applicable,2024-03-16T09:39:00
se_000473,co_0061,converted,Small,,2024-03-20,2024-03-20,,,annual,89,200,2400,GBP,paid,2024-03-20T18:49:00
se_000474,co_0061,renewal,Small,,2025-03-20,2025-03-20,,,annual,89,200,2400,GBP,paid,2025-03-20T15:22:00
se_000475,co_0061,renewal,Small,,2026-03-20,2026-03-20,,,annual,89,200,2400,GBP,paid,2026-03-20T18:51:00
se_000476,co_0062,trial_start,Small,,,,,2024-09-20,annual,60,0,0,GBP,not_applicable,2024-09-13T19:20:00
se_000477,co_0062,converted,Small,,2024-09-20,2024-09-20,,,annual,60,200,2400,GBP,paid,2024-09-20T11:26:00
se_000478,co_0062,renewal,Small,,2025-09-20,2025-09-20,,,annual,60,200,2400,GBP,paid,2025-09-20T09:52:00
se_000479,co_0063,trial_start,Bespoke,,,,,2023-09-07,annual,1228,0,0,GBP,not_applicable,2023-08-31T14:21:00
se_000480,co_0063,converted,Bespoke,,2023-09-02,2023-09-02,,,annual,1228,2030,24360,GBP,paid,2023-09-02T10:01:00
se_000481,co_0063,renewal,Bespoke,,2024-09-02,2024-09-02,,,annual,1228,2010,24120,GBP,paid,2024-09-02T13:17:00
se_000482,co_0063,renewal,Bespoke,,2025-09-02,2025-09-02,,,annual,1228,2000,24000,GBP,paid,2025-09-02T15:30:00
se_000483,co_0064,trial_start,Medium,,,,,2024-02-19,annual,113,0,0,GBP,not_applicable,2024-02-12T19:33:00
se_000484,co_0064,converted,Medium,,2024-02-16,2024-02-16,,,annual,113,750,9000,GBP,paid,2024-02-16T17:13:00
se_000485,co_0064,renewal,Medium,,2025-02-16,2025-02-16,,,annual,113,750,9000,GBP,paid,2025-02-16T12:19:00
se_000486,co_0064,renewal,Medium,,2026-02-16,2026-02-16,,,annual,113,750,9000,GBP,paid,2026-02-16T10:11:00
se_000487,co_0064,downgrade,Small,Medium,2026-02-21,2026-02-21,,,annual,113,200,2400,GBP,paid,2026-02-21T08:27:00
se_000488,co_0065,trial_start,Small,,,,,2024-04-22,monthly,58,0,0,GBP,not_applicable,2024-04-15T12:25:00
se_000489,co_0065,converted,Small,,2024-04-20,2024-04-20,,,monthly,58,200,200,GBP,paid,2024-04-20T12:01:00
se_000490,co_0065,renewal,Small,,2024-05-20,2024-05-20,,,monthly,58,200,200,GBP,paid,2024-05-20T15:34:00
se_000491,co_0065,renewal,Small,,2024-06-20,2024-06-20,,,monthly,58,200,200,GBP,paid,2024-06-20T18:13:00
se_000492,co_0065,renewal,Small,,2024-07-20,2024-07-20,,,monthly,58,200,200,GBP,paid,2024-07-20T12:26:00
se_000493,co_0065,renewal,Small,,2024-08-20,2024-08-20,,,monthly,58,200,200,GBP,paid,2024-08-20T08:03:00
se_000494,co_0065,renewal,Small,,2024-09-20,2024-09-20,,,monthly,58,200,200,GBP,paid,2024-09-20T15:34:00
se_000495,co_0065,renewal,Small,,2024-10-20,2024-10-20,,,monthly,58,200,200,GBP,paid,2024-10-20T08:13:00
se_000496,co_0065,renewal,Small,,2024-11-20,2024-11-20,,,monthly,58,200,200,GBP,paid,2024-11-20T19:22:00
se_000497,co_0065,renewal,Small,,2024-12-20,2024-12-20,,,monthly,58,200,200,GBP,paid,2024-12-20T08:11:00
se_000498,co_0065,renewal,Small,,2025-01-20,2025-01-20,,,monthly,58,200,200,GBP,paid,2025-01-20T17:55:00
se_000499,co_0065,renewal,Small,,2025-02-20,2025-02-20,,,monthly,58,200,200,GBP,paid,2025-02-20T09:02:00
se_000500,co_0065,renewal,Small,,2025-03-24,2025-03-20,,,monthly,58,200,200,GBP,paid,2025-03-20T12:59:00
se_000501,co_0065,renewal,Small,,2025-04-20,2025-04-20,,,monthly,58,200,200,GBP,paid,2025-04-20T08:28:00
se_000502,co_0065,renewal,Small,,2025-05-20,2025-05-20,,,monthly,58,200,200,GBP,paid,2025-05-20T09:10:00
se_000503,co_0065,renewal,Small,,2025-06-20,2025-06-20,,,monthly,58,200,200,GBP,paid,2025-06-20T13:40:00
se_000504,co_0065,renewal,Small,,2025-07-20,2025-07-20,,,monthly,58,200,200,GBP,paid,2025-07-20T11:41:00
se_000505,co_0065,renewal,Small,,2025-08-20,2025-08-20,,,monthly,58,200,200,GBP,paid,2025-08-20T16:12:00
se_000506,co_0065,renewal,Small,,2025-09-20,2025-09-20,,,monthly,58,200,200,GBP,paid,2025-09-20T13:50:00
se_000507,co_0065,renewal,Small,,2025-10-24,2025-10-20,,,monthly,58,200,200,GBP,paid,2025-10-20T13:13:00
se_000508,co_0065,renewal,Small,,2025-11-26,2025-11-20,,,monthly,58,200,200,GBP,paid,2025-11-20T15:53:00
se_000509,co_0065,renewal,Small,,2025-12-20,2025-12-20,,,monthly,58,200,200,GBP,paid,2025-12-20T10:11:00
se_000510,co_0065,renewal,Small,,2026-01-20,2026-01-20,,,monthly,58,200,200,GBP,paid,2026-01-20T15:49:00
se_000511,co_0065,renewal,Small,,2026-02-26,2026-02-20,,,monthly,58,200,200,GBP,paid,2026-02-20T14:20:00
se_000512,co_0065,renewal,Small,,2026-03-20,2026-03-20,,,monthly,58,200,200,GBP,paid,2026-03-20T15:25:00
se_000513,co_0065,renewal,Small,,2026-05-11,2026-04-20,,,monthly,58,200,200,GBP,paid,2026-04-20T08:45:00
se_000514,co_0065,renewal,Small,,2026-05-20,2026-05-20,,,monthly,58,200,200,GBP,paid,2026-05-20T15:46:00
se_000515,co_0065,renewal,Small,,2026-06-20,2026-06-20,,,monthly,58,200,200,GBP,paid,2026-06-20T08:52:00
se_000516,co_0066,trial_start,Medium,,,,,2025-04-13,annual,108,0,0,GBP,not_applicable,2025-04-06T14:04:00
se_000517,co_0067,trial_start,Small,,,,,2023-08-15,monthly,56,0,0,GBP,not_applicable,2023-08-08T17:52:00
se_000518,co_0068,trial_start,Medium,,,,,2024-11-23,annual,156,0,0,GBP,not_applicable,2024-11-16T10:30:00
se_000519,co_0068,converted,Medium,,2024-11-21,2024-11-21,,,annual,156,750,9000,GBP,paid,2024-11-21T11:57:00
se_000520,co_0068,renewal,Medium,,2025-11-21,2025-11-21,,,annual,156,750,9000,GBP,paid,2025-11-21T14:51:00
se_000521,co_0069,trial_start,Medium,,,,,2026-04-14,annual,181,0,0,GBP,not_applicable,2026-04-07T12:28:00
se_000522,co_0069,converted,Medium,,2026-04-14,2026-04-14,,,annual,181,750,9000,GBP,paid,2026-04-14T19:51:00
se_000523,co_0070,trial_start,Small,,,,,2025-01-05,monthly,84,0,0,GBP,not_applicable,2024-12-29T08:06:00
se_000524,co_0071,trial_start,Medium,,,,,2024-04-19,monthly,432,0,0,GBP,not_applicable,2024-04-12T18:36:00
se_000525,co_0072,trial_start,Small,,,,,2024-06-01,monthly,21,0,0,GBP,not_applicable,2024-05-25T10:06:00
se_000526,co_0073,trial_start,Small,,,,,2026-03-30,monthly,115,0,0,GBP,not_applicable,2026-03-23T10:24:00
se_000527,co_0073,converted,Small,,2026-03-26,2026-03-26,,,monthly,115,200,200,GBP,paid,2026-03-26T13:16:00
se_000528,co_0073,renewal,Small,,2026-04-26,2026-04-26,,,monthly,115,200,200,GBP,paid,2026-04-26T09:45:00
se_000529,co_0073,renewal,Small,,2026-05-26,2026-05-26,,,monthly,115,200,200,GBP,paid,2026-05-26T15:45:00
se_000530,co_0073,renewal,Small,,2026-06-26,2026-06-26,,,monthly,115,200,200,GBP,paid,2026-06-26T13:57:00
se_000531,co_0074,trial_start,Small,,,,,2024-10-09,annual,21,0,0,GBP,not_applicable,2024-10-02T13:50:00
se_000532,co_0074,converted,Small,,2024-10-05,2024-10-05,,,annual,21,200,2400,GBP,paid,2024-10-05T15:25:00
se_000533,co_0074,renewal,Small,,2025-10-05,2025-10-05,,,annual,21,200,2400,GBP,paid,2025-10-05T09:46:00
se_000534,co_0075,trial_start,Medium,,,,,2026-01-02,monthly,120,0,0,GBP,not_applicable,2025-12-26T18:52:00
se_000535,co_0075,converted,Medium,,2025-12-31,2025-12-31,,,monthly,120,750,750,GBP,paid,2025-12-31T10:59:00
se_000536,co_0075,renewal,Medium,,2026-01-31,2026-01-31,,,monthly,120,750,750,GBP,paid,2026-01-31T15:11:00
se_000537,co_0075,renewal,Medium,,2026-02-28,2026-02-28,,,monthly,120,750,750,GBP,paid,2026-02-28T19:30:00
se_000538,co_0075,renewal,Medium,,2026-03-28,2026-03-28,,,monthly,120,750,750,GBP,paid,2026-03-28T16:14:00
se_000539,co_0075,renewal,Medium,,2026-04-28,2026-04-28,,,monthly,120,750,750,GBP,paid,2026-04-28T16:22:00
se_000540,co_0075,renewal,Medium,,2026-05-28,2026-05-28,,,monthly,120,750,750,GBP,paid,2026-05-28T08:17:00
se_000541,co_0075,renewal,Medium,,2026-06-28,2026-06-28,,,monthly,120,750,750,GBP,paid,2026-06-28T08:31:00
se_000542,co_0076,trial_start,Small,,,,,2024-03-05,annual,61,0,0,GBP,not_applicable,2024-02-27T13:19:00
se_000543,co_0077,trial_start,Medium,,,,,2024-05-23,monthly,138,0,0,GBP,not_applicable,2024-05-16T12:39:00
se_000544,co_0078,trial_start,Medium,,,,,2025-01-26,annual,183,0,0,GBP,not_applicable,2025-01-19T10:19:00
se_000545,co_0078,converted,Medium,,2025-01-26,2025-01-26,,,annual,183,750,9000,GBP,paid,2025-01-26T14:31:00
se_000546,co_0078,renewal,Medium,,2026-01-26,2026-01-26,,,annual,183,750,9000,GBP,paid,2026-01-26T14:09:00
se_000547,co_0079,trial_start,Small,,,,,2026-04-12,annual,100,0,0,GBP,not_applicable,2026-04-05T19:13:00
se_000548,co_0079,converted,Small,,2026-04-13,2026-04-13,,,annual,100,200,2400,GBP,paid,2026-04-13T09:48:00
se_000549,co_0080,trial_start,Medium,,,,,2026-02-09,monthly,274,0,0,GBP,not_applicable,2026-02-02T13:59:00
se_000550,co_0081,trial_start,Medium,,,,,2025-02-18,monthly,301,0,0,GBP,not_applicable,2025-02-11T08:47:00
se_000551,co_0081,converted,Medium,,2025-02-13,2025-02-13,,,monthly,301,750,750,GBP,paid,2025-02-13T18:45:00
se_000552,co_0081,renewal,Medium,,2025-03-13,2025-03-13,,,monthly,301,750,750,GBP,paid,2025-03-13T18:33:00
se_000553,co_0081,renewal,Medium,,2025-04-13,2025-04-13,,,monthly,301,750,750,GBP,paid,2025-04-13T12:54:00
se_000554,co_0081,renewal,Medium,,2025-05-13,2025-05-13,,,monthly,301,750,750,GBP,paid,2025-05-13T09:34:00
se_000555,co_0081,renewal,Medium,,2025-06-13,2025-06-13,,,monthly,301,750,750,GBP,paid,2025-06-13T14:57:00
se_000556,co_0081,renewal,Medium,,2025-07-13,2025-07-13,,,monthly,301,750,750,GBP,paid,2025-07-13T19:54:00
se_000557,co_0081,renewal,Medium,,2025-08-13,2025-08-13,,,monthly,301,750,750,GBP,paid,2025-08-13T19:38:00
se_000558,co_0081,renewal,Medium,,2025-09-13,2025-09-13,,,monthly,301,750,750,GBP,paid,2025-09-13T16:20:00
se_000559,co_0081,downgrade,Small,Medium,2025-09-18,2025-09-18,,,monthly,301,200,200,GBP,paid,2025-09-18T08:55:00
se_000560,co_0081,renewal,Small,,2025-10-13,2025-10-13,,,monthly,301,200,200,GBP,paid,2025-10-13T17:51:00
se_000561,co_0081,renewal,Small,,2025-11-13,2025-11-13,,,monthly,301,200,200,GBP,paid,2025-11-13T16:48:00
se_000562,co_0081,renewal,Small,,2025-12-13,2025-12-13,,,monthly,301,200,200,GBP,paid,2025-12-13T17:19:00
se_000563,co_0081,renewal,Small,,2026-01-13,2026-01-13,,,monthly,301,200,200,GBP,paid,2026-01-13T10:06:00
se_000564,co_0081,renewal,Small,,2026-02-13,2026-02-13,,,monthly,301,200,200,GBP,paid,2026-02-13T18:02:00
se_000565,co_0081,renewal,Small,,2026-03-26,2026-03-13,,,monthly,301,200,200,GBP,paid,2026-03-13T14:05:00
se_000566,co_0081,renewal,Small,,2026-04-13,2026-04-13,,,monthly,301,200,200,GBP,paid,2026-04-13T17:24:00
se_000567,co_0081,renewal,Small,,2026-05-21,2026-05-13,,,monthly,301,200,200,GBP,paid,2026-05-13T12:53:00
se_000568,co_0081,renewal,Small,,2026-06-13,2026-06-13,,,monthly,301,200,200,GBP,paid,2026-06-13T13:20:00
se_000569,co_0082,trial_start,Small,,,,,2024-04-24,annual,92,0,0,GBP,not_applicable,2024-04-17T18:41:00
se_000570,co_0082,converted,Small,,2024-04-22,2024-04-22,,,annual,92,200,2400,GBP,paid,2024-04-22T13:50:00
se_000571,co_0082,renewal,Small,,2025-04-22,2025-04-22,,,annual,92,200,2400,GBP,paid,2025-04-22T09:46:00
se_000572,co_0082,renewal,Small,,2026-04-22,2026-04-22,,,annual,92,200,2400,GBP,paid,2026-04-22T13:51:00
se_000573,co_0083,trial_start,Small,,,,,2026-01-14,annual,42,0,0,GBP,not_applicable,2026-01-07T15:21:00
se_000574,co_0084,trial_start,Small,,,,,2023-08-08,annual,59,0,0,GBP,not_applicable,2023-08-01T08:43:00
se_000575,co_0084,converted,Small,,2023-08-05,2023-08-05,,,annual,59,200,2400,GBP,paid,2023-08-05T09:39:00
se_000576,co_0084,renewal,Small,,2024-08-05,2024-08-05,,,annual,59,200,2400,GBP,paid,2024-08-05T12:13:00
se_000577,co_0084,renewal,Small,,2025-08-05,2025-08-05,,,annual,59,200,2400,GBP,paid,2025-08-05T09:53:00
se_000578,co_0085,trial_start,Small,,,,,2026-06-03,annual,73,0,0,GBP,not_applicable,2026-05-27T08:49:00
se_000579,co_0085,converted,Small,,2026-05-30,2026-05-30,,,annual,73,200,2400,GBP,paid,2026-05-30T13:34:00
se_000580,co_0086,trial_start,Small,,,,,2025-07-09,monthly,99,0,0,GBP,not_applicable,2025-07-02T16:26:00
se_000581,co_0086,converted,Small,,2025-07-12,2025-07-12,,,monthly,99,200,200,GBP,paid,2025-07-12T18:00:00
se_000582,co_0086,renewal,Small,,2025-08-12,2025-08-12,,,monthly,99,200,200,GBP,paid,2025-08-12T16:29:00
se_000583,co_0086,renewal,Small,,2025-09-30,2025-09-12,,,monthly,99,200,200,GBP,paid,2025-09-12T16:10:00
se_000584,co_0086,renewal,Small,,2025-10-12,2025-10-12,,,monthly,99,200,200,GBP,paid,2025-10-12T08:54:00
se_000585,co_0086,renewal,Small,,2025-11-12,2025-11-12,,,monthly,99,200,200,GBP,paid,2025-11-12T15:41:00
se_000586,co_0086,renewal,Small,,2025-12-12,2025-12-12,,,monthly,99,200,200,GBP,paid,2025-12-12T08:16:00
se_000587,co_0086,renewal,Small,,2026-01-12,2026-01-12,,,monthly,99,200,200,GBP,paid,2026-01-12T10:58:00
se_000588,co_0086,renewal,Small,,2026-02-12,2026-02-12,,,monthly,99,200,200,GBP,paid,2026-02-12T10:35:00
se_000589,co_0086,renewal,Small,,2026-03-12,2026-03-12,,,monthly,99,200,200,GBP,paid,2026-03-12T09:44:00
se_000590,co_0086,renewal,Small,,2026-04-12,2026-04-12,,,monthly,99,200,200,GBP,paid,2026-04-12T11:02:00
se_000591,co_0086,renewal,Small,,2026-05-12,2026-05-12,,,monthly,99,200,200,GBP,paid,2026-05-12T15:15:00
se_000592,co_0086,renewal,Small,,2026-06-12,2026-06-12,,,monthly,99,200,200,GBP,paid,2026-06-12T17:57:00
se_000593,co_0087,trial_start,Medium,,,,,2025-06-15,annual,162,0,0,GBP,not_applicable,2025-06-08T15:56:00
se_000594,co_0087,converted,Medium,,2025-06-14,2025-06-14,,,annual,162,750,9000,GBP,paid,2025-06-14T19:13:00
se_000595,co_0087,renewal,Medium,,2026-06-14,2026-06-14,,,annual,162,750,9000,GBP,paid,2026-06-14T09:20:00
se_000596,co_0088,trial_start,Medium,,,,,2025-10-12,annual,271,0,0,GBP,not_applicable,2025-10-05T08:57:00
se_000597,co_0088,converted,Medium,,2025-10-12,2025-10-12,,,annual,271,750,9000,GBP,paid,2025-10-12T12:14:00
se_000598,co_0089,trial_start,Small,,,,,2025-01-26,monthly,18,0,0,GBP,not_applicable,2025-01-19T10:06:00
se_000599,co_0090,trial_start,Small,,,,,2024-09-29,annual,31,0,0,GBP,not_applicable,2024-09-22T13:58:00
se_000600,co_0091,trial_start,Medium,,,,,2024-03-10,annual,363,0,0,GBP,not_applicable,2024-03-03T11:00:00
se_000601,co_0091,converted,Medium,,2024-03-06,2024-03-06,,,annual,363,750,9000,GBP,paid,2024-03-06T13:26:00
se_000602,co_0091,renewal,Medium,,2025-03-06,2025-03-06,,,annual,363,750,9000,GBP,paid,2025-03-06T18:48:00
se_000603,co_0091,renewal,Medium,,2026-03-06,2026-03-06,,,annual,363,750,9000,GBP,paid,2026-03-06T16:21:00
se_000604,co_0092,trial_start,Small,,,,,2026-05-12,monthly,58,0,0,GBP,not_applicable,2026-05-05T18:43:00
se_000605,co_0093,trial_start,Small,,,,,2026-02-21,monthly,84,0,0,GBP,not_applicable,2026-02-14T16:50:00
se_000606,co_0093,converted,Small,,2026-02-18,2026-02-18,,,monthly,84,200,200,GBP,paid,2026-02-18T09:03:00
se_000607,co_0093,renewal,Small,,2026-03-18,2026-03-18,,,monthly,84,200,200,GBP,paid,2026-03-18T18:54:00
se_000608,co_0093,renewal,Small,,2026-04-18,2026-04-18,,,monthly,84,200,200,GBP,paid,2026-04-18T12:15:00
se_000609,co_0093,renewal,Small,,2026-05-18,2026-05-18,,,monthly,84,200,200,GBP,paid,2026-05-18T11:22:00
se_000610,co_0093,renewal,Small,,2026-06-18,2026-06-18,,,monthly,84,200,200,GBP,paid,2026-06-18T14:27:00
se_000611,co_0094,trial_start,Small,,,,,2025-12-09,monthly,18,0,0,GBP,not_applicable,2025-12-02T10:25:00
se_000612,co_0095,trial_start,Small,,,,,2025-03-28,monthly,33,0,0,GBP,not_applicable,2025-03-21T13:58:00
se_000613,co_0096,trial_start,Medium,,,,,2024-03-17,monthly,136,0,0,GBP,not_applicable,2024-03-10T14:18:00
se_000614,co_0096,converted,Medium,,2024-03-15,2024-03-15,,,monthly,136,750,750,GBP,paid,2024-03-15T11:41:00
se_000615,co_0096,renewal,Medium,,2024-04-21,2024-04-15,,,monthly,136,750,750,GBP,paid,2024-04-15T17:32:00
se_000616,co_0096,renewal,Medium,,2024-05-15,2024-05-15,,,monthly,136,750,750,GBP,paid,2024-05-15T14:43:00
se_000617,co_0096,renewal,Medium,,2024-06-15,2024-06-15,,,monthly,136,750,750,GBP,paid,2024-06-15T13:47:00
se_000618,co_0096,renewal,Medium,,2024-07-15,2024-07-15,,,monthly,136,750,750,GBP,paid,2024-07-15T14:34:00
se_000619,co_0096,renewal,Medium,,2024-08-15,2024-08-15,,,monthly,136,750,750,GBP,paid,2024-08-15T14:51:00
se_000620,co_0096,renewal,Medium,,2024-09-15,2024-09-15,,,monthly,136,750,750,GBP,paid,2024-09-15T10:00:00
se_000621,co_0096,upgrade,Large,Medium,2024-10-05,2024-10-05,,,monthly,136,1500,1500,GBP,paid,2024-10-05T08:52:00
se_000622,co_0096,renewal,Large,,2024-10-15,2024-10-15,,,monthly,136,1500,1500,GBP,paid,2024-10-15T11:49:00
se_000623,co_0096,renewal,Large,,2024-11-15,2024-11-15,,,monthly,136,1500,1500,GBP,paid,2024-11-15T17:42:00
se_000624,co_0096,renewal,Large,,2024-12-15,2024-12-15,,,monthly,136,1500,1500,GBP,paid,2024-12-15T10:58:00
se_000625,co_0096,renewal,Large,,2025-01-15,2025-01-15,,,monthly,136,1500,1500,GBP,paid,2025-01-15T15:07:00
se_000626,co_0096,renewal,Large,,2025-02-15,2025-02-15,,,monthly,136,1500,1500,GBP,paid,2025-02-15T17:08:00
se_000627,co_0096,renewal,Large,,2025-03-15,2025-03-15,,,monthly,136,1500,1500,GBP,paid,2025-03-15T14:25:00
se_000628,co_0096,renewal,Large,,2025-04-15,2025-04-15,,,monthly,136,1500,1500,GBP,paid,2025-04-15T16:17:00
se_000629,co_0096,renewal,Large,,2025-05-15,2025-05-15,,,monthly,136,1500,1500,GBP,paid,2025-05-15T11:55:00
se_000630,co_0096,renewal,Large,,2025-06-15,2025-06-15,,,monthly,136,1500,1500,GBP,paid,2025-06-15T11:17:00
se_000631,co_0096,renewal,Large,,2025-08-03,2025-07-15,,,monthly,136,1500,1500,GBP,paid,2025-07-15T15:42:00
se_000632,co_0096,renewal,Large,,2025-08-15,2025-08-15,,,monthly,136,1500,1500,GBP,paid,2025-08-15T18:36:00
se_000633,co_0096,renewal,Large,,2025-09-15,2025-09-15,,,monthly,136,1500,1500,GBP,paid,2025-09-15T09:02:00
se_000634,co_0096,renewal,Large,,2025-10-15,2025-10-15,,,monthly,136,1500,1500,GBP,paid,2025-10-15T18:07:00
se_000635,co_0096,renewal,Large,,2025-11-15,2025-11-15,,,monthly,136,1500,1500,GBP,paid,2025-11-15T08:11:00
se_000636,co_0096,renewal,Large,,2025-12-15,2025-12-15,,,monthly,136,1500,1500,GBP,paid,2025-12-15T11:51:00
se_000637,co_0096,renewal,Large,,2026-01-15,2026-01-15,,,monthly,136,1500,1500,GBP,paid,2026-01-15T19:10:00
se_000638,co_0096,renewal,Large,,2026-02-15,2026-02-15,,,monthly,136,1500,1500,GBP,paid,2026-02-15T10:59:00
se_000639,co_0096,renewal,Large,,2026-03-15,2026-03-15,,,monthly,136,1500,1500,GBP,paid,2026-03-15T08:53:00
se_000640,co_0096,renewal,Large,,2026-04-15,2026-04-15,,,monthly,136,1500,1500,GBP,paid,2026-04-15T18:22:00
se_000641,co_0096,renewal,Large,,2026-05-15,2026-05-15,,,monthly,136,1500,1500,GBP,paid,2026-05-15T17:34:00
se_000642,co_0096,renewal,Large,,2026-06-15,2026-06-15,,,monthly,136,1500,1500,GBP,paid,2026-06-15T19:00:00
se_000643,co_0097,trial_start,Small,,,,,2024-06-12,annual,64,0,0,GBP,not_applicable,2024-06-05T09:31:00
se_000644,co_0098,trial_start,Small,,,,,2025-05-30,monthly,89,0,0,GBP,not_applicable,2025-05-23T15:51:00
se_000645,co_0098,converted,Small,,2025-05-28,2025-05-28,,,monthly,89,200,200,GBP,paid,2025-05-28T16:42:00
se_000646,co_0098,renewal,Small,,2025-06-28,2025-06-28,,,monthly,89,200,200,GBP,paid,2025-06-28T12:47:00
se_000647,co_0098,renewal,Small,,2025-07-28,2025-07-28,,,monthly,89,200,200,GBP,paid,2025-07-28T10:07:00
se_000648,co_0098,renewal,Small,,2025-08-28,2025-08-28,,,monthly,89,200,200,GBP,paid,2025-08-28T08:56:00
se_000649,co_0098,renewal,Small,,2025-09-28,2025-09-28,,,monthly,89,200,200,GBP,paid,2025-09-28T15:38:00
se_000650,co_0098,renewal,Small,,2025-10-28,2025-10-28,,,monthly,89,200,200,GBP,paid,2025-10-28T15:50:00
se_000651,co_0098,renewal,Small,,2025-11-28,2025-11-28,,,monthly,89,200,200,GBP,paid,2025-11-28T14:28:00
se_000652,co_0098,renewal,Small,,2025-12-28,2025-12-28,,,monthly,89,200,200,GBP,paid,2025-12-28T18:13:00
se_000653,co_0098,renewal,Small,,2026-01-28,2026-01-28,,,monthly,89,200,200,GBP,paid,2026-01-28T08:47:00
se_000654,co_0098,renewal,Small,,2026-02-28,2026-02-28,,,monthly,89,200,200,GBP,paid,2026-02-28T14:10:00
se_000655,co_0098,renewal,Small,,2026-03-28,2026-03-28,,,monthly,89,200,200,GBP,paid,2026-03-28T10:56:00
se_000656,co_0098,renewal,Small,,2026-04-28,2026-04-28,,,monthly,89,200,200,GBP,paid,2026-04-28T15:10:00
se_000657,co_0098,renewal,Small,,2026-05-28,2026-05-28,,,monthly,89,200,200,GBP,paid,2026-05-28T10:41:00
se_000658,co_0098,renewal,Small,,2026-06-28,2026-06-28,,,monthly,89,200,200,GBP,paid,2026-06-28T09:17:00
se_000659,co_0099,trial_start,Medium,,,,,2023-07-23,annual,425,0,0,GBP,not_applicable,2023-07-16T17:51:00
se_000660,co_0099,converted,Medium,,2023-07-26,2023-07-26,,,annual,425,750,9000,GBP,paid,2023-07-26T17:21:00
se_000661,co_0099,renewal,Medium,,2024-07-26,2024-07-26,,,annual,425,750,9000,GBP,paid,2024-07-26T18:54:00
se_000662,co_0099,renewal,Medium,,2025-07-26,2025-07-26,,,annual,425,750,9000,GBP,paid,2025-07-26T08:49:00
se_000663,co_0100,trial_start,Medium,,,,,2025-01-22,annual,430,0,0,GBP,not_applicable,2025-01-15T12:04:00
se_000664,co_0100,converted,Medium,,2025-01-20,2025-01-20,,,annual,430,750,9000,GBP,paid,2025-01-20T15:52:00
se_000665,co_0100,renewal,Medium,,2026-01-20,2026-01-20,,,annual,430,750,9000,GBP,paid,2026-01-20T17:26:00
se_000666,co_0101,trial_start,Medium,,,,,2026-03-02,monthly,162,0,0,GBP,not_applicable,2026-02-23T14:34:00
se_000667,co_0101,converted,Medium,,2026-03-03,2026-03-03,,,monthly,162,750,750,GBP,paid,2026-03-03T13:53:00
se_000668,co_0101,renewal,Medium,,2026-04-14,2026-04-03,,,monthly,162,750,750,GBP,paid,2026-04-03T10:52:00
se_000669,co_0101,renewal,Medium,,2026-05-03,2026-05-03,,,monthly,162,750,750,GBP,paid,2026-05-03T11:18:00
se_000670,co_0101,renewal,Medium,,2026-06-03,2026-06-03,,,monthly,162,750,750,GBP,paid,2026-06-03T18:21:00
se_000671,co_0102,trial_start,Medium,,,,,2023-11-28,annual,167,0,0,GBP,not_applicable,2023-11-21T17:35:00
se_000672,co_0102,converted,Medium,,2023-12-01,2023-12-01,,,annual,167,750,9000,GBP,paid,2023-12-01T15:23:00
se_000673,co_0102,renewal,Medium,,2024-12-01,2024-12-01,,,annual,167,750,9000,GBP,paid,2024-12-01T18:39:00
se_000674,co_0102,renewal,Medium,,2025-12-01,2025-12-01,,,annual,167,750,9000,GBP,paid,2025-12-01T10:17:00
se_000675,co_0103,trial_start,Medium,,,,,2024-10-04,monthly,166,0,0,GBP,not_applicable,2024-09-27T18:27:00
se_000676,co_0103,converted,Medium,,2024-09-30,2024-09-30,,,monthly,166,750,750,GBP,paid,2024-09-30T19:45:00
se_000677,co_0103,renewal,Medium,,2024-10-30,2024-10-30,,,monthly,166,750,750,GBP,paid,2024-10-30T09:29:00
se_000678,co_0103,renewal,Medium,,2024-12-21,2024-11-30,,,monthly,166,750,750,GBP,paid,2024-11-30T17:52:00
se_000679,co_0103,payment_failed,Medium ,,2024-12-30,2024-12-30,,,monthly,166,750,750,GBP,failed,2024-12-30T09:12:00
se_000680,co_0103,payment_recovered,Medium,,2025-01-07,2025-01-07,,,monthly,166,750,750,GBP,paid,2025-01-07T17:16:00
se_000681,co_0103,renewal,Medium,,2025-01-30,2025-01-30,,,monthly,166,750,750,GBP,paid,2025-01-30T18:21:00
se_000682,co_0103,renewal,Medium,,2025-02-28,2025-02-28,,,monthly,166,750,750,GBP,paid,2025-02-28T11:03:00
se_000683,co_0103,renewal,Medium,,2025-03-28,2025-03-28,,,monthly,166,750,750,GBP,paid,2025-03-28T11:39:00
se_000684,co_0103,renewal,Medium,,2025-05-16,2025-04-28,,,monthly,166,750,750,GBP,paid,2025-04-28T14:23:00
se_000685,co_0103,renewal,Medium ,,2025-05-28,2025-05-28,,,monthly,166,750,750,GBP,paid,2025-05-28T13:53:00
se_000686,co_0103,renewal,Medium,,2025-06-28,2025-06-28,,,monthly,166,750,750,GBP,paid,2025-06-28T19:39:00
se_000687,co_0103,renewal,Medium,,2025-07-28,2025-07-28,,,monthly,166,750,750,GBP,paid,2025-07-28T14:06:00
se_000688,co_0103,renewal,Medium,,2025-08-28,2025-08-28,,,monthly,166,750,750,GBP,paid,2025-08-28T17:06:00
se_000689,co_0103,renewal,Medium,,2025-09-28,2025-09-28,,,monthly,166,750,750,GBP,paid,2025-09-28T15:11:00
se_000690,co_0103,renewal,Medium,,2025-10-28,2025-10-28,,,monthly,166,750,750,GBP,paid,2025-10-28T09:50:00
se_000691,co_0103,downgrade,Small,Medium,2025-10-30,2025-10-30,,,monthly,166,200,200,GBP,paid,2025-10-30T18:56:00
se_000692,co_0103,renewal,Small,,2025-11-28,2025-11-28,,,monthly,166,200,200,GBP,paid,2025-11-28T13:23:00
se_000693,co_0103,renewal,Small,,2025-12-28,2025-12-28,,,monthly,166,200,200,GBP,paid,2025-12-28T18:01:00
se_000694,co_0103,renewal,Small,,2026-01-28,2026-01-28,,,monthly,166,200,200,GBP,paid,2026-01-28T13:38:00
se_000695,co_0103,renewal,Small,,2026-03-05,2026-02-28,,,monthly,166,200,200,GBP,paid,2026-02-28T10:18:00
se_000696,co_0103,renewal,Small,,2026-03-28,2026-03-28,,,monthly,166,200,200,GBP,paid,2026-03-28T15:13:00
se_000697,co_0103,renewal,Small,,2026-04-28,2026-04-28,,,monthly,166,200,200,GBP,paid,2026-04-28T09:57:00
se_000698,co_0103,renewal,Small,,2026-06-13,2026-05-28,,,monthly,166,200,200,GBP,paid,2026-05-28T14:25:00
se_000699,co_0103,payment_failed,Small,,2026-06-28,2026-06-28,,,monthly,166,200,200,GBP,failed,2026-06-28T13:37:00
se_000700,co_0103,payment_recovered,Small,,2026-06-29,2026-06-29,,,monthly,166,200,200,GBP,paid,2026-06-29T08:52:00
se_000701,co_0104,trial_start,Small,,,,,2025-03-12,annual,67,0,0,GBP,not_applicable,2025-03-05T09:36:00
se_000702,co_0105,trial_start,Small,,,,,2026-05-25,monthly,91,0,0,GBP,not_applicable,2026-05-18T13:28:00
se_000703,co_0105,converted,Small,,2026-05-22,2026-05-22,,,monthly,91,200,200,GBP,paid,2026-05-22T17:21:00
se_000704,co_0105,renewal,Small,,2026-06-22,2026-06-22,,,monthly,91,200,200,GBP,paid,2026-06-22T14:04:00
se_000705,co_0106,trial_start,Medium,,,,,2023-11-11,monthly,321,0,0,GBP,not_applicable,2023-11-04T12:16:00
se_000706,co_0106,converted,Medium,,2023-11-06,2023-11-06,,,monthly,321,750,750,GBP,paid,2023-11-06T08:12:00
se_000707,co_0106,renewal,Medium,,2023-12-14,2023-12-06,,,monthly,321,750,750,GBP,paid,2023-12-06T11:57:00
se_000708,co_0106,renewal,Medium,,2024-01-06,2024-01-06,,,monthly,321,750,750,GBP,paid,2024-01-06T12:28:00
se_000709,co_0106,renewal,Medium,,2024-02-06,2024-02-06,,,monthly,321,750,750,GBP,paid,2024-02-06T13:04:00
se_000710,co_0106,renewal,Medium,,2024-03-06,2024-03-06,,,monthly,321,750,750,GBP,paid,2024-03-06T13:39:00
se_000711,co_0106,renewal,Medium,,2024-04-06,2024-04-06,,,monthly,321,750,750,GBP,paid,2024-04-06T11:22:00
se_000712,co_0106,renewal,Medium,,2024-05-06,2024-05-06,,,monthly,321,750,750,GBP,paid,2024-05-06T16:12:00
se_000713,co_0106,renewal,Medium,,2024-06-06,2024-06-06,,,monthly,321,750,750,GBP,paid,2024-06-06T19:09:00
se_000714,co_0106,renewal,Medium,,2024-07-06,2024-07-06,,,monthly,321,750,750,GBP,paid,2024-07-06T18:51:00
se_000715,co_0106,renewal,Medium,,2024-08-27,2024-08-06,,,monthly,321,750,750,GBP,paid,2024-08-06T09:13:00
se_000716,co_0106,renewal,Medium,,2024-09-06,2024-09-06,,,monthly,321,750,750,GBP,paid,2024-09-06T16:30:00
se_000717,co_0106,renewal,Medium,,2024-10-14,2024-10-06,,,monthly,321,750,750,GBP,paid,2024-10-06T12:55:00
se_000718,co_0106,renewal,Medium,,2024-11-06,2024-11-06,,,monthly,321,750,750,GBP,paid,2024-11-06T11:06:00
se_000719,co_0106,renewal,Medium,,2024-12-06,2024-12-06,,,monthly,321,750,750,GBP,paid,2024-12-06T16:38:00
se_000720,co_0106,payment_failed,Medium,,2025-01-06,2025-01-06,,,monthly,321,750,750,GBP,failed,2025-01-06T12:57:00
se_000721,co_0106,payment_recovered,Medium,,2025-01-21,2025-01-21,,,monthly,321,750,750,GBP,paid,2025-01-21T10:42:00
se_000722,co_0106,renewal,Medium,,2025-02-06,2025-02-06,,,monthly,321,750,750,GBP,paid,2025-02-06T14:04:00
se_000723,co_0106,renewal,Medium,,2025-03-06,2025-03-06,,,monthly,321,750,750,GBP,paid,2025-03-06T11:48:00
se_000724,co_0106,renewal,Medium,,2025-04-06,2025-04-06,,,monthly,321,750,750,GBP,paid,2025-04-06T19:04:00
se_000725,co_0106,renewal,Medium,,2025-05-06,2025-05-06,,,monthly,321,750,750,GBP,paid,2025-05-06T15:03:00
se_000726,co_0106,renewal,Medium,,2025-06-12,2025-06-06,,,monthly,321,750,750,GBP,paid,2025-06-06T10:24:00
se_000727,co_0106,payment_failed,Medium,,2025-07-06,2025-07-06,,,monthly,321,750,750,GBP,failed,2025-07-06T11:21:00
se_000728,co_0106,payment_recovered,Medium,,2025-07-08,2025-07-08,,,monthly,321,750,750,GBP,paid,2025-07-08T17:11:00
se_000729,co_0106,renewal,Medium,,2025-08-06,2025-08-06,,,monthly,321,750,750,GBP,paid,2025-08-06T17:03:00
se_000730,co_0106,renewal,Medium,,2025-09-06,2025-09-06,,,monthly,321,750,750,GBP,paid,2025-09-06T08:56:00
se_000731,co_0106,renewal,Medium,,2025-10-06,2025-10-06,,,monthly,321,750,750,GBP,paid,2025-10-06T09:30:00
se_000732,co_0106,renewal,Medium,,2025-11-06,2025-11-06,,,monthly,321,750,750,GBP,paid,2025-11-06T12:28:00
se_000733,co_0106,renewal,Medium,,2025-12-06,2025-12-06,,,monthly,321,750,750,GBP,paid,2025-12-06T14:58:00
se_000734,co_0106,renewal,Medium,,2026-01-06,2026-01-06,,,monthly,321,750,750,GBP,paid,2026-01-06T19:08:00
se_000735,co_0106,renewal,Medium,,2026-02-06,2026-02-06,,,monthly,321,750,750,GBP,paid,2026-02-06T11:48:00
se_000736,co_0106,renewal,Medium,,2026-03-06,2026-03-06,,,monthly,321,750,750,GBP,paid,2026-03-06T09:59:00
se_000737,co_0106,renewal,Medium,,2026-04-06,2026-04-06,,,monthly,321,750,750,GBP,paid,2026-04-06T10:11:00
se_000738,co_0106,renewal,Medium,,2026-05-09,2026-05-06,,,monthly,321,750,750,GBP,paid,2026-05-06T15:25:00
se_000739,co_0106,renewal,Medium,,2026-06-06,2026-06-06,,,monthly,321,750,750,GBP,paid,2026-06-06T19:42:00
se_000740,co_0107,trial_start,Medium,,,,,2024-05-30,annual,145,0,0,GBP,not_applicable,2024-05-23T08:55:00
se_000741,co_0108,trial_start,Medium,,,,,2026-01-27,annual,142,0,0,GBP,not_applicable,2026-01-20T18:37:00
se_000742,co_0108,converted,Medium,,2026-01-28,2026-01-28,,,annual,142,750,9000,GBP,paid,2026-01-28T08:34:00
se_000743,co_0109,trial_start,Small,,,,,2024-06-08,monthly,69,0,0,GBP,not_applicable,2024-06-01T17:16:00
se_000744,co_0110,trial_start,Medium,,,,,2025-02-13,annual,137,0,0,GBP,not_applicable,2025-02-06T13:48:00
se_000745,co_0111,trial_start,Small,,,,,2023-11-24,annual,25,0,0,GBP,not_applicable,2023-11-17T18:54:00
se_000746,co_0111,converted,Small,,2023-11-21,2023-11-21,,,annual,25,200,2400,GBP,paid,2023-11-21T09:47:00
se_000747,co_0111,renewal,Small,,2024-12-03,2024-11-21,,,annual,25,200,2400,GBP,paid,2024-11-21T08:18:00
se_000748,co_0111,renewal,Small,,2025-11-21,2025-11-21,,,annual,25,200,2400,GBP,paid,2025-11-21T17:31:00
se_000749,co_0112,trial_start,Medium,,,,,2025-07-27,monthly,219,0,0,GBP,not_applicable,2025-07-20T10:07:00
se_000750,co_0112,converted,Medium,,2025-07-23,2025-07-23,,,monthly,219,750,750,GBP,paid,2025-07-23T08:29:00
se_000751,co_0112,renewal,Medium,,2025-08-23,2025-08-23,,,monthly,219,750,750,GBP,paid,2025-08-23T12:28:00
se_000752,co_0112,renewal,Medium,,2025-09-23,2025-09-23,,,monthly,219,750,750,GBP,paid,2025-09-23T13:51:00
se_000753,co_0112,renewal,Medium,,2025-10-23,2025-10-23,,,monthly,219,750,750,GBP,paid,2025-10-23T16:30:00
se_000754,co_0112,renewal,Medium,,2025-11-23,2025-11-23,,,monthly,219,750,750,GBP,paid,2025-11-23T17:25:00
se_000755,co_0112,renewal,Medium,,2025-12-23,2025-12-23,,,monthly,219,750,750,GBP,paid,2025-12-23T17:04:00
se_000756,co_0112,renewal,Medium,,2026-01-23,2026-01-23,,,monthly,219,750,750,GBP,paid,2026-01-23T16:39:00
se_000757,co_0112,renewal,Medium,,2026-02-23,2026-02-23,,,monthly,219,750,750,GBP,paid,2026-02-23T15:27:00
se_000758,co_0112,payment_failed,Medium,,2026-03-23,2026-03-23,,,monthly,219,750,750,GBP,failed,2026-03-23T14:03:00
se_000759,co_0112,payment_recovered,Medium,,2026-04-06,2026-04-06,,,monthly,219,750,750,GBP,paid,2026-04-06T17:18:00
se_000760,co_0112,renewal,Medium,,2026-04-23,2026-04-23,,,monthly,219,750,750,GBP,paid,2026-04-23T19:33:00
se_000761,co_0112,renewal,Medium,,2026-05-23,2026-05-23,,,monthly,219,750,750,GBP,paid,2026-05-23T13:47:00
se_000762,co_0112,renewal,Medium,,2026-06-23,2026-06-23,,,monthly,219,750,750,GBP,paid,2026-06-23T09:53:00
se_000763,co_0113,trial_start,Small,,,,,2025-01-17,monthly,77,0,0,GBP,not_applicable,2025-01-10T13:23:00
se_000764,co_0113,converted,Small,,2025-01-18,2025-01-18,,,monthly,77,200,200,GBP,paid,2025-01-18T11:05:00
se_000765,co_0113,renewal,Small,,2025-02-18,2025-02-18,,,monthly,77,200,200,GBP,paid,2025-02-18T19:30:00
se_000766,co_0113,renewal,Small,,2025-03-18,2025-03-18,,,monthly,77,200,200,GBP,paid,2025-03-18T17:52:00
se_000767,co_0113,renewal,Small,,2025-04-18,2025-04-18,,,monthly,77,200,200,GBP,paid,2025-04-18T14:25:00
se_000768,co_0113,renewal,Small,,2025-05-18,2025-05-18,,,monthly,77,200,200,GBP,paid,2025-05-18T16:40:00
se_000769,co_0113,renewal,Small,,2025-06-18,2025-06-18,,,monthly,77,200,200,GBP,paid,2025-06-18T11:22:00
se_000770,co_0113,renewal,Small,,2025-07-18,2025-07-18,,,monthly,77,200,200,GBP,paid,2025-07-18T10:36:00
se_000771,co_0113,renewal,Small,,2025-09-04,2025-08-18,,,monthly,77,200,200,GBP,paid,2025-08-18T10:19:00
se_000772,co_0113,renewal,Small,,2025-09-18,2025-09-18,,,monthly,77,200,200,GBP,paid,2025-09-18T08:18:00
se_000773,co_0113,renewal,small,,2025-10-18,2025-10-18,,,monthly,77,200,200,GBP,paid,2025-10-18T15:20:00
se_000774,co_0113,renewal,Small,,2025-11-18,2025-11-18,,,monthly,77,200,200,GBP,paid,2025-11-18T14:37:00
se_000775,co_0113,renewal,Small,,2025-12-18,2025-12-18,,,monthly,77,200,200,GBP,paid,2025-12-18T16:28:00
se_000776,co_0113,renewal,Small,,2026-01-22,2026-01-18,,,monthly,77,200,200,GBP,paid,2026-01-18T15:32:00
se_000777,co_0113,renewal,Small,,2026-02-18,2026-02-18,,,monthly,77,200,200,GBP,paid,2026-02-18T08:05:00
se_000778,co_0113,renewal,Small,,2026-03-18,2026-03-18,,,monthly,77,200,200,GBP,paid,2026-03-18T16:21:00
se_000779,co_0113,renewal,Small,,2026-04-18,2026-04-18,,,monthly,77,200,200,GBP,paid,2026-04-18T08:37:00
se_000780,co_0113,renewal,Small,,2026-05-18,2026-05-18,,,monthly,77,200,200,GBP,paid,2026-05-18T13:41:00
se_000781,co_0113,renewal,Small,,2026-06-18,2026-06-18,,,monthly,77,200,200,GBP,paid,2026-06-18T14:28:00
se_000782,co_0114,trial_start,Medium,,,,,2024-04-21,annual,129,0,0,GBP,not_applicable,2024-04-14T18:31:00
se_000783,co_0114,converted,Medium,,2024-04-17,2024-04-17,,,annual,129,750,9000,GBP,paid,2024-04-17T15:02:00
se_000784,co_0114,renewal,Medium,,2025-04-17,2025-04-17,,,annual,129,750,9000,GBP,paid,2025-04-17T19:27:00
se_000785,co_0114,renewal,Medium,,,2026-04-17,,,annual,129,750,9000,GBP,paid,2026-04-17T11:29:00
se_000786,co_0115,trial_start,Medium,,,,,2025-04-07,monthly,142,0,0,GBP,not_applicable,2025-03-31T16:46:00
se_000787,co_0115,converted,Medium,,2025-04-08,2025-04-08,,,monthly,142,750,750,GBP,paid,2025-04-08T10:36:00
se_000788,co_0115,renewal,Medium,,2025-05-08,2025-05-08,,,monthly,142,750,750,GBP,paid,2025-05-08T10:39:00
se_000789,co_0115,renewal,Medium,,2025-06-08,2025-06-08,,,monthly,142,750,750,GBP,paid,2025-06-08T08:02:00
se_000790,co_0115,renewal,Medium,,2025-07-08,2025-07-08,,,monthly,142,750,750,GBP,paid,2025-07-08T19:07:00
se_000791,co_0115,renewal,Medium,,2025-08-08,2025-08-08,,,monthly,142,750,750,GBP,paid,2025-08-08T13:07:00
se_000792,co_0115,renewal,Medium,,2025-09-08,2025-09-08,,,monthly,142,750,750,GBP,paid,2025-09-08T09:24:00
se_000793,co_0115,renewal,Medium,,2025-10-08,2025-10-08,,,monthly,142,750,750,GBP,paid,2025-10-08T10:05:00
se_000794,co_0115,renewal,Medium,,2025-11-08,2025-11-08,,,monthly,142,750,750,GBP,paid,2025-11-08T14:48:00
se_000795,co_0115,renewal,Medium,,2025-12-17,2025-12-08,,,monthly,142,750,750,GBP,paid,2025-12-08T16:32:00
se_000796,co_0115,renewal,Medium,,2026-01-08,2026-01-08,,,monthly,142,750,750,GBP,paid,2026-01-08T13:02:00
se_000797,co_0115,renewal,Medium,,2026-02-08,2026-02-08,,,monthly,142,750,750,GBP,paid,2026-02-08T19:10:00
se_000798,co_0115,renewal,Medium,,2026-03-26,2026-03-08,,,monthly,142,750,750,GBP,paid,2026-03-08T17:39:00
se_000799,co_0115,renewal,Medium,,2026-04-08,2026-04-08,,,monthly,142,750,750,GBP,paid,2026-04-08T18:36:00
se_000800,co_0115,renewal,Medium,,2026-05-08,2026-05-08,,,monthly,142,750,750,GBP,paid,2026-05-08T18:48:00
se_000801,co_0115,renewal,Medium,,2026-06-08,2026-06-08,,,monthly,142,750,750,GBP,paid,2026-06-08T17:33:00
se_000802,co_0116,trial_start,Medium,,,,,2025-02-19,monthly,185,0,0,GBP,not_applicable,2025-02-12T10:46:00
se_000803,co_0117,trial_start,Small,,,,,2025-06-02,monthly,111,0,0,GBP,not_applicable,2025-05-26T18:13:00
se_000804,co_0117,converted,Small,,2025-05-29,2025-05-29,,,monthly,111,200,200,GBP,paid,2025-05-29T08:27:00
se_000805,co_0117,renewal,Small,,2025-06-29,2025-06-29,,,monthly,111,200,200,GBP,paid,2025-06-29T08:04:00
se_000806,co_0117,renewal,Small,,2025-07-29,2025-07-29,,,monthly,111,200,200,GBP,paid,2025-07-29T17:03:00
se_000807,co_0117,payment_failed,Small,,2025-08-29,2025-08-29,,,monthly,111,200,200,GBP,failed,2025-08-29T11:23:00
se_000808,co_0117,payment_recovered,Small,,2025-09-10,2025-09-10,,,monthly,111,200,200,GBP,paid,2025-09-10T17:59:00
se_000809,co_0117,renewal,Small,,2025-09-29,2025-09-29,,,monthly,111,200,200,GBP,paid,2025-09-29T17:15:00
se_000810,co_0117,renewal,Small,,2025-10-29,2025-10-29,,,monthly,111,200,200,GBP,paid,2025-10-29T16:03:00
se_000811,co_0117,renewal,Small,,2025-11-29,2025-11-29,,,monthly,111,200,200,GBP,paid,2025-11-29T14:45:00
se_000812,co_0117,renewal,Small,,2026-01-07,2025-12-29,,,monthly,111,200,200,GBP,paid,2025-12-29T10:27:00
se_000813,co_0117,renewal,Small,,2026-01-29,2026-01-29,,,monthly,111,200,200,GBP,paid,2026-01-29T10:58:00
se_000814,co_0117,renewal,Small,,2026-02-28,2026-02-28,,,monthly,111,200,200,GBP,paid,2026-02-28T18:56:00
se_000815,co_0117,renewal,Small,,2026-03-28,2026-03-28,,,monthly,111,200,200,GBP,paid,2026-03-28T08:05:00
se_000816,co_0117,renewal,Small,,2026-04-28,2026-04-28,,,monthly,111,200,200,GBP,paid,2026-04-28T08:58:00
se_000817,co_0117,renewal,Small,,2026-05-28,2026-05-28,,,monthly,111,200,200,GBP,paid,2026-05-28T18:19:00
se_000818,co_0117,renewal,Small,,2026-06-28,2026-06-28,,,monthly,111,200,200,GBP,paid,2026-06-28T12:20:00
se_000819,co_0118,trial_start,Small,,,,,2024-01-11,annual,19,0,0,GBP,not_applicable,2024-01-04T14:49:00
se_000820,co_0118,converted,Small,,2024-01-13,2024-01-13,,,annual,19,200,2400,GBP,paid,2024-01-13T10:45:00
se_000821,co_0118,renewal,Small,,2025-01-13,2025-01-13,,,annual,19,200,2400,GBP,paid,2025-01-13T19:59:00
se_000822,co_0118,renewal,Small,,2026-01-13,2026-01-13,,,annual,19,200,2400,GBP,paid,2026-01-13T08:53:00
se_000823,co_0119,trial_start,Medium,,,,,2025-05-08,monthly,445,0,0,GBP,not_applicable,2025-05-01T14:10:00
se_000824,co_0120,trial_start,Small,,,,,2024-01-24,annual,63,0,0,GBP,not_applicable,2024-01-17T16:39:00
se_000825,co_0121,trial_start,Large,,,,,2024-10-15,annual,1081,0,0,GBP,not_applicable,2024-10-08T17:44:00
se_000826,co_0121,converted,Large,,2024-10-13,2024-10-13,,,annual,1081,1500,18000,GBP,paid,2024-10-13T09:16:00
se_000827,co_0121,renewal,Large,,2025-10-13,2025-10-13,,,annual,1081,1500,18000,GBP,paid,2025-10-13T09:43:00
se_000828,co_0122,trial_start,Small,,,,,2024-12-17,monthly,18,0,0,GBP,not_applicable,2024-12-10T13:22:00
se_000829,co_0122,converted,Small,,2024-12-13,2024-12-13,,,monthly,18,200,200,GBP,paid,2024-12-13T16:32:00
se_000830,co_0122,renewal,Small,,2025-01-13,2025-01-13,,,monthly,18,200,200,GBP,paid,2025-01-13T16:00:00
se_000831,co_0122,renewal,Small,,2025-02-13,2025-02-13,,,monthly,18,200,200,GBP,paid,2025-02-13T13:56:00
se_000832,co_0122,renewal,Small,,2025-03-13,2025-03-13,,,monthly,18,200,200,GBP,paid,2025-03-13T09:00:00
se_000833,co_0122,renewal,Small,,2025-04-13,2025-04-13,,,monthly,18,200,200,GBP,paid,2025-04-13T11:31:00
se_000834,co_0122,renewal,Small,,2025-05-23,2025-05-13,,,monthly,18,200,200,GBP,paid,2025-05-13T14:08:00
se_000835,co_0122,renewal,Small,,2025-06-13,2025-06-13,,,monthly,18,200,200,GBP,paid,2025-06-13T19:53:00
se_000836,co_0122,renewal,Small,,2025-07-21,2025-07-13,,,monthly,18,200,200,GBP,paid,2025-07-13T12:22:00
se_000837,co_0122,renewal,Small,,2025-08-25,2025-08-13,,,monthly,18,200,200,GBP,paid,2025-08-13T13:56:00
se_000838,co_0122,renewal,Small,,2025-09-13,2025-09-13,,,monthly,18,200,200,GBP,paid,2025-09-13T13:35:00
se_000839,co_0122,renewal,Small,,2025-10-13,2025-10-13,,,monthly,18,200,200,GBP,paid,2025-10-13T12:30:00
se_000840,co_0122,renewal,Small,,2025-11-13,2025-11-13,,,monthly,18,200,200,GBP,paid,2025-11-13T15:46:00
se_000841,co_0122,renewal,Small,,2025-12-13,2025-12-13,,,monthly,18,200,200,GBP,paid,2025-12-13T15:29:00
se_000842,co_0122,renewal,Small,,2026-01-13,2026-01-13,,,monthly,18,200,200,GBP,paid,2026-01-13T14:05:00
se_000843,co_0122,renewal,Small,,2026-02-13,2026-02-13,,,monthly,18,200,200,GBP,paid,2026-02-13T13:41:00
se_000844,co_0122,renewal,Small,,2026-03-29,2026-03-13,,,monthly,18,200,200,GBP,paid,2026-03-13T19:19:00
se_000845,co_0122,renewal,Small,,2026-04-13,2026-04-13,,,monthly,18,200,200,GBP,paid,2026-04-13T19:14:00
se_000846,co_0122,renewal,Small,,2026-05-13,2026-05-13,,,monthly,18,200,200,GBP,paid,2026-05-13T14:23:00
se_000847,co_0122,renewal,Small,,2026-06-13,2026-06-13,,,monthly,18,200,200,GBP,paid,2026-06-13T19:44:00
se_000848,co_0123,trial_start,Medium,,,,,2024-12-31,annual,179,0,0,GBP,not_applicable,2024-12-24T15:28:00
se_000849,co_0123,converted,Medium,,2024-12-29,2024-12-29,,,annual,179,750,9000,GBP,paid,2024-12-29T08:14:00
se_000850,co_0123,renewal,Medium,,2025-12-29,2025-12-29,,,annual,179,750,9000,GBP,paid,2025-12-29T19:05:00
se_000851,co_0124,trial_start,Small,,,,,2024-09-09,annual,103,0,0,GBP,not_applicable,2024-09-02T16:31:00
se_000852,co_0124,converted,Small,,2024-09-11,2024-09-11,,,annual,103,200,2400,GBP,paid,2024-09-11T19:54:00
se_000853,co_0124,renewal,Small,,2025-09-11,2025-09-11,,,annual,103,200,2400,GBP,paid,2025-09-11T15:34:00
se_000854,co_0125,trial_start,Small,,,,,2024-10-26,monthly,128,0,0,EUR,not_applicable,2024-10-19T14:35:00
se_000855,co_0125,converted,Small,,2024-10-21,2024-10-21,,,monthly,128,200,200,EUR,paid,2024-10-21T08:31:00
se_000856,co_0125,renewal,Small,,2024-12-08,2024-11-21,,,monthly,128,200,200,EUR,paid,2024-11-21T15:03:00
se_000857,co_0125,renewal,Small,,2024-12-21,2024-12-21,,,monthly,128,200,200,EUR,paid,2024-12-21T14:31:00
se_000858,co_0125,renewal,Small,,,2025-01-21,,,monthly,128,200,200,EUR,paid,2025-01-21T12:00:00
se_000859,co_0125,renewal,Small,,2025-02-21,2025-02-21,,,monthly,128,200,200,EUR,paid,2025-02-21T16:56:00
se_000860,co_0125,renewal,Small,,2025-03-21,2025-03-21,,,monthly,128,200,200,EUR,paid,2025-03-21T18:51:00
se_000861,co_0125,renewal,Small,,2025-04-21,2025-04-21,,,monthly,128,200,200,EUR,paid,2025-04-21T08:34:00
se_000862,co_0125,renewal,Small,,2025-05-21,2025-05-21,,,monthly,128,200,200,EUR,paid,2025-05-21T12:26:00
se_000863,co_0125,renewal,Small,,2025-06-21,2025-06-21,,,monthly,128,200,200,EUR,paid,2025-06-21T18:08:00
se_000864,co_0125,renewal,Small,,2025-07-21,2025-07-21,,,monthly,128,200,200,EUR,paid,2025-07-21T12:38:00
se_000865,co_0125,renewal,Small,,2025-08-21,2025-08-21,,,monthly,128,200,200,EUR,paid,2025-08-21T08:36:00
se_000866,co_0125,renewal,Small,,2025-09-21,2025-09-21,,,monthly,128,200,200,EUR,paid,2025-09-21T13:18:00
se_000867,co_0125,renewal,Small,,2025-10-21,2025-10-21,,,monthly,128,200,200,EUR,paid,2025-10-21T11:07:00
se_000868,co_0125,renewal,Small,,2025-11-21,2025-11-21,,,monthly,128,200,200,EUR,paid,2025-11-21T18:43:00
se_000869,co_0125,renewal,Small,,2025-12-21,2025-12-21,,,monthly,128,200,200,EUR,paid,2025-12-21T18:37:00
se_000870,co_0125,renewal,Small,,2026-01-21,2026-01-21,,,monthly,128,200,200,EUR,paid,2026-01-21T16:13:00
se_000871,co_0125,payment_failed,Small,,2026-02-21,2026-02-21,,,monthly,128,200,200,EUR,failed,2026-02-21T13:19:00
se_000872,co_0125,renewal,Small,,2026-03-21,2026-03-21,,,monthly,128,200,200,EUR,paid,2026-03-21T16:00:00
se_000873,co_0125,payment_failed,Small,,2026-04-21,2026-04-21,,,monthly,128,200,200,EUR,failed,2026-04-21T14:16:00
se_000874,co_0125,payment_recovered,Small,,2026-04-27,2026-04-27,,,monthly,128,200,200,EUR,paid,2026-04-27T10:22:00
se_000875,co_0125,cancellation_scheduled,Small,,,2026-04-29,,,monthly,128,200,200,EUR,not_applicable,2026-04-29T09:00:00
se_000876,co_0125,voluntary_churn,Small,,,2026-05-18,2026-05-18,,monthly,128,200,0,EUR,not_applicable,2026-05-18T17:03:00
se_000877,co_0126,trial_start,Small,,,,,2024-09-05,monthly,33,0,0,GBP,not_applicable,2024-08-29T14:30:00
se_000878,co_0127,trial_start,Medium,,,,,2023-08-06,monthly,141,0,0,GBP,not_applicable,2023-07-30T08:15:00
se_000879,co_0127,converted,Medium,,2023-08-09,2023-08-09,,,monthly,141,750,750,GBP,paid,2023-08-09T13:47:00
se_000880,co_0127,renewal,Medium,,2023-09-09,2023-09-09,,,monthly,141,750,750,GBP,paid,2023-09-09T13:42:00
se_000881,co_0127,renewal,Medium,,2023-10-09,2023-10-09,,,monthly,141,750,750,GBP,paid,2023-10-09T08:31:00
se_000882,co_0127,renewal,Medium,,2023-11-09,2023-11-09,,,monthly,141,750,750,GBP,paid,2023-11-09T13:08:00
se_000883,co_0127,renewal,Medium,,2023-12-09,2023-12-09,,,monthly,141,750,750,GBP,paid,2023-12-09T16:55:00
se_000884,co_0127,renewal,Medium,,2024-01-09,2024-01-09,,,monthly,141,750,750,GBP,paid,2024-01-09T12:45:00
se_000885,co_0127,renewal,Medium,,2024-02-09,2024-02-09,,,monthly,141,750,750,GBP,paid,2024-02-09T14:30:00
se_000886,co_0127,renewal,Medium,,2024-03-09,2024-03-09,,,monthly,141,750,750,GBP,paid,2024-03-09T15:24:00
se_000887,co_0127,renewal,Medium,,2024-04-30,2024-04-09,,,monthly,141,750,750,GBP,paid,2024-04-09T16:19:00
se_000888,co_0127,renewal,Medium,,2024-05-09,2024-05-09,,,monthly,141,750,750,GBP,paid,2024-05-09T17:15:00
se_000889,co_0127,renewal,Medium,,2024-06-09,2024-06-09,,,monthly,141,750,750,GBP,paid,2024-06-09T13:50:00
se_000890,co_0127,renewal,Medium,,2024-07-09,2024-07-09,,,monthly,141,750,750,GBP,paid,2024-07-09T17:09:00
se_000891,co_0127,renewal,Medium,,2024-08-09,2024-08-09,,,monthly,141,750,750,GBP,paid,2024-08-09T15:52:00
se_000892,co_0127,renewal,Medium,,2024-09-09,2024-09-09,,,monthly,141,750,750,GBP,paid,2024-09-09T12:51:00
se_000893,co_0127,renewal,Medium,,2024-10-09,2024-10-09,,,monthly,141,750,750,GBP,paid,2024-10-09T11:08:00
se_000894,co_0127,renewal,Medium,,2024-11-09,2024-11-09,,,monthly,141,750,750,GBP,paid,2024-11-09T19:40:00
se_000895,co_0127,renewal,Medium,,2024-12-09,2024-12-09,,,monthly,141,750,750,GBP,paid,2024-12-09T18:54:00
se_000896,co_0127,renewal,Medium,,2025-01-09,2025-01-09,,,monthly,141,750,750,GBP,paid,2025-01-09T08:51:00
se_000897,co_0127,renewal,Medium,,2025-02-09,2025-02-09,,,monthly,141,750,750,GBP,paid,2025-02-09T11:40:00
se_000898,co_0127,renewal,Medium,,2025-03-09,2025-03-09,,,monthly,141,750,750,GBP,paid,2025-03-09T12:59:00
se_000899,co_0127,renewal,Medium,,2025-04-15,2025-04-09,,,monthly,141,750,750,GBP,paid,2025-04-09T17:39:00
se_000900,co_0127,renewal,Medium,,2025-05-09,2025-05-09,,,monthly,141,750,750,GBP,paid,2025-05-09T09:38:00
se_000901,co_0127,renewal,Medium,,2025-06-09,2025-06-09,,,monthly,141,750,750,GBP,paid,2025-06-09T14:28:00
se_000902,co_0127,upgrade,Large,Medium,2025-06-27,2025-06-27,,,monthly,141,1500,1500,GBP,paid,2025-06-27T11:34:00
se_000903,co_0127,payment_failed,LARGE,,2025-07-09,2025-07-09,,,monthly,141,1500,1500,GBP,failed,2025-07-09T19:18:00
se_000904,co_0127,payment_recovered,Large,,2025-07-22,2025-07-22,,,monthly,141,1500,1500,GBP,paid,2025-07-22T18:40:00
se_000905,co_0127,renewal,Large,,2025-08-09,2025-08-09,,,monthly,141,1500,1500,GBP,paid,2025-08-09T16:57:00
se_000906,co_0127,renewal,Large,,2025-09-09,2025-09-09,,,monthly,141,1500,1500,GBP,paid,2025-09-09T19:00:00
se_000907,co_0127,renewal,Large,,2025-10-09,2025-10-09,,,monthly,141,1500,1500,GBP,paid,2025-10-09T08:20:00
se_000908,co_0127,renewal,Large,,2025-11-09,2025-11-09,,,monthly,141,1500,1500,GBP,paid,2025-11-09T15:38:00
se_000909,co_0127,renewal,Large,,2025-12-09,2025-12-09,,,monthly,141,1500,1500,GBP,paid,2025-12-09T08:06:00
se_000910,co_0127,renewal,Large,,2026-01-09,2026-01-09,,,monthly,141,1500,1500,GBP,paid,2026-01-09T15:12:00
se_000911,co_0127,renewal,Large,,2026-02-09,2026-02-09,,,monthly,141,1500,1500,GBP,paid,2026-02-09T12:55:00
se_000912,co_0127,renewal,Large,,2026-03-09,2026-03-09,,,monthly,141,1500,1500,GBP,paid,2026-03-09T19:24:00
se_000913,co_0127,renewal,Large,,2026-04-09,2026-04-09,,,monthly,141,1500,1500,GBP,paid,2026-04-09T18:14:00
se_000914,co_0127,renewal,Large,,2026-05-09,2026-05-09,,,monthly,141,1500,1500,GBP,paid,2026-05-09T19:15:00
se_000915,co_0127,renewal,Large,,2026-06-09,2026-06-09,,,monthly,141,1500,1500,GBP,paid,2026-06-09T09:33:00
se_000916,co_0128,trial_start,Medium,,,,,2024-04-17,monthly,161,0,0,GBP,not_applicable,2024-04-10T11:05:00
se_000917,co_0128,converted,Medium,,2024-04-14,2024-04-14,,,monthly,161,750,750,GBP,paid,2024-04-14T11:16:00
se_000918,co_0128,renewal,Medium,,2024-05-14,2024-05-14,,,monthly,161,750,750,GBP,paid,2024-05-14T11:42:00
se_000919,co_0128,renewal,Medium,,2024-06-14,2024-06-14,,,monthly,161,750,750,GBP,paid,2024-06-14T13:23:00
se_000920,co_0128,renewal,Medium,,2024-07-14,2024-07-14,,,monthly,161,750,750,GBP,paid,2024-07-14T08:59:00
se_000921,co_0128,renewal,Medium,,2024-08-14,2024-08-14,,,monthly,161,750,750,GBP,paid,2024-08-14T12:07:00
se_000922,co_0128,renewal,Medium,,2024-09-14,2024-09-14,,,monthly,161,750,750,GBP,paid,2024-09-14T13:16:00
se_000923,co_0128,renewal,Medium,,2024-10-14,2024-10-14,,,monthly,161,750,750,GBP,paid,2024-10-14T16:56:00
se_000924,co_0128,renewal,Medium,,2024-11-14,2024-11-14,,,monthly,161,750,750,GBP,paid,2024-11-14T08:08:00
se_000925,co_0128,renewal,Medium,,2024-12-14,2024-12-14,,,monthly,161,750,750,GBP,paid,2024-12-14T13:09:00
se_000926,co_0128,renewal,Medium,,2025-01-14,2025-01-14,,,monthly,161,750,750,GBP,paid,2025-01-14T10:46:00
se_000927,co_0128,renewal,Medium,,2025-02-14,2025-02-14,,,monthly,161,750,750,GBP,paid,2025-02-14T17:29:00
se_000928,co_0128,renewal,Medium,,2025-03-14,2025-03-14,,,monthly,161,750,750,GBP,paid,2025-03-14T16:20:00
se_000929,co_0128,renewal,Medium,,2025-04-14,2025-04-14,,,monthly,161,750,750,GBP,paid,2025-04-14T19:50:00
se_000930,co_0128,renewal,Medium,,2025-05-14,2025-05-14,,,monthly,161,750,750,GBP,paid,2025-05-14T18:00:00
se_000931,co_0128,renewal,Medium,,2025-06-14,2025-06-14,,,monthly,161,750,750,GBP,paid,2025-06-14T10:25:00
se_000932,co_0128,renewal,Medium,,2025-07-14,2025-07-14,,,monthly,161,750,750,GBP,paid,2025-07-14T14:37:00
se_000933,co_0128,renewal,Medium,,2025-08-14,2025-08-14,,,monthly,161,750,750,GBP,paid,2025-08-14T19:18:00
se_000934,co_0128,renewal,Medium,,2025-09-14,2025-09-14,,,monthly,161,750,750,GBP,paid,2025-09-14T18:32:00
se_000935,co_0128,renewal,Medium,,2025-10-14,2025-10-14,,,monthly,161,750,750,GBP,paid,2025-10-14T11:13:00
se_000936,co_0128,renewal,Medium,,2025-11-14,2025-11-14,,,monthly,161,750,750,GBP,paid,2025-11-14T08:52:00
se_000937,co_0128,renewal,Medium,,2025-12-14,2025-12-14,,,monthly,161,750,750,GBP,paid,2025-12-14T15:24:00
se_000938,co_0128,renewal,Medium,,2026-01-20,2026-01-14,,,monthly,161,750,750,GBP,paid,2026-01-14T12:55:00
se_000939,co_0128,renewal,Medium,,2026-02-14,2026-02-14,,,monthly,161,750,750,GBP,paid,2026-02-14T11:20:00
se_000940,co_0128,renewal,Medium,,2026-03-14,2026-03-14,,,monthly,161,750,750,GBP,paid,2026-03-14T19:03:00
se_000941,co_0128,renewal,Medium,,2026-04-14,2026-04-14,,,monthly,161,750,750,GBP,paid,2026-04-14T18:18:00
se_000942,co_0128,renewal,Medium,,2026-05-14,2026-05-14,,,monthly,161,750,750,GBP,paid,2026-05-14T09:07:00
se_000943,co_0128,renewal,Medium,,2026-06-14,2026-06-14,,,monthly,161,750,750,GBP,paid,2026-06-14T19:50:00
se_000944,co_0129,trial_start,Medium,,,,,2024-06-09,monthly,151,0,0,GBP,not_applicable,2024-06-02T11:34:00
se_000945,co_0130,trial_start,Small,,,,,2024-09-18,annual,99,0,0,GBP,not_applicable,2024-09-11T16:01:00
se_000946,co_0130,converted,Small,,2024-09-18,2024-09-18,,,annual,99,200,2400,GBP,paid,2024-09-18T15:51:00
se_000947,co_0130,renewal,Small,,2025-09-18,2025-09-18,,,annual,99,200,2400,GBP,paid,2025-09-18T17:49:00
se_000948,co_0131,trial_start,Medium,,,,,2024-08-15,annual,109,0,0,GBP,not_applicable,2024-08-08T09:07:00
se_000949,co_0131,converted,Medium,,2024-08-16,2024-08-16,,,annual,109,750,9000,GBP,paid,2024-08-16T16:22:00
se_000950,co_0131,renewal,Medium,,2025-08-16,2025-08-16,,,annual,109,750,9000,GBP,paid,2025-08-16T09:59:00
se_000951,co_0132,trial_start,Small,,,,,2025-02-12,annual,52,0,0,GBP,not_applicable,2025-02-05T18:09:00
se_000952,co_0132,converted,Small,,2025-02-07,2025-02-07,,,annual,52,200,2400,GBP,paid,2025-02-07T08:07:00
se_000953,co_0132,payment_failed,Small,,2026-02-07,2026-02-07,,,annual,52,200,200,GBP,failed,2026-02-07T09:15:00
se_000954,co_0132,payment_recovered,Small,,2026-02-24,2026-02-24,,,annual,52,200,2400,GBP,paid,2026-02-24T19:57:00
se_000955,co_0133,trial_start,Medium,,,,,2023-08-17,annual,504,0,0,GBP,not_applicable,2023-08-10T09:21:00
se_000956,co_0133,converted,Medium,,2023-08-16,2023-08-16,,,annual,504,750,9000,GBP,paid,2023-08-16T08:42:00
se_000957,co_0133,renewal,Medium,,2024-08-16,2024-08-16,,,annual,504,750,9000,GBP,paid,2024-08-16T08:32:00
se_000958,co_0133,renewal,Medium,,2025-08-16,2025-08-16,,,annual,504,750,9000,GBP,paid,2025-08-16T18:42:00
se_000959,co_0134,trial_start,Small,,,,,2023-11-22,monthly,19,0,0,GBP,not_applicable,2023-11-15T12:31:00
se_000960,co_0135,trial_start,Medium,,,,,2023-07-22,monthly,467,0,0,GBP,not_applicable,2023-07-15T09:53:00
se_000961,co_0135,converted,Medium,,2023-07-20,2023-07-20,,,monthly,467,750,750,GBP,paid,2023-07-20T14:35:00
se_000962,co_0135,renewal,Medium,,2023-08-20,2023-08-20,,,monthly,467,750,750,GBP,paid,2023-08-20T15:21:00
se_000963,co_0135,renewal,Medium,,2023-09-20,2023-09-20,,,monthly,467,750,750,GBP,paid,2023-09-20T12:06:00
se_000964,co_0135,renewal,Medium,,2023-10-20,2023-10-20,,,monthly,467,750,750,GBP,paid,2023-10-20T14:19:00
se_000965,co_0135,renewal,Medium,,2023-11-20,2023-11-20,,,monthly,467,750,750,GBP,paid,2023-11-20T12:01:00
se_000966,co_0135,renewal,Medium,,2023-12-20,2023-12-20,,,monthly,467,750,750,GBP,paid,2023-12-20T10:35:00
se_000967,co_0135,renewal,Medium,,2024-01-20,2024-01-20,,,monthly,467,750,750,GBP,paid,2024-01-20T14:22:00
se_000968,co_0135,renewal,Medium,,2024-02-20,2024-02-20,,,monthly,467,750,750,GBP,paid,2024-02-20T10:23:00
se_000969,co_0135,renewal,Medium,,2024-03-20,2024-03-20,,,monthly,467,750,750,GBP,paid,2024-03-20T11:19:00
se_000970,co_0135,renewal,Medium,,2024-04-20,2024-04-20,,,monthly,467,750,750,GBP,paid,2024-04-20T16:59:00
se_000971,co_0135,renewal,Medium,,2024-05-20,2024-05-20,,,monthly,467,750,750,GBP,paid,2024-05-20T17:21:00
se_000972,co_0135,renewal,Medium,,2024-06-20,2024-06-20,,,monthly,467,750,750,GBP,paid,2024-06-20T12:07:00
se_000973,co_0135,renewal,Medium,,2024-07-20,2024-07-20,,,monthly,467,750,750,GBP,paid,2024-07-20T15:10:00
se_000974,co_0135,renewal,Medium,,2024-08-20,2024-08-20,,,monthly,467,750,750,GBP,paid,2024-08-20T19:50:00
se_000975,co_0135,renewal,Medium,,2024-09-20,2024-09-20,,,monthly,467,750,750,GBP,paid,2024-09-20T17:01:00
se_000976,co_0135,renewal,Medium,,2024-10-20,2024-10-20,,,monthly,467,750,750,GBP,paid,2024-10-20T12:01:00
se_000977,co_0135,renewal,Medium,,2024-11-20,2024-11-20,,,monthly,467,750,750,GBP,paid,2024-11-20T17:27:00
se_000978,co_0135,renewal,Medium,,2024-12-20,2024-12-20,,,monthly,467,750,750,GBP,paid,2024-12-20T17:10:00
se_000979,co_0135,renewal,Medium,,2025-01-20,2025-01-20,,,monthly,467,750,750,GBP,paid,2025-01-20T09:39:00
se_000980,co_0135,renewal,Medium,,2025-02-20,2025-02-20,,,monthly,467,750,750,GBP,paid,2025-02-20T14:08:00
se_000981,co_0135,renewal,Medium,,2025-03-20,2025-03-20,,,monthly,467,750,750,GBP,paid,2025-03-20T16:30:00
se_000982,co_0135,renewal,Medium,,2025-04-20,2025-04-20,,,monthly,467,750,750,GBP,paid,2025-04-20T12:10:00
se_000983,co_0135,renewal,Medium,,2025-05-20,2025-05-20,,,monthly,467,750,750,GBP,paid,2025-05-20T15:51:00
se_000984,co_0135,renewal,Medium,,2025-06-20,2025-06-20,,,monthly,467,750,750,GBP,paid,2025-06-20T08:47:00
se_000985,co_0135,renewal,Medium,,2025-07-29,2025-07-20,,,monthly,467,750,750,GBP,paid,2025-07-20T14:46:00
se_000986,co_0135,renewal,Medium,,2025-08-20,2025-08-20,,,monthly,467,750,750,GBP,paid,2025-08-20T12:36:00
se_000987,co_0135,renewal,Medium,,2025-09-20,2025-09-20,,,monthly,467,750,750,GBP,paid,2025-09-20T10:04:00
se_000988,co_0135,renewal,Medium,,2025-10-20,2025-10-20,,,monthly,467,750,750,GBP,paid,2025-10-20T16:44:00
se_000989,co_0135,renewal,Medium,,2025-11-20,2025-11-20,,,monthly,467,750,750,GBP,paid,2025-11-20T13:53:00
se_000990,co_0135,renewal,Medium,,2025-12-20,2025-12-20,,,monthly,467,750,750,GBP,paid,2025-12-20T13:01:00
se_000991,co_0135,renewal,Medium,,2026-01-20,2026-01-20,,,monthly,467,750,750,GBP,paid,2026-01-20T18:39:00
se_000992,co_0135,renewal,Medium,,2026-02-20,2026-02-20,,,monthly,467,750,750,GBP,paid,2026-02-20T14:56:00
se_000993,co_0135,payment_failed,Medium,,2026-03-20,2026-03-20,,,monthly,467,750,750,GBP,failed,2026-03-20T08:58:00
se_000994,co_0135,renewal,Medium,,2026-04-20,2026-04-20,,,monthly,467,750,750,GBP,paid,2026-04-20T15:06:00
se_000995,co_0135,renewal,Medium,,2026-05-20,2026-05-20,,,monthly,467,750,750,GBP,paid,2026-05-20T10:02:00
se_000996,co_0135,renewal,Medium,,2026-06-20,2026-06-20,,,monthly,467,750,750,GBP,paid,2026-06-20T14:42:00
se_000997,co_0136,trial_start,Medium,,,,,2026-02-06,monthly,172,0,0,GBP,not_applicable,2026-01-30T14:27:00
se_000998,co_0137,trial_start,Small,,,,,2026-04-06,monthly,114,0,0,GBP,not_applicable,2026-03-30T14:43:00
se_000999,co_0138,trial_start,Small,,,,,2025-04-23,annual,39,0,0,GBP,not_applicable,2025-04-16T19:16:00
se_001000,co_0139,trial_start,Small,,,,,2024-11-02,monthly,72,0,0,GBP,not_applicable,2024-10-26T16:49:00
se_001001,co_0139,converted,Small,,2024-11-03,2024-11-03,,,monthly,72,200,200,GBP,paid,2024-11-03T19:55:00
se_001002,co_0139,renewal,Small,,2024-12-21,2024-12-03,,,monthly,72,200,200,GBP,paid,2024-12-03T10:29:00
se_001003,co_0139,renewal,Small,,2025-01-03,2025-01-03,,,monthly,72,200,200,GBP,paid,2025-01-03T11:27:00
se_001004,co_0139,renewal,Small,,2025-02-03,2025-02-03,,,monthly,72,200,200,GBP,paid,2025-02-03T15:36:00
se_001005,co_0139,renewal,Small,,2025-03-03,2025-03-03,,,monthly,72,200,200,GBP,paid,2025-03-03T10:25:00
se_001006,co_0139,renewal,Small,,2025-04-03,2025-04-03,,,monthly,72,200,200,GBP,paid,2025-04-03T19:26:00
se_001007,co_0139,renewal,Small,,2025-05-03,2025-05-03,,,monthly,72,200,200,GBP,paid,2025-05-03T19:55:00
se_001008,co_0139,renewal,Small,,2025-06-03,2025-06-03,,,monthly,72,200,200,GBP,paid,2025-06-03T14:05:00
se_001009,co_0139,renewal,Small,,2025-07-03,2025-07-03,,,monthly,72,200,200,GBP,paid,2025-07-03T10:06:00
se_001010,co_0139,renewal,Small,,2025-08-03,2025-08-03,,,monthly,72,200,200,GBP,paid,2025-08-03T15:59:00
se_001011,co_0139,renewal,Small,,2025-09-03,2025-09-03,,,monthly,72,200,200,GBP,paid,2025-09-03T13:17:00
se_001012,co_0139,renewal,Small,,2025-10-03,2025-10-03,,,monthly,72,200,200,GBP,paid,2025-10-03T19:45:00
se_001013,co_0139,renewal,Small,,2025-11-03,2025-11-03,,,monthly,72,200,200,GBP,paid,2025-11-03T12:53:00
se_001014,co_0139,renewal,Small,,2025-12-03,2025-12-03,,,monthly,72,200,200,GBP,paid,2025-12-03T13:25:00
se_001015,co_0139,renewal,Small,,2026-01-03,2026-01-03,,,monthly,72,200,200,GBP,paid,2026-01-03T15:25:00
se_001016,co_0139,renewal,Small,,2026-02-03,2026-02-03,,,monthly,72,200,200,GBP,paid,2026-02-03T15:15:00
se_001017,co_0139,renewal,Small,,2026-03-03,2026-03-03,,,monthly,72,200,200,GBP,paid,2026-03-03T09:52:00
se_001018,co_0139,renewal,Small,,2026-04-03,2026-04-03,,,monthly,72,200,200,GBP,paid,2026-04-03T11:12:00
se_001019,co_0139,renewal,Small,,2026-05-03,2026-05-03,,,monthly,72,200,200,GBP,paid,2026-05-03T10:09:00
se_001020,co_0139,renewal,Small,,2026-06-03,2026-06-03,,,monthly,72,200,200,GBP,paid,2026-06-03T15:45:00
se_001021,co_0140,trial_start,Medium,,,,,2025-04-06,monthly,219,0,0,GBP,not_applicable,2025-03-30T12:03:00
se_001022,co_0140,converted,Medium,,2025-04-06,2025-04-06,,,monthly,219,750,750,GBP,paid,2025-04-06T10:59:00
se_001023,co_0140,renewal,Medium,,2025-05-06,2025-05-06,,,monthly,219,750,750,GBP,paid,2025-05-06T18:01:00
se_001024,co_0140,renewal,Medium,,2025-06-06,2025-06-06,,,monthly,219,750,750,GBP,paid,2025-06-06T18:50:00
se_001025,co_0140,renewal,Medium,,2025-07-06,2025-07-06,,,monthly,219,750,750,GBP,paid,2025-07-06T16:25:00
se_001026,co_0140,renewal,Medium,,2025-08-06,2025-08-06,,,monthly,219,750,750,GBP,paid,2025-08-06T10:20:00
se_001027,co_0140,renewal,Medium,,2025-09-06,2025-09-06,,,monthly,219,750,750,GBP,paid,2025-09-06T10:53:00
se_001028,co_0140,payment_failed,Medium,,2025-10-06,2025-10-06,,,monthly,219,750,750,GBP,failed,2025-10-06T19:24:00
se_001029,co_0140,payment_recovered,Medium,,2025-10-09,2025-10-09,,,monthly,219,750,750,GBP,paid,2025-10-09T09:33:00
se_001030,co_0140,renewal,Medium,,2025-11-06,2025-11-06,,,monthly,219,750,750,GBP,paid,2025-11-06T11:48:00
se_001031,co_0140,renewal,Medium,,2025-12-06,2025-12-06,,,monthly,219,750,750,GBP,paid,2025-12-06T15:37:00
se_001032,co_0140,renewal,Medium,,2026-01-06,2026-01-06,,,monthly,219,750,750,GBP,paid,2026-01-06T16:21:00
se_001033,co_0140,payment_failed,Medium,,2026-02-06,2026-02-06,,,monthly,219,750,750,GBP,failed,2026-02-06T09:02:00
se_001034,co_0140,payment_recovered,Medium,,2026-02-19,2026-02-19,,,monthly,219,750,750,GBP,paid,2026-02-19T17:54:00
se_001035,co_0140,renewal,Medium,,2026-03-06,2026-03-06,,,monthly,219,750,750,GBP,paid,2026-03-06T19:05:00
se_001036,co_0140,renewal,Medium,,2026-04-06,2026-04-06,,,monthly,219,750,750,GBP,paid,2026-04-06T08:12:00
se_001037,co_0140,renewal,Medium,,,2026-05-06,,,monthly,219,750,750,GBP,paid,2026-05-06T08:09:00
se_001038,co_0140,renewal,Medium,,2026-06-06,2026-06-06,,,monthly,219,750,750,GBP,paid,2026-06-06T18:48:00
se_001039,co_0141,trial_start,Small,,,,,2025-12-28,annual,63,0,0,GBP,not_applicable,2025-12-21T13:19:00
se_001040,co_0142,trial_start,Small,,,,,2024-01-07,annual,117,0,0,GBP,not_applicable,2023-12-31T17:48:00
se_001041,co_0142,converted,Small,,2024-01-04,2024-01-04,,,annual,117,200,2400,GBP,paid,2024-01-04T09:31:00
se_001042,co_0142,renewal,Small,,2025-01-04,2025-01-04,,,annual,117,200,2400,GBP,paid,2025-01-04T16:21:00
se_001043,co_0142,renewal,Small,,2026-01-12,2026-01-04,,,annual,117,200,2400,GBP,paid,2026-01-04T10:22:00
se_001044,co_0143,trial_start,Medium ,,,,,2024-10-22,annual,166,0,0,GBP,not_applicable,2024-10-15T12:03:00
se_001045,co_0143,converted,Medium,,2024-10-23,2024-10-23,,,annual,166,750,9000,GBP,paid,2024-10-23T14:44:00
se_001046,co_0143,renewal,Medium,,2025-10-23,2025-10-23,,,annual,166,750,9000,GBP,paid,2025-10-23T17:50:00
se_001047,co_0144,trial_start,Small,,,,,2023-07-28,monthly,31,0,0,GBP,not_applicable,2023-07-21T11:10:00
se_001048,co_0144,converted,Small,,2023-07-31,2023-07-31,,,monthly,31,200,200,GBP,paid,2023-07-31T08:09:00
se_001049,co_0144,renewal,Small,,2023-08-31,2023-08-31,,,monthly,31,200,200,GBP,paid,2023-08-31T09:02:00
se_001050,co_0144,renewal,Small,,2023-10-15,2023-09-30,,,monthly,31,200,200,GBP,paid,2023-09-30T10:42:00
se_001051,co_0144,renewal,Small,,2023-10-30,2023-10-30,,,monthly,31,200,200,GBP,paid,2023-10-30T16:20:00
se_001052,co_0144,renewal,Small,,2023-12-10,2023-11-30,,,monthly,31,200,200,GBP,paid,2023-11-30T15:45:00
se_001053,co_0144,renewal,Small,,2023-12-30,2023-12-30,,,monthly,31,200,200,GBP,paid,2023-12-30T14:18:00
se_001054,co_0144,payment_failed,Small,,2024-01-30,2024-01-30,,,monthly,31,200,200,GBP,failed,2024-01-30T11:59:00
se_001055,co_0144,payment_recovered,Small ,,2024-02-12,2024-02-12,,,monthly,31,200,200,GBP,paid,2024-02-12T08:29:00
se_001056,co_0144,renewal,Small,,2024-02-29,2024-02-29,,,monthly,31,200,200,GBP,paid,2024-02-29T09:18:00
se_001057,co_0144,renewal,Small,,2024-03-29,2024-03-29,,,monthly,31,200,200,GBP,paid,2024-03-29T17:46:00
se_001058,co_0144,renewal,Small,,2024-04-29,2024-04-29,,,monthly,31,200,200,GBP,paid,2024-04-29T15:55:00
se_001059,co_0144,renewal,Small,,2024-05-29,2024-05-29,,,monthly,31,200,200,GBP,paid,2024-05-29T13:16:00
se_001060,co_0144,renewal,Small,,,2024-06-29,,,monthly,31,200,200,GBP,paid,2024-06-29T13:08:00
se_001061,co_0144,renewal,Small,,2024-07-29,2024-07-29,,,monthly,31,200,200,GBP,paid,2024-07-29T09:08:00
se_001062,co_0144,renewal,Small,,2024-08-29,2024-08-29,,,monthly,31,200,200,GBP,paid,2024-08-29T14:06:00
se_001063,co_0144,renewal,Small,,2024-09-29,2024-09-29,,,monthly,31,200,200,GBP,paid,2024-09-29T18:22:00
se_001064,co_0144,renewal,Small,,2024-10-29,2024-10-29,,,monthly,31,200,200,GBP,paid,2024-10-29T11:25:00
se_001065,co_0144,renewal,Small,,2024-11-29,2024-11-29,,,monthly,31,200,200,GBP,paid,2024-11-29T08:06:00
se_001066,co_0144,renewal,Small,,2024-12-29,2024-12-29,,,monthly,31,200,200,GBP,paid,2024-12-29T18:11:00
se_001067,co_0144,renewal,small,,2025-01-29,2025-01-29,,,monthly,31,200,200,GBP,paid,2025-01-29T16:47:00
se_001068,co_0144,renewal,Small,,2025-02-28,2025-02-28,,,monthly,31,200,200,GBP,paid,2025-02-28T15:14:00
se_001069,co_0144,renewal,Small,,2025-03-28,2025-03-28,,,monthly,31,200,200,GBP,paid,2025-03-28T15:23:00
se_001070,co_0144,renewal,Small,,2025-04-28,2025-04-28,,,monthly,31,200,200,GBP,paid,2025-04-28T18:45:00
se_001071,co_0144,renewal,Small,,2025-05-28,2025-05-28,,,monthly,31,200,200,GBP,paid,2025-05-28T08:54:00
se_001072,co_0144,renewal,Small,,2025-06-28,2025-06-28,,,monthly,31,200,200,GBP,paid,2025-06-28T13:35:00
se_001073,co_0144,renewal,Small,,2025-07-28,2025-07-28,,,monthly,31,200,200,GBP,paid,2025-07-28T19:00:00
se_001074,co_0144,renewal,Small,,2025-08-28,2025-08-28,,,monthly,31,200,200,GBP,paid,2025-08-28T14:14:00
se_001075,co_0144,renewal,Small,,2025-09-28,2025-09-28,,,monthly,31,200,200,GBP,paid,2025-09-28T14:55:00
se_001076,co_0144,renewal,Small,,2025-10-28,2025-10-28,,,monthly,31,200,200,GBP,paid,2025-10-28T14:10:00
se_001077,co_0144,renewal,Small,,2025-11-28,2025-11-28,,,monthly,31,200,200,GBP,paid,2025-11-28T11:29:00
se_001078,co_0144,renewal,Small,,2025-12-28,2025-12-28,,,monthly,31,200,200,GBP,paid,2025-12-28T09:48:00
se_001079,co_0144,payment_failed,Small,,2026-01-28,2026-01-28,,,monthly,31,200,200,GBP,failed,2026-01-28T10:57:00
se_001080,co_0144,payment_recovered,Small,,2026-02-11,2026-02-11,,,monthly,31,200,200,GBP,paid,2026-02-11T12:34:00
se_001081,co_0144,renewal,Small,,2026-02-28,2026-02-28,,,monthly,31,200,200,GBP,paid,2026-02-28T16:53:00
se_001082,co_0144,renewal,Small,,2026-03-28,2026-03-28,,,monthly,31,200,200,GBP,paid,2026-03-28T08:35:00
se_001083,co_0144,renewal,Small,,2026-04-28,2026-04-28,,,monthly,31,200,200,GBP,paid,2026-04-28T14:25:00
se_001084,co_0144,renewal,Small,,2026-05-28,2026-05-28,,,monthly,31,200,200,GBP,paid,2026-05-28T18:44:00
se_001085,co_0144,renewal,Small,,2026-06-28,2026-06-28,,,monthly,31,200,200,GBP,paid,2026-06-28T13:26:00
se_001086,co_0145,trial_start,Small,,,,,2024-02-02,monthly,114,0,0,GBP,not_applicable,2024-01-26T11:21:00
se_001087,co_0146,trial_start,Medium,,,,,2025-11-10,monthly,131,0,0,GBP,not_applicable,2025-11-03T10:12:00
se_001088,co_0146,converted,medium,,2025-11-05,2025-11-05,,,monthly,131,750,750,GBP,paid,2025-11-05T09:40:00
se_001089,co_0146,renewal,Medium,,2025-12-05,2025-12-05,,,monthly,131,750,750,GBP,paid,2025-12-05T13:39:00
se_001090,co_0146,renewal,Medium,,2026-01-05,2026-01-05,,,monthly,131,750,750,GBP,paid,2026-01-05T12:19:00
se_001091,co_0146,renewal,Medium,,2026-02-05,2026-02-05,,,monthly,131,750,750,GBP,paid,2026-02-05T08:25:00
se_001092,co_0146,renewal,Medium,,2026-03-05,2026-03-05,,,monthly,131,750,750,GBP,paid,2026-03-05T11:16:00
se_001093,co_0146,renewal,Medium,,2026-04-05,2026-04-05,,,monthly,131,750,750,GBP,paid,2026-04-05T12:59:00
se_001094,co_0146,renewal,Medium,,2026-05-05,2026-05-05,,,monthly,131,750,750,GBP,paid,2026-05-05T14:38:00
se_001095,co_0146,renewal,Medium,,2026-06-05,2026-06-05,,,monthly,131,750,750,GBP,paid,2026-06-05T15:53:00
se_001096,co_0147,trial_start,Small,,,,,2026-03-11,annual,137,0,0,GBP,not_applicable,2026-03-04T16:20:00
se_001097,co_0147,converted,Small,,2026-03-13,2026-03-13,,,annual,137,200,2400,GBP,paid,2026-03-13T12:22:00
se_001098,co_0148,trial_start,Medium,,,,,2024-05-14,annual,114,0,0,GBP,not_applicable,2024-05-07T11:19:00
se_001099,co_0149,trial_start,Small,,,,,2025-05-12,monthly,86,0,0,GBP,not_applicable,2025-05-05T16:21:00
se_001100,co_0150,trial_start,Medium,,,,,2026-01-03,annual,407,0,0,GBP,not_applicable,2025-12-27T09:54:00
se_001101,co_0150,converted,Medium,,2025-12-29,2025-12-29,,,annual,407,750,9000,GBP,paid,2025-12-29T19:20:00
se_001102,co_0151,trial_start,Medium,,,,,2026-02-05,monthly,118,0,0,GBP,not_applicable,2026-01-29T12:31:00
se_001103,co_0152,trial_start,Small,,,,,2025-07-30,monthly,136,0,0,GBP,not_applicable,2025-07-23T14:38:00
se_001104,co_0152,converted,Small,,2025-08-02,2025-08-02,,,monthly,136,200,200,GBP,paid,2025-08-02T15:32:00
se_001105,co_0152,renewal,Small,,2025-09-02,2025-09-02,,,monthly,136,200,200,GBP,paid,2025-09-02T09:24:00
se_001106,co_0152,renewal,Small,,2025-10-02,2025-10-02,,,monthly,136,200,200,GBP,paid,2025-10-02T12:03:00
se_001107,co_0152,renewal,Small,,2025-11-02,2025-11-02,,,monthly,136,200,200,GBP,paid,2025-11-02T13:53:00
se_001108,co_0152,renewal,Small,,2025-12-02,2025-12-02,,,monthly,136,200,200,GBP,paid,2025-12-02T16:55:00
se_001109,co_0152,renewal,Small,,2026-01-02,2026-01-02,,,monthly,136,200,200,GBP,paid,2026-01-02T18:59:00
se_001110,co_0152,renewal,Small,,2026-02-02,2026-02-02,,,monthly,136,200,200,GBP,paid,2026-02-02T18:12:00
se_001111,co_0152,renewal,Small,,2026-03-02,2026-03-02,,,monthly,136,200,200,GBP,paid,2026-03-02T19:00:00
se_001112,co_0152,renewal,Small,,2026-04-02,2026-04-02,,,monthly,136,200,200,GBP,paid,2026-04-02T10:37:00
se_001113,co_0152,renewal,Small,,2026-05-02,2026-05-02,,,monthly,136,200,200,GBP,paid,2026-05-02T16:40:00
se_001114,co_0152,renewal,Small,,2026-06-02,2026-06-02,,,monthly,136,200,200,GBP,paid,2026-06-02T14:24:00
se_001115,co_0153,trial_start,Medium,,,,,2025-07-05,monthly,485,0,0,GBP,not_applicable,2025-06-28T12:41:00
se_001116,co_0154,trial_start,Small,,,,,2025-10-09,monthly,22,0,0,GBP,not_applicable,2025-10-02T12:14:00
se_001117,co_0154,converted,Small,,2025-10-04,2025-10-04,,,monthly,22,200,200,GBP,paid,2025-10-04T08:46:00
se_001118,co_0154,renewal,Small,,2025-11-04,2025-11-04,,,monthly,22,200,200,GBP,paid,2025-11-04T18:47:00
se_001119,co_0154,renewal,Small,,2025-12-04,2025-12-04,,,monthly,22,200,200,GBP,paid,2025-12-04T12:57:00
se_001120,co_0154,renewal,Small,,2026-01-04,2026-01-04,,,monthly,22,200,200,GBP,paid,2026-01-04T13:48:00
se_001121,co_0154,renewal,Small,,2026-02-04,2026-02-04,,,monthly,22,200,200,GBP,paid,2026-02-04T09:25:00
se_001122,co_0154,renewal,Small,,2026-03-04,2026-03-04,,,monthly,22,200,200,GBP,paid,2026-03-04T10:56:00
se_001123,co_0154,renewal,Small,,2026-04-04,2026-04-04,,,monthly,22,200,200,GBP,paid,2026-04-04T10:06:00
se_001124,co_0154,renewal,Small,,2026-05-12,2026-05-04,,,monthly,22,200,200,GBP,paid,2026-05-04T10:13:00
se_001125,co_0154,payment_failed,Small,,2026-06-04,2026-06-04,,,monthly,22,200,200,GBP,failed,2026-06-04T11:35:00
se_001126,co_0154,payment_recovered,Small,,2026-06-17,2026-06-17,,,monthly,22,200,200,GBP,paid,2026-06-17T09:22:00
se_001127,co_0155,trial_start,Medium,,,,,2026-03-18,monthly,188,0,0,GBP,not_applicable,2026-03-11T18:05:00
se_001128,co_0156,trial_start,Large,,,,,2023-07-28,monthly,739,0,0,GBP,not_applicable,2023-07-21T11:36:00
se_001129,co_0157,trial_start,Small,,,,,2024-09-06,monthly,64,0,0,GBP,not_applicable,2024-08-30T19:06:00
se_001130,co_0158,trial_start,Medium,,,,,2025-02-01,monthly,114,0,0,GBP,not_applicable,2025-01-25T18:13:00
se_001131,co_0159,trial_start,Medium,,,,,2025-01-04,annual,482,0,0,GBP,not_applicable,2024-12-28T09:11:00
se_001132,co_0159,converted,Medium,,2025-01-06,2025-01-06,,,annual,482,750,9000,GBP,paid,2025-01-06T17:37:00
se_001133,co_0159,renewal,Medium,,2026-01-06,2026-01-06,,,annual,482,750,9000,GBP,paid,2026-01-06T11:19:00
se_001134,co_0160,trial_start,Medium,,,,,2024-05-09,monthly,164,0,0,GBP,not_applicable,2024-05-02T12:13:00
se_001135,co_0161,trial_start,Large,,,,,2024-03-23,annual,574,0,0,GBP,not_applicable,2024-03-16T08:03:00
se_001136,co_0161,converted,Large,,2024-03-23,2024-03-23,,,annual,574,1500,18000,GBP,paid,2024-03-23T09:04:00
se_001137,co_0161,renewal,Large,,,2025-03-23,,,annual,574,1500,18000,GBP,paid,2025-03-23T14:41:00
se_001138,co_0161,renewal,Large,,2026-03-23,2026-03-23,,,annual,574,1500,18000,GBP,paid,2026-03-23T12:07:00
se_001139,co_0161,cancellation_scheduled,Large,,,2026-05-19,,,annual,574,1500,18000,GBP,not_applicable,2026-05-19T19:25:00
se_001140,co_0161,voluntary_churn,Large,,,2026-06-15,2026-06-15,,annual,574,1500,0,GBP,not_applicable,2026-06-15T08:07:00
se_001141,co_0162,trial_start,Medium,,,,,2025-07-25,monthly,211,0,0,GBP,not_applicable,2025-07-18T14:12:00
se_001142,co_0162,converted,Medium,,2025-07-22,2025-07-22,,,monthly,211,750,750,GBP,paid,2025-07-22T15:14:00
se_001143,co_0162,renewal,Medium,,2025-08-22,2025-08-22,,,monthly,211,750,750,GBP,paid,2025-08-22T16:23:00
se_001144,co_0162,renewal,Medium,,2025-10-06,2025-09-22,,,monthly,211,750,750,GBP,paid,2025-09-22T15:29:00
se_001145,co_0162,renewal,Medium,,2025-10-22,2025-10-22,,,monthly,211,750,750,GBP,paid,2025-10-22T13:23:00
se_001146,co_0162,renewal,Medium,,2025-11-22,2025-11-22,,,monthly,211,750,750,GBP,paid,2025-11-22T09:17:00
se_001147,co_0162,renewal,Medium,,2025-12-22,2025-12-22,,,monthly,211,750,750,GBP,paid,2025-12-22T14:17:00
se_001148,co_0162,renewal,Medium,,2026-01-22,2026-01-22,,,monthly,211,750,750,GBP,paid,2026-01-22T14:36:00
se_001149,co_0162,renewal,Medium,,2026-03-01,2026-02-22,,,monthly,211,750,750,GBP,paid,2026-02-22T12:50:00
se_001150,co_0162,renewal,Medium,,2026-03-22,2026-03-22,,,monthly,211,750,750,GBP,paid,2026-03-22T09:20:00
se_001151,co_0162,renewal,Medium,,,2026-04-22,,,monthly,211,750,750,GBP,paid,2026-04-22T11:21:00
se_001152,co_0162,renewal,Medium,,2026-05-22,2026-05-22,,,monthly,211,750,750,GBP,paid,2026-05-22T11:25:00
se_001153,co_0162,renewal,Medium,,2026-06-22,2026-06-22,,,monthly,211,750,750,GBP,paid,2026-06-22T10:15:00
se_001154,co_0163,trial_start,Small,,,,,2025-04-19,monthly,101,0,0,GBP,not_applicable,2025-04-12T14:13:00
se_001155,co_0164,trial_start,Small,,,,,2025-04-05,monthly,96,0,0,GBP,not_applicable,2025-03-29T12:40:00
se_001156,co_0164,converted,Small,,2025-04-04,2025-04-04,,,monthly,96,200,200,GBP,paid,2025-04-04T13:14:00
se_001157,co_0164,renewal,Small,,2025-05-04,2025-05-04,,,monthly,96,200,200,GBP,paid,2025-05-04T09:11:00
se_001158,co_0164,renewal,Small,,2025-06-04,2025-06-04,,,monthly,96,200,200,GBP,paid,2025-06-04T08:33:00
se_001159,co_0164,renewal,Small,,2025-07-04,2025-07-04,,,monthly,96,200,200,GBP,paid,2025-07-04T17:55:00
se_001160,co_0164,renewal,Small,,2025-08-04,2025-08-04,,,monthly,96,200,200,GBP,paid,2025-08-04T13:07:00
se_001161,co_0164,renewal,Small,,2025-09-04,2025-09-04,,,monthly,96,200,200,GBP,paid,2025-09-04T17:49:00
se_001162,co_0164,renewal,Small,,2025-10-04,2025-10-04,,,monthly,96,200,200,GBP,paid,2025-10-04T17:00:00
se_001163,co_0164,renewal,Small,,2025-11-04,2025-11-04,,,monthly,96,200,200,GBP,paid,2025-11-04T16:30:00
se_001164,co_0164,renewal,Small,,2025-12-04,2025-12-04,,,monthly,96,200,200,GBP,paid,2025-12-04T12:20:00
se_001165,co_0164,renewal,Small,,2026-01-04,2026-01-04,,,monthly,96,200,200,GBP,paid,2026-01-04T16:12:00
se_001166,co_0164,renewal,Small,,2026-02-04,2026-02-04,,,monthly,96,200,200,GBP,paid,2026-02-04T18:33:00
se_001167,co_0164,renewal,Small,,2026-03-04,2026-03-04,,,monthly,96,200,200,GBP,paid,2026-03-04T14:00:00
se_001168,co_0164,renewal,Small,,2026-04-08,2026-04-04,,,monthly,96,200,200,GBP,paid,2026-04-04T17:30:00
se_001169,co_0164,renewal,Small,,2026-05-04,2026-05-04,,,monthly,96,200,200,GBP,paid,2026-05-04T17:02:00
se_001170,co_0164,payment_failed,Small,,2026-06-04,2026-06-04,,,monthly,96,200,200,GBP,failed,2026-06-04T18:45:00
se_001171,co_0164,payment_recovered,Small,,2026-06-10,2026-06-10,,,monthly,96,200,200,GBP,paid,2026-06-10T10:36:00
se_001172,co_0165,trial_start,Large,,,,,2023-10-21,annual,558,0,0,GBP,not_applicable,2023-10-14T18:44:00
se_001173,co_0166,trial_start,Small,,,,,2026-03-15,monthly,29,0,0,GBP,not_applicable,2026-03-08T13:10:00
se_001174,co_0166,converted,Small,,2026-03-13,2026-03-13,,,monthly,29,200,200,GBP,paid,2026-03-13T14:53:00
se_001175,co_0166,renewal,Small,,2026-04-13,2026-04-13,,,monthly,29,200,200,GBP,paid,2026-04-13T16:34:00
se_001176,co_0166,renewal,Small,,2026-05-25,2026-05-13,,,monthly,29,200,200,GBP,paid,2026-05-13T16:00:00
se_001177,co_0166,renewal,Small,,2026-06-13,2026-06-13,,,monthly,29,200,200,GBP,paid,2026-06-13T08:47:00
se_001178,co_0167,trial_start,Medium,,,,,2025-08-13,annual,325,0,0,GBP,not_applicable,2025-08-06T17:27:00
se_001179,co_0168,trial_start,Small,,,,,2023-09-18,monthly,66,0,0,GBP,not_applicable,2023-09-11T19:26:00
se_001180,co_0168,converted,Small,,2023-09-21,2023-09-21,,,monthly,66,200,200,GBP,paid,2023-09-21T11:04:00
se_001181,co_0168,renewal,Small,,2023-10-21,2023-10-21,,,monthly,66,200,200,GBP,paid,2023-10-21T17:19:00
se_001182,co_0168,renewal,Small,,2023-11-21,2023-11-21,,,monthly,66,200,200,GBP,paid,2023-11-21T17:19:00
se_001183,co_0168,renewal,Small,,2023-12-21,2023-12-21,,,monthly,66,200,200,GBP,paid,2023-12-21T18:02:00
se_001184,co_0168,renewal,Small,,2024-01-21,2024-01-21,,,monthly,66,200,200,GBP,paid,2024-01-21T19:46:00
se_001185,co_0168,renewal,Small,,2024-03-12,2024-02-21,,,monthly,66,200,200,GBP,paid,2024-02-21T11:30:00
se_001186,co_0168,renewal,Small,,2024-03-21,2024-03-21,,,monthly,66,200,200,GBP,paid,2024-03-21T13:25:00
se_001187,co_0168,renewal,Small,,2024-04-21,2024-04-21,,,monthly,66,200,200,GBP,paid,2024-04-21T16:02:00
se_001188,co_0168,renewal,Small,,2024-05-21,2024-05-21,,,monthly,66,200,200,GBP,paid,2024-05-21T17:24:00
se_001189,co_0168,renewal,Small,,2024-06-21,2024-06-21,,,monthly,66,200,200,GBP,paid,2024-06-21T18:27:00
se_001190,co_0168,renewal,Small,,2024-07-21,2024-07-21,,,monthly,66,200,200,GBP,paid,2024-07-21T16:03:00
se_001191,co_0168,renewal,Small,,2024-08-21,2024-08-21,,,monthly,66,200,200,GBP,paid,2024-08-21T18:14:00
se_001192,co_0168,renewal,Small,,2024-09-21,2024-09-21,,,monthly,66,200,200,GBP,paid,2024-09-21T14:31:00
se_001193,co_0168,renewal,Small,,2024-10-21,2024-10-21,,,monthly,66,200,200,GBP,paid,2024-10-21T10:50:00
se_001194,co_0168,renewal,Small,,2024-11-21,2024-11-21,,,monthly,66,200,200,GBP,paid,2024-11-21T14:11:00
se_001195,co_0168,renewal,Small,,2024-12-21,2024-12-21,,,monthly,66,200,200,GBP,paid,2024-12-21T08:21:00
se_001196,co_0168,renewal,Small,,2025-01-21,2025-01-21,,,monthly,66,200,200,GBP,paid,2025-01-21T17:52:00
se_001197,co_0168,renewal,Small,,2025-02-21,2025-02-21,,,monthly,66,200,200,GBP,paid,2025-02-21T19:21:00
se_001198,co_0168,renewal,Small,,2025-03-21,2025-03-21,,,monthly,66,200,200,GBP,paid,2025-03-21T08:56:00
se_001199,co_0168,renewal,Small,,2025-04-21,2025-04-21,,,monthly,66,200,200,GBP,paid,2025-04-21T17:54:00
se_001200,co_0168,renewal,Small,,2025-05-21,2025-05-21,,,monthly,66,200,200,GBP,paid,2025-05-21T13:55:00
se_001201,co_0168,renewal,Small,,2025-06-21,2025-06-21,,,monthly,66,200,200,GBP,paid,2025-06-21T14:18:00
se_001202,co_0168,payment_failed,Small,,2025-07-21,2025-07-21,,,monthly,66,200,200,GBP,failed,2025-07-21T12:39:00
se_001203,co_0168,payment_recovered,Small,,2025-08-03,2025-07-25,,,monthly,66,200,200,GBP,paid,2025-07-25T16:48:00
se_001204,co_0168,renewal,Small,,2025-08-21,2025-08-21,,,monthly,66,200,200,GBP,paid,2025-08-21T13:56:00
se_001205,co_0168,renewal,Small,,2025-09-21,2025-09-21,,,monthly,66,200,200,GBP,paid,2025-09-21T13:41:00
se_001206,co_0168,renewal,Small,,2025-10-21,2025-10-21,,,monthly,66,200,200,GBP,paid,2025-10-21T13:49:00
se_001207,co_0168,renewal,Small,,2025-12-04,2025-11-21,,,monthly,66,200,200,GBP,paid,2025-11-21T16:32:00
se_001208,co_0168,renewal,Small,,2025-12-21,2025-12-21,,,monthly,66,200,200,GBP,paid,2025-12-21T19:50:00
se_001209,co_0168,renewal,Small,,2026-01-21,2026-01-21,,,monthly,66,200,200,GBP,paid,2026-01-21T16:35:00
se_001210,co_0168,renewal,Small,,2026-02-21,2026-02-21,,,monthly,66,200,200,GBP,paid,2026-02-21T13:58:00
se_001211,co_0168,renewal,Small,,2026-03-21,2026-03-21,,,monthly,66,200,200,GBP,paid,2026-03-21T14:34:00
se_001212,co_0168,renewal,Small,,2026-04-21,2026-04-21,,,monthly,66,200,200,GBP,paid,2026-04-21T19:19:00
se_001213,co_0168,renewal,Small,,2026-05-21,2026-05-21,,,monthly,66,200,200,GBP,paid,2026-05-21T18:37:00
se_001214,co_0168,renewal,Small,,2026-06-21,2026-06-21,,,monthly,66,200,200,GBP,paid,2026-06-21T17:59:00
se_001215,co_0169,trial_start,Medium,,,,,2024-10-02,annual,123,0,0,GBP,not_applicable,2024-09-25T15:28:00
se_001216,co_0169,converted,Medium,,2024-10-01,2024-10-01,,,annual,123,750,9000,GBP,paid,2024-10-01T17:57:00
se_001217,co_0169,renewal,Medium,,2025-10-01,2025-10-01,,,annual,123,750,9000,GBP,paid,2025-10-01T15:39:00
se_001218,co_0170,trial_start,Small,,,,,2024-04-13,monthly,28,0,0,GBP,not_applicable,2024-04-06T13:49:00
se_001219,co_0170,converted,Small,,2024-04-09,2024-04-09,,,monthly,28,200,200,GBP,paid,2024-04-09T16:35:00
se_001220,co_0170,renewal,Small,,2024-05-09,2024-05-09,,,monthly,28,200,200,GBP,paid,2024-05-09T09:12:00
se_001221,co_0170,renewal,Small,,2024-06-09,2024-06-09,,,monthly,28,200,200,GBP,paid,2024-06-09T15:18:00
se_001222,co_0170,payment_failed,Small,,2024-07-09,2024-07-09,,,monthly,28,200,200,GBP,failed,2024-07-09T17:48:00
se_001223,co_0170,renewal,Small,,2024-08-09,2024-08-09,,,monthly,28,200,200,GBP,paid,2024-08-09T12:05:00
se_001224,co_0170,renewal,Small,,2024-09-09,2024-09-09,,,monthly,28,200,200,GBP,paid,2024-09-09T13:01:00
se_001225,co_0170,renewal,Small,,2024-10-09,2024-10-09,,,monthly,28,200,200,GBP,paid,2024-10-09T14:32:00
se_001226,co_0170,renewal,Small,,2024-11-09,2024-11-09,,,monthly,28,200,200,GBP,paid,2024-11-09T10:31:00
se_001227,co_0170,renewal,Small,,2024-12-09,2024-12-09,,,monthly,28,200,200,GBP,paid,2024-12-09T19:30:00
se_001228,co_0170,renewal,Small,,2025-01-09,2025-01-09,,,monthly,28,200,200,GBP,paid,2025-01-09T14:03:00
se_001229,co_0170,renewal,Small,,2025-02-09,2025-02-09,,,monthly,28,200,200,GBP,paid,2025-02-09T19:22:00
se_001230,co_0170,renewal,Small,,2025-03-09,2025-03-09,,,monthly,28,200,200,GBP,paid,2025-03-09T08:42:00
se_001231,co_0170,renewal,Small,,2025-04-09,2025-04-09,,,monthly,28,200,200,GBP,paid,2025-04-09T16:22:00
se_001232,co_0170,payment_failed,Small,,2025-05-09,2025-05-09,,,monthly,28,200,200,GBP,failed,2025-05-09T18:20:00
se_001233,co_0170,payment_recovered,Small,,2025-05-14,2025-05-14,,,monthly,28,200,200,GBP,paid,2025-05-14T14:26:00
se_001234,co_0170,renewal,Small,,2025-06-09,2025-06-09,,,monthly,28,200,200,GBP,paid,2025-06-09T10:23:00
se_001235,co_0170,renewal,Small,,2025-07-09,2025-07-09,,,monthly,28,200,200,GBP,paid,2025-07-09T15:46:00
se_001236,co_0170,renewal,Small,,2025-08-09,2025-08-09,,,monthly,28,200,200,GBP,paid,2025-08-09T19:06:00
se_001237,co_0170,renewal,Small,,2025-09-09,2025-09-09,,,monthly,28,200,200,GBP,paid,2025-09-09T17:22:00
se_001238,co_0170,renewal,Small,,2025-10-09,2025-10-09,,,monthly,28,200,200,GBP,paid,2025-10-09T15:40:00
se_001239,co_0170,renewal,Small,,2025-11-09,2025-11-09,,,monthly,28,200,200,GBP,paid,2025-11-09T19:20:00
se_001240,co_0170,renewal,Small,,2025-12-09,2025-12-09,,,monthly,28,200,200,GBP,paid,2025-12-09T10:46:00
se_001241,co_0170,renewal,Small,,2026-01-09,2026-01-09,,,monthly,28,200,200,GBP,paid,2026-01-09T11:59:00
se_001242,co_0170,renewal,Small,,2026-02-09,2026-02-09,,,monthly,28,200,200,GBP,paid,2026-02-09T08:37:00
se_001243,co_0170,renewal,Small,,2026-03-09,2026-03-09,,,monthly,28,200,200,GBP,paid,2026-03-09T09:38:00
se_001244,co_0170,renewal,Small,,2026-04-09,2026-04-09,,,monthly,28,200,200,GBP,paid,2026-04-09T08:37:00
se_001245,co_0170,renewal,Small,,2026-05-09,2026-05-09,,,monthly,28,200,200,GBP,paid,2026-05-09T18:57:00
se_001246,co_0170,renewal,Small,,2026-06-29,2026-06-09,,,monthly,28,200,200,GBP,paid,2026-06-09T11:56:00
se_001247,co_0171,trial_start,Small,,,,,2024-02-04,monthly,49,0,0,GBP,not_applicable,2024-01-28T09:57:00
se_001248,co_0172,trial_start,Medium,,,,,2024-10-12,monthly,257,0,0,GBP,not_applicable,2024-10-05T11:33:00
se_001249,co_0173,trial_start,Medium,,,,,2024-07-26,annual,144,0,0,GBP,not_applicable,2024-07-19T09:48:00
se_001250,co_0173,converted,Medium,,,2024-07-24,,,annual,144,750,9000,GBP,paid,2024-07-24T15:05:00
se_001251,co_0173,renewal,Medium,,2025-07-24,2025-07-24,,,annual,144,750,9000,GBP,paid,2025-07-24T13:29:00
se_001252,co_0174,trial_start,Medium,,,,,2024-07-13,monthly,256,0,0,GBP,not_applicable,2024-07-06T15:11:00
se_001253,co_0174,converted,Medium,,,2024-07-16,,,monthly,256,750,750,GBP,paid,2024-07-16T08:09:00
se_001254,co_0174,renewal,Medium,,2024-08-16,2024-08-16,,,monthly,256,750,750,GBP,paid,2024-08-16T16:52:00
se_001255,co_0174,renewal,Medium,,2024-09-16,2024-09-16,,,monthly,256,750,750,GBP,paid,2024-09-16T19:51:00
se_001256,co_0174,renewal,Medium,,2024-10-16,2024-10-16,,,monthly,256,750,750,GBP,paid,2024-10-16T16:46:00
se_001257,co_0174,renewal,Medium,,2024-11-16,2024-11-16,,,monthly,256,750,750,GBP,paid,2024-11-16T13:17:00
se_001258,co_0174,renewal,Medium,,2024-12-16,2024-12-16,,,monthly,256,750,750,GBP,paid,2024-12-16T08:56:00
se_001259,co_0174,renewal,Medium,,2025-01-16,2025-01-16,,,monthly,256,750,750,GBP,paid,2025-01-16T11:55:00
se_001260,co_0174,renewal,Medium,,2025-02-16,2025-02-16,,,monthly,256,750,750,GBP,paid,2025-02-16T16:05:00
se_001261,co_0174,renewal,Medium,,2025-03-16,2025-03-16,,,monthly,256,750,750,GBP,paid,2025-03-16T13:47:00
se_001262,co_0174,renewal,Medium,,2025-04-16,2025-04-16,,,monthly,256,750,750,GBP,paid,2025-04-16T12:17:00
se_001263,co_0174,renewal,Medium,,2025-05-16,2025-05-16,,,monthly,256,750,750,GBP,paid,2025-05-16T15:46:00
se_001264,co_0174,payment_failed,Medium,,2025-06-16,2025-06-16,,,monthly,256,750,750,GBP,failed,2025-06-16T18:40:00
se_001265,co_0174,renewal,Medium,,2025-07-16,2025-07-16,,,monthly,256,750,750,GBP,paid,2025-07-16T10:21:00
se_001266,co_0174,renewal,Medium,,2025-08-16,2025-08-16,,,monthly,256,750,750,GBP,paid,2025-08-16T13:32:00
se_001267,co_0174,renewal,Medium,,2025-09-16,2025-09-16,,,monthly,256,750,750,GBP,paid,2025-09-16T12:22:00
se_001268,co_0174,renewal,Medium,,2025-10-16,2025-10-16,,,monthly,256,750,750,GBP,paid,2025-10-16T10:49:00
se_001269,co_0174,renewal,Medium,,2025-11-16,2025-11-16,,,monthly,256,750,750,GBP,paid,2025-11-16T08:06:00
se_001270,co_0174,payment_failed,Medium ,,2025-12-16,2025-12-16,,,monthly,256,750,750,GBP,failed,2025-12-16T08:26:00
se_001271,co_0174,payment_recovered,Medium,,2025-12-29,2025-12-29,,,monthly,256,750,750,GBP,paid,2025-12-29T09:26:00
se_001272,co_0174,renewal,Medium,,2026-01-16,2026-01-16,,,monthly,256,750,750,GBP,paid,2026-01-16T18:41:00
se_001273,co_0174,renewal,Medium,,2026-02-16,2026-02-16,,,monthly,256,750,750,GBP,paid,2026-02-16T15:44:00
se_001274,co_0174,renewal,Medium,,2026-04-01,2026-03-16,,,monthly,256,750,750,GBP,paid,2026-03-16T12:08:00
se_001275,co_0174,renewal,Medium,,2026-04-16,2026-04-16,,,monthly,256,750,750,GBP,paid,2026-04-16T11:30:00
se_001276,co_0174,renewal,Medium,,2026-05-16,2026-05-16,,,monthly,256,750,750,GBP,paid,2026-05-16T17:44:00
se_001277,co_0174,renewal,Medium,,2026-06-16,2026-06-16,,,monthly,256,750,750,GBP,paid,2026-06-16T15:15:00
se_001278,co_0175,trial_start,Medium,,,,,2025-09-30,annual,149,0,0,GBP,not_applicable,2025-09-23T10:17:00
se_001279,co_0175,converted,Medium,,2025-10-03,2025-10-03,,,annual,149,750,9000,GBP,paid,2025-10-03T15:01:00
se_001280,co_0176,trial_start,Large,,,,,2024-07-22,monthly,781,0,0,GBP,not_applicable,2024-07-15T12:07:00
se_001281,co_0177,trial_start,Small,,,,,2023-10-23,monthly,21,0,0,GBP,not_applicable,2023-10-16T13:27:00
se_001282,co_0177,converted,Small,,2023-10-18,2023-10-18,,,monthly,21,200,200,GBP,paid,2023-10-18T10:21:00
se_001283,co_0177,renewal,Small,,2023-11-18,2023-11-18,,,monthly,21,200,200,GBP,paid,2023-11-18T14:50:00
se_001284,co_0177,renewal,Small,,2023-12-18,2023-12-18,,,monthly,21,200,200,GBP,paid,2023-12-18T17:28:00
se_001285,co_0177,renewal,Small,,2024-01-18,2024-01-18,,,monthly,21,200,200,GBP,paid,2024-01-18T17:45:00
se_001286,co_0177,renewal,Small,,2024-02-18,2024-02-18,,,monthly,21,200,200,GBP,paid,2024-02-18T13:44:00
se_001287,co_0177,renewal,Small,,2024-03-18,2024-03-18,,,monthly,21,200,200,GBP,paid,2024-03-18T08:30:00
se_001288,co_0177,renewal,Small,,2024-04-18,2024-04-18,,,monthly,21,200,200,GBP,paid,2024-04-18T16:51:00
se_001289,co_0177,renewal,Small,,2024-05-18,2024-05-18,,,monthly,21,200,200,GBP,paid,2024-05-18T19:56:00
se_001290,co_0177,renewal,Small,,2024-06-18,2024-06-18,,,monthly,21,200,200,GBP,paid,2024-06-18T14:21:00
se_001291,co_0177,renewal,Small,,2024-07-18,2024-07-18,,,monthly,21,200,200,GBP,paid,2024-07-18T10:42:00
se_001292,co_0177,renewal,Small,,2024-08-18,2024-08-18,,,monthly,21,200,200,GBP,paid,2024-08-18T17:02:00
se_001293,co_0177,renewal,Small,,2024-09-18,2024-09-18,,,monthly,21,200,200,GBP,paid,2024-09-18T17:37:00
se_001294,co_0177,renewal,Small,,2024-10-18,2024-10-18,,,monthly,21,200,200,GBP,paid,2024-10-18T18:40:00
se_001295,co_0177,renewal,Small,,2024-11-18,2024-11-18,,,monthly,21,200,200,GBP,paid,2024-11-18T12:18:00
se_001296,co_0177,renewal,Small,,2024-12-18,2024-12-18,,,monthly,21,200,200,GBP,paid,2024-12-18T12:21:00
se_001297,co_0177,renewal,Small ,,2025-01-18,2025-01-18,,,monthly,21,200,200,GBP,paid,2025-01-18T11:28:00
se_001298,co_0177,renewal,Small,,2025-02-18,2025-02-18,,,monthly,21,200,200,GBP,paid,2025-02-18T11:16:00
se_001299,co_0177,renewal,Small,,2025-03-18,2025-03-18,,,monthly,21,200,200,GBP,paid,2025-03-18T11:39:00
se_001300,co_0177,renewal,Small,,2025-04-18,2025-04-18,,,monthly,21,200,200,GBP,paid,2025-04-18T14:31:00
se_001301,co_0177,renewal,Small,,2025-05-18,2025-05-18,,,monthly,21,200,200,GBP,paid,2025-05-18T19:40:00
se_001302,co_0177,renewal,Small,,2025-06-18,2025-06-18,,,monthly,21,200,200,GBP,paid,2025-06-18T14:38:00
se_001303,co_0177,renewal,Small,,2025-07-18,2025-07-18,,,monthly,21,200,200,GBP,paid,2025-07-18T11:38:00
se_001304,co_0177,renewal,Small,,2025-08-18,2025-08-18,,,monthly,21,200,200,GBP,paid,2025-08-18T19:56:00
se_001305,co_0177,renewal,Small,,2025-09-18,2025-09-18,,,monthly,21,200,200,GBP,paid,2025-09-18T19:52:00
se_001306,co_0177,renewal,Small,,2025-10-18,2025-10-18,,,monthly,21,200,200,GBP,paid,2025-10-18T12:59:00
se_001307,co_0177,renewal,Small,,2025-11-18,2025-11-18,,,monthly,21,200,200,GBP,paid,2025-11-18T18:44:00
se_001308,co_0177,cancellation_scheduled,Small,,,2025-11-16,,,monthly,21,200,200,GBP,not_applicable,2025-11-16T17:43:00
se_001309,co_0177,voluntary_churn,Small,,,2025-12-05,2025-12-05,,monthly,21,200,0,GBP,not_applicable,2025-12-05T13:34:00
se_001310,co_0178,trial_start,Large,,,,,2026-05-21,annual,1097,0,0,GBP,not_applicable,2026-05-14T12:26:00
se_001311,co_0178,converted,Large,,2026-05-24,2026-05-24,,,annual,1097,1500,18000,GBP,paid,2026-05-24T12:20:00
se_001312,co_0179,trial_start,Medium,,,,,2025-03-31,monthly,473,0,0,GBP,not_applicable,2025-03-24T12:07:00
se_001313,co_0180,trial_start,Medium,,,,,2024-05-09,annual,449,0,0,GBP,not_applicable,2024-05-02T17:22:00
se_001314,co_0180,converted,Medium,,2024-05-09,2024-05-09,,,annual,449,750,9000,GBP,paid,2024-05-09T08:39:00
se_001315,co_0180,renewal,Medium,,2025-05-09,2025-05-09,,,annual,449,750,9000,GBP,paid,2025-05-09T17:46:00
se_001316,co_0180,renewal,Medium,,2026-05-09,2026-05-09,,,annual,449,750,9000,GBP,paid,2026-05-09T13:38:00
se_001317,co_0181,trial_start,Medium,,,,,2024-11-11,annual,354,0,0,GBP,not_applicable,2024-11-04T12:45:00
se_001318,co_0182,trial_start,Medium,,,,,2024-08-20,monthly,230,0,0,GBP,not_applicable,2024-08-13T15:15:00
se_001319,co_0182,converted,Medium,,2024-08-22,2024-08-22,,,monthly,230,750,750,GBP,paid,2024-08-22T08:46:00
se_001320,co_0182,renewal,Medium,,2024-09-22,2024-09-22,,,monthly,230,750,750,GBP,paid,2024-09-22T15:07:00
se_001321,co_0182,renewal,Medium,,2024-10-22,2024-10-22,,,monthly,230,750,750,GBP,paid,2024-10-22T15:36:00
se_001322,co_0182,renewal,Medium,,2024-11-22,2024-11-22,,,monthly,230,750,750,GBP,paid,2024-11-22T13:43:00
se_001323,co_0182,renewal,Medium,,2024-12-22,2024-12-22,,,monthly,230,750,750,GBP,paid,2024-12-22T19:28:00
se_001324,co_0182,renewal,Medium,,2025-01-22,2025-01-22,,,monthly,230,750,750,GBP,paid,2025-01-22T18:27:00
se_001325,co_0182,payment_failed,Medium,,2025-02-22,2025-02-22,,,monthly,230,750,750,GBP,failed,2025-02-22T19:35:00
se_001326,co_0182,payment_recovered,Medium,,2025-03-07,2025-03-07,,,monthly,230,750,750,GBP,paid,2025-03-07T08:50:00
se_001327,co_0182,renewal,Medium,,2025-03-22,2025-03-22,,,monthly,230,750,750,GBP,paid,2025-03-22T09:32:00
se_001328,co_0182,upgrade,Large,Medium,2025-03-26,2025-03-26,,,monthly,230,1500,1500,GBP,paid,2025-03-26T14:50:00
se_001329,co_0182,renewal,Large,,2025-04-22,2025-04-22,,,monthly,230,1500,1500,GBP,paid,2025-04-22T13:33:00
se_001330,co_0182,renewal,Large,,2025-05-22,2025-05-22,,,monthly,230,1500,1500,GBP,paid,2025-05-22T12:21:00
se_001331,co_0182,renewal,Large,,2025-06-22,2025-06-22,,,monthly,230,1500,1500,GBP,paid,2025-06-22T11:45:00
se_001332,co_0182,renewal,Large,,2025-07-22,2025-07-22,,,monthly,230,1500,1500,GBP,paid,2025-07-22T09:29:00
se_001333,co_0182,renewal,Large,,2025-08-22,2025-08-22,,,monthly,230,1500,1500,GBP,paid,2025-08-22T10:52:00
se_001334,co_0182,renewal,Large,,2025-09-22,2025-09-22,,,monthly,230,1500,1500,GBP,paid,2025-09-22T14:44:00
se_001335,co_0182,renewal,Large,,2025-10-22,2025-10-22,,,monthly,230,1500,1500,GBP,paid,2025-10-22T12:37:00
se_001336,co_0182,renewal,Large,,2025-11-22,2025-11-22,,,monthly,230,1500,1500,GBP,paid,2025-11-22T10:04:00
se_001337,co_0182,upgrade,Bespoke,Large,2025-12-09,2025-12-09,,,monthly,230,1500,1500,GBP,paid,2025-12-09T11:12:00
se_001338,co_0182,renewal,Bespoke,,2025-12-22,2025-12-22,,,monthly,230,1500,1500,GBP,paid,2025-12-22T11:02:00
se_001339,co_0182,renewal,Bespoke,,2026-01-22,2026-01-22,,,monthly,230,1500,1500,GBP,paid,2026-01-22T15:00:00
se_001340,co_0182,renewal,Bespoke,,2026-02-22,2026-02-22,,,monthly,230,1500,1500,GBP,paid,2026-02-22T14:00:00
se_001341,co_0182,renewal,Bespoke,,2026-03-22,2026-03-22,,,monthly,230,1500,1500,GBP,paid,2026-03-22T12:37:00
se_001342,co_0182,renewal,Bespoke,,2026-04-22,2026-04-22,,,monthly,230,1500,1500,GBP,paid,2026-04-22T10:13:00
se_001343,co_0182,renewal,Bespoke,,2026-05-22,2026-05-22,,,monthly,230,1500,1500,GBP,paid,2026-05-22T08:03:00
se_001344,co_0182,renewal,Bespoke,,2026-06-22,2026-06-22,,,monthly,230,1500,1500,GBP,paid,2026-06-22T18:30:00
se_001345,co_0183,trial_start,Medium,,,,,2025-03-15,monthly,124,0,0,GBP,not_applicable,2025-03-08T09:37:00
se_001346,co_0183,converted,Medium,,,2025-03-10,,,monthly,124,750,750,GBP,paid,2025-03-10T08:26:00
se_001347,co_0183,renewal,Medium,,2025-04-10,2025-04-10,,,monthly,124,750,750,GBP,paid,2025-04-10T08:02:00
se_001348,co_0183,renewal,Medium,,2025-05-10,2025-05-10,,,monthly,124,750,750,GBP,paid,2025-05-10T10:08:00
se_001349,co_0183,renewal,Medium,,2025-06-10,2025-06-10,,,monthly,124,750,750,GBP,paid,2025-06-10T19:19:00
se_001350,co_0183,renewal,Medium,,2025-07-10,2025-07-10,,,monthly,124,750,750,GBP,paid,2025-07-10T14:00:00
se_001351,co_0183,renewal,Medium,,2025-08-10,2025-08-10,,,monthly,124,750,750,GBP,paid,2025-08-10T19:29:00
se_001352,co_0183,renewal,Medium,,2025-09-10,2025-09-10,,,monthly,124,750,750,GBP,paid,2025-09-10T18:13:00
se_001353,co_0183,renewal,Medium,,2025-10-10,2025-10-10,,,monthly,124,750,750,GBP,paid,2025-10-10T09:56:00
se_001354,co_0183,renewal,Medium,,2025-11-10,2025-11-10,,,monthly,124,750,750,GBP,paid,2025-11-10T14:29:00
se_001355,co_0183,renewal,Medium,,2025-12-10,2025-12-10,,,monthly,124,750,750,GBP,paid,2025-12-10T08:25:00
se_001356,co_0183,renewal,Medium,,2026-01-15,2026-01-10,,,monthly,124,750,750,GBP,paid,2026-01-10T11:42:00
se_001357,co_0183,renewal,Medium,,2026-02-10,2026-02-10,,,monthly,124,750,750,GBP,paid,2026-02-10T09:39:00
se_001358,co_0183,renewal,Medium,,2026-03-10,2026-03-10,,,monthly,124,750,750,GBP,paid,2026-03-10T11:11:00
se_001359,co_0183,payment_failed,Medium,,2026-04-10,2026-04-10,,,monthly,124,750,750,GBP,failed,2026-04-10T08:59:00
se_001360,co_0183,payment_recovered,Medium,,2026-04-24,2026-04-14,,,monthly,124,750,750,GBP,paid,2026-04-14T14:30:00
se_001361,co_0183,renewal,Medium,,2026-05-10,2026-05-10,,,monthly,124,750,750,GBP,paid,2026-05-10T14:54:00
se_001362,co_0183,renewal,Medium,,2026-06-10,2026-06-10,,,monthly,124,750,750,GBP,paid,2026-06-10T18:18:00
se_001363,co_0184,trial_start,Bespoke,,,,,2024-05-27,annual,1298,0,0,GBP,not_applicable,2024-05-20T08:18:00
se_001364,co_0184,converted,Bespoke,,2024-05-29,2024-05-29,,,annual,1298,2230,26760,GBP,paid,2024-05-29T18:10:00
se_001365,co_0184,renewal,Bespoke,,2025-05-29,2025-05-29,,,annual,1298,2070,24840,GBP,paid,2025-05-29T14:22:00
se_001366,co_0184,renewal,Bespoke,,2026-05-29,2026-05-29,,,annual,1298,2130,25560,GBP,paid,2026-05-29T18:46:00
se_001367,co_0185,trial_start,Small,,,,,2024-01-22,annual,113,0,0,GBP,not_applicable,2024-01-15T16:31:00
se_001368,co_0185,converted,Small,,2024-01-17,2024-01-17,,,annual,113,200,2400,GBP,paid,2024-01-17T15:04:00
se_001369,co_0185,renewal,Small,,2025-01-17,2025-01-17,,,annual,113,200,2400,GBP,paid,2025-01-17T12:45:00
se_001370,co_0185,renewal,Small,,2026-01-17,2026-01-17,,,annual,113,200,2400,GBP,paid,2026-01-17T09:02:00
se_001371,co_0186,trial_start,Medium,,,,,2024-09-24,monthly,109,0,0,GBP,not_applicable,2024-09-17T19:17:00
se_001372,co_0186,converted,Medium,,2024-09-24,2024-09-24,,,monthly,109,750,750,GBP,paid,2024-09-24T11:10:00
se_001373,co_0186,renewal,Medium,,2024-10-24,2024-10-24,,,monthly,109,750,750,GBP,paid,2024-10-24T11:25:00
se_001374,co_0186,renewal,Medium,,2024-12-10,2024-11-24,,,monthly,109,750,750,GBP,paid,2024-11-24T16:10:00
se_001375,co_0186,renewal,Medium,,2025-01-08,2024-12-24,,,monthly,109,750,750,GBP,paid,2024-12-24T18:09:00
se_001376,co_0186,renewal,Medium,,2025-01-24,2025-01-24,,,monthly,109,750,750,GBP,paid,2025-01-24T15:01:00
se_001377,co_0186,renewal,Medium,,2025-02-24,2025-02-24,,,monthly,109,750,750,GBP,paid,2025-02-24T13:31:00
se_001378,co_0186,renewal,Medium,,2025-03-24,2025-03-24,,,monthly,109,750,750,GBP,paid,2025-03-24T14:37:00
se_001379,co_0186,renewal,Medium,,2025-04-24,2025-04-24,,,monthly,109,750,750,GBP,paid,2025-04-24T10:47:00
se_001380,co_0186,renewal,Medium,,2025-05-24,2025-05-24,,,monthly,109,750,750,GBP,paid,2025-05-24T10:19:00
se_001381,co_0186,renewal,Medium,,2025-06-24,2025-06-24,,,monthly,109,750,750,GBP,paid,2025-06-24T13:09:00
se_001382,co_0186,renewal,Medium,,2025-07-24,2025-07-24,,,monthly,109,750,750,GBP,paid,2025-07-24T13:38:00
se_001383,co_0186,renewal,Medium,,2025-08-24,2025-08-24,,,monthly,109,750,750,GBP,paid,2025-08-24T12:30:00
se_001384,co_0186,renewal,Medium,,2025-09-24,2025-09-24,,,monthly,109,750,750,GBP,paid,2025-09-24T14:48:00
se_001385,co_0186,renewal,Medium,,2025-10-24,2025-10-24,,,monthly,109,750,750,GBP,paid,2025-10-24T11:40:00
se_001386,co_0186,renewal,Medium,,2025-11-24,2025-11-24,,,monthly,109,750,750,GBP,paid,2025-11-24T17:06:00
se_001387,co_0186,payment_failed,Medium,,2025-12-24,2025-12-24,,,monthly,109,750,750,GBP,failed,2025-12-24T19:48:00
se_001388,co_0186,payment_recovered,Medium,,2026-01-03,2026-01-03,,,monthly,109,750,750,GBP,paid,2026-01-03T19:45:00
se_001389,co_0186,renewal,Medium,,2026-01-24,2026-01-24,,,monthly,109,750,750,GBP,paid,2026-01-24T11:44:00
se_001390,co_0186,renewal,Medium,,2026-02-24,2026-02-24,,,monthly,109,750,750,GBP,paid,2026-02-24T11:09:00
se_001391,co_0186,renewal,Medium,,2026-04-10,2026-03-24,,,monthly,109,750,750,GBP,paid,2026-03-24T16:05:00
se_001392,co_0186,renewal,Medium,,2026-04-24,2026-04-24,,,monthly,109,750,750,GBP,paid,2026-04-24T18:26:00
se_001393,co_0186,renewal,Medium,,2026-05-24,2026-05-24,,,monthly,109,750,750,GBP,paid,2026-05-24T10:25:00
se_001394,co_0186,renewal,medium,,2026-06-24,2026-06-24,,,monthly,109,750,750,GBP,paid,2026-06-24T09:27:00
se_001395,co_0187,trial_start,Small,,,,,2023-11-12,monthly,54,0,0,GBP,not_applicable,2023-11-05T11:36:00
se_001396,co_0187,converted,Small,,2023-11-08,2023-11-08,,,monthly,54,200,200,GBP,paid,2023-11-08T12:35:00
se_001397,co_0187,renewal,Small,,2023-12-17,2023-12-08,,,monthly,54,200,200,GBP,paid,2023-12-08T11:02:00
se_001398,co_0187,renewal,Small,,2024-01-08,2024-01-08,,,monthly,54,200,200,GBP,paid,2024-01-08T13:31:00
se_001399,co_0187,renewal,Small,,2024-02-08,2024-02-08,,,monthly,54,200,200,GBP,paid,2024-02-08T17:47:00
se_001400,co_0187,renewal,Small,,2024-03-08,2024-03-08,,,monthly,54,200,200,GBP,paid,2024-03-08T14:55:00
se_001401,co_0187,renewal,small,,2024-04-08,2024-04-08,,,monthly,54,200,200,GBP,paid,2024-04-08T13:00:00
se_001402,co_0187,renewal,Small,,2024-05-08,2024-05-08,,,monthly,54,200,200,GBP,paid,2024-05-08T15:40:00
se_001403,co_0187,renewal,Small,,2024-06-08,2024-06-08,,,monthly,54,200,200,GBP,paid,2024-06-08T17:42:00
se_001404,co_0187,renewal,Small,,2024-07-08,2024-07-08,,,monthly,54,200,200,GBP,paid,2024-07-08T19:26:00
se_001405,co_0187,renewal,SMALL,,2024-08-08,2024-08-08,,,monthly,54,200,200,GBP,paid,2024-08-08T08:17:00
se_001406,co_0187,renewal,Small,,2024-09-08,2024-09-08,,,monthly,54,200,200,GBP,paid,2024-09-08T16:40:00
se_001407,co_0187,renewal,Small,,2024-10-08,2024-10-08,,,monthly,54,200,200,GBP,paid,2024-10-08T13:06:00
se_001408,co_0187,renewal,Small,,2024-11-08,2024-11-08,,,monthly,54,200,200,GBP,paid,2024-11-08T08:59:00
se_001409,co_0187,renewal,Small,,2024-12-25,2024-12-08,,,monthly,54,200,200,GBP,paid,2024-12-08T13:38:00
se_001410,co_0187,payment_failed,Small,,2025-01-08,2025-01-08,,,monthly,54,200,200,GBP,failed,2025-01-08T16:13:00
se_001411,co_0187,payment_recovered,Small,,2025-02-04,2025-01-26,,,monthly,54,200,200,GBP,paid,2025-01-26T10:52:00
se_001412,co_0187,renewal,Small,,2025-02-22,2025-02-08,,,monthly,54,200,200,GBP,paid,2025-02-08T12:13:00
se_001413,co_0187,renewal,Small,,2025-03-08,2025-03-08,,,monthly,54,200,200,GBP,paid,2025-03-08T15:48:00
se_001414,co_0187,renewal,Small,,2025-04-08,2025-04-08,,,monthly,54,200,200,GBP,paid,2025-04-08T12:14:00
se_001415,co_0187,renewal,Small,,2025-05-08,2025-05-08,,,monthly,54,200,200,GBP,paid,2025-05-08T13:31:00
se_001416,co_0187,renewal,Small,,2025-06-08,2025-06-08,,,monthly,54,200,200,GBP,paid,2025-06-08T17:33:00
se_001417,co_0187,renewal,Small,,2025-07-08,2025-07-08,,,monthly,54,200,200,GBP,paid,2025-07-08T17:24:00
se_001418,co_0187,renewal,Small,,2025-08-08,2025-08-08,,,monthly,54,200,200,GBP,paid,2025-08-08T10:52:00
se_001419,co_0187,renewal,Small,,2025-09-08,2025-09-08,,,monthly,54,200,200,GBP,paid,2025-09-08T10:53:00
se_001420,co_0187,renewal,Small,,2025-10-08,2025-10-08,,,monthly,54,200,200,GBP,paid,2025-10-08T17:59:00
se_001421,co_0187,renewal,Small,,2025-11-08,2025-11-08,,,monthly,54,200,200,GBP,paid,2025-11-08T16:52:00
se_001422,co_0187,renewal,Small,,2025-12-08,2025-12-08,,,monthly,54,200,200,GBP,paid,2025-12-08T16:58:00
se_001423,co_0187,renewal,Small,,2026-01-08,2026-01-08,,,monthly,54,200,200,GBP,paid,2026-01-08T08:58:00
se_001424,co_0187,renewal,Small,,2026-02-08,2026-02-08,,,monthly,54,200,200,GBP,paid,2026-02-08T17:30:00
se_001425,co_0187,renewal,Small,,2026-03-08,2026-03-08,,,monthly,54,200,200,GBP,paid,2026-03-08T08:34:00
se_001426,co_0187,renewal,Small,,2026-04-08,2026-04-08,,,monthly,54,200,200,GBP,paid,2026-04-08T13:44:00
se_001427,co_0187,renewal,Small,,2026-05-08,2026-05-08,,,monthly,54,200,200,GBP,paid,2026-05-08T12:09:00
se_001428,co_0187,renewal,Small,,2026-06-08,2026-06-08,,,monthly,54,200,200,GBP,paid,2026-06-08T15:09:00
se_001429,co_0188,trial_start,Medium,,,,,2023-12-16,monthly,232,0,0,GBP,not_applicable,2023-12-09T18:13:00
se_001430,co_0188,converted,Medium,,2023-12-11,2023-12-11,,,monthly,232,750,750,GBP,paid,2023-12-11T14:19:00
se_001431,co_0188,renewal,Medium,,2024-01-11,2024-01-11,,,monthly,232,750,750,GBP,paid,2024-01-11T10:43:00
se_001432,co_0188,renewal,Medium,,2024-02-11,2024-02-11,,,monthly,232,750,750,GBP,paid,2024-02-11T15:31:00
se_001433,co_0188,renewal,Medium,,2024-03-11,2024-03-11,,,monthly,232,750,750,GBP,paid,2024-03-11T13:12:00
se_001434,co_0188,renewal,MEDIUM,,2024-04-11,2024-04-11,,,monthly,232,750,750,GBP,paid,2024-04-11T15:34:00
se_001435,co_0188,renewal,Medium ,,2024-05-11,2024-05-11,,,monthly,232,750,750,GBP,paid,2024-05-11T12:49:00
se_001436,co_0188,renewal,Medium,,2024-06-11,2024-06-11,,,monthly,232,750,750,GBP,paid,2024-06-11T10:56:00
se_001437,co_0188,renewal,Medium,,2024-07-11,2024-07-11,,,monthly,232,750,750,GBP,paid,2024-07-11T08:48:00
se_001438,co_0188,renewal,Medium,,2024-08-11,2024-08-11,,,monthly,232,750,750,GBP,paid,2024-08-11T12:09:00
se_001439,co_0188,renewal,Medium,,2024-09-11,2024-09-11,,,monthly,232,750,750,GBP,paid,2024-09-11T09:45:00
se_001440,co_0188,renewal,Medium,,2024-10-11,2024-10-11,,,monthly,232,750,750,GBP,paid,2024-10-11T17:30:00
se_001441,co_0188,renewal,Medium,,2024-11-27,2024-11-11,,,monthly,232,750,750,GBP,paid,2024-11-11T14:27:00
se_001442,co_0188,renewal,Medium,,2024-12-11,2024-12-11,,,monthly,232,750,750,GBP,paid,2024-12-11T13:11:00
se_001443,co_0188,renewal,Medium,,2025-01-11,2025-01-11,,,monthly,232,750,750,GBP,paid,2025-01-11T13:06:00
se_001444,co_0188,renewal,Medium,,2025-02-11,2025-02-11,,,monthly,232,750,750,GBP,paid,2025-02-11T12:37:00
se_001445,co_0188,renewal,Medium,,2025-03-11,2025-03-11,,,monthly,232,750,750,GBP,paid,2025-03-11T10:35:00
se_001446,co_0188,renewal,Medium,,2025-04-11,2025-04-11,,,monthly,232,750,750,GBP,paid,2025-04-11T14:29:00
se_001447,co_0188,renewal,Medium,,2025-05-26,2025-05-11,,,monthly,232,750,750,GBP,paid,2025-05-11T12:04:00
se_001448,co_0188,renewal,Medium,,2025-06-11,2025-06-11,,,monthly,232,750,750,GBP,paid,2025-06-11T16:37:00
se_001449,co_0188,payment_failed,Medium,,2025-07-11,2025-07-11,,,monthly,232,750,750,GBP,failed,2025-07-11T14:49:00
se_001450,co_0188,payment_recovered,Medium,,2025-07-23,2025-07-23,,,monthly,232,750,750,GBP,paid,2025-07-23T11:07:00
se_001451,co_0188,renewal,Medium,,2025-08-11,2025-08-11,,,monthly,232,750,750,GBP,paid,2025-08-11T14:54:00
se_001452,co_0188,renewal,Medium,,2025-09-11,2025-09-11,,,monthly,232,750,750,GBP,paid,2025-09-11T09:46:00
se_001453,co_0188,renewal,Medium,,2025-10-11,2025-10-11,,,monthly,232,750,750,GBP,paid,2025-10-11T17:26:00
se_001454,co_0188,renewal,Medium,,2025-11-11,2025-11-11,,,monthly,232,750,750,GBP,paid,2025-11-11T12:37:00
se_001455,co_0188,renewal,Medium,,2025-12-11,2025-12-11,,,monthly,232,750,750,GBP,paid,2025-12-11T16:40:00
se_001456,co_0188,renewal,Medium,,2026-01-11,2026-01-11,,,monthly,232,750,750,GBP,paid,2026-01-11T08:55:00
se_001457,co_0188,renewal,Medium,,2026-02-11,2026-02-11,,,monthly,232,750,750,GBP,paid,2026-02-11T18:23:00
se_001458,co_0188,renewal,Medium,,2026-03-11,2026-03-11,,,monthly,232,750,750,GBP,paid,2026-03-11T17:15:00
se_001459,co_0188,renewal,Medium,,2026-04-11,2026-04-11,,,monthly,232,750,750,GBP,paid,2026-04-11T17:32:00
se_001460,co_0188,renewal,Medium,,2026-05-11,2026-05-11,,,monthly,232,750,750,GBP,paid,2026-05-11T19:25:00
se_001461,co_0188,renewal,Medium,,2026-06-16,2026-06-11,,,monthly,232,750,750,GBP,paid,2026-06-11T11:18:00
se_001462,co_0189,trial_start,Medium,,,,,2025-07-28,monthly,314,0,0,GBP,not_applicable,2025-07-21T12:22:00
se_001463,co_0190,trial_start,Small,,,,,2026-04-21,monthly,96,0,0,GBP,not_applicable,2026-04-14T08:55:00
se_001464,co_0191,trial_start,Small,,,,,2024-02-17,annual,95,0,0,GBP,not_applicable,2024-02-10T19:28:00
se_001465,co_0192,trial_start,Medium,,,,,2024-07-13,monthly,255,0,0,GBP,not_applicable,2024-07-06T18:31:00
se_001466,co_0192,converted,Medium,,2024-07-11,2024-07-11,,,monthly,255,750,750,GBP,paid,2024-07-11T17:18:00
se_001467,co_0192,renewal,Medium,,2024-08-11,2024-08-11,,,monthly,255,750,750,GBP,paid,2024-08-11T10:12:00
se_001468,co_0192,renewal,Medium,,2024-09-11,2024-09-11,,,monthly,255,750,750,GBP,paid,2024-09-11T15:07:00
se_001469,co_0192,payment_failed,Medium,,2024-10-11,2024-10-11,,,monthly,255,750,750,GBP,failed,2024-10-11T11:34:00
se_001470,co_0192,renewal,Medium,,2024-11-11,2024-11-11,,,monthly,255,750,750,GBP,paid,2024-11-11T10:15:00
se_001471,co_0192,renewal,Medium,,2024-12-11,2024-12-11,,,monthly,255,750,750,GBP,paid,2024-12-11T17:10:00
se_001472,co_0192,renewal,Medium,,2025-01-11,2025-01-11,,,monthly,255,750,750,GBP,paid,2025-01-11T09:49:00
se_001473,co_0192,renewal,Medium,,2025-02-11,2025-02-11,,,monthly,255,750,750,GBP,paid,2025-02-11T12:04:00
se_001474,co_0192,renewal,Medium,,2025-03-11,2025-03-11,,,monthly,255,750,750,GBP,paid,2025-03-11T16:06:00
se_001475,co_0192,renewal,Medium,,2025-04-11,2025-04-11,,,monthly,255,750,750,GBP,paid,2025-04-11T17:57:00
se_001476,co_0192,renewal,Medium,,2025-05-11,2025-05-11,,,monthly,255,750,750,GBP,paid,2025-05-11T16:39:00
se_001477,co_0192,renewal,Medium,,2025-06-11,2025-06-11,,,monthly,255,750,750,GBP,paid,2025-06-11T18:33:00
se_001478,co_0192,renewal,Medium,,2025-07-11,2025-07-11,,,monthly,255,750,750,GBP,paid,2025-07-11T14:44:00
se_001479,co_0192,renewal,Medium,,2025-08-11,2025-08-11,,,monthly,255,750,750,GBP,paid,2025-08-11T08:53:00
se_001480,co_0192,renewal,Medium,,2025-09-11,2025-09-11,,,monthly,255,750,750,GBP,paid,2025-09-11T10:59:00
se_001481,co_0192,renewal,Medium,,2025-10-11,2025-10-11,,,monthly,255,750,750,GBP,paid,2025-10-11T14:34:00
se_001482,co_0192,renewal,Medium,,2025-11-11,2025-11-11,,,monthly,255,750,750,GBP,paid,2025-11-11T12:51:00
se_001483,co_0192,upgrade,Large,Medium,2025-11-21,2025-11-21,,,monthly,255,1500,1500,GBP,paid,2025-11-21T11:02:00
se_001484,co_0192,renewal,Large,,2025-12-11,2025-12-11,,,monthly,255,1500,1500,GBP,paid,2025-12-11T16:45:00
se_001485,co_0192,renewal,Large ,,2026-01-11,2026-01-11,,,monthly,255,1500,1500,GBP,paid,2026-01-11T14:42:00
se_001486,co_0192,renewal,Large,,2026-02-11,2026-02-11,,,monthly,255,1500,1500,GBP,paid,2026-02-11T16:55:00
se_001487,co_0192,renewal,Large,,2026-03-11,2026-03-11,,,monthly,255,1500,1500,GBP,paid,2026-03-11T16:48:00
se_001488,co_0192,renewal,Large,,2026-04-11,2026-04-11,,,monthly,255,1500,1500,GBP,paid,2026-04-11T12:37:00
se_001489,co_0192,renewal,Large,,2026-05-11,2026-05-11,,,monthly,255,1500,1500,GBP,paid,2026-05-11T14:13:00
se_001490,co_0192,renewal,Large,,2026-06-11,2026-06-11,,,monthly,255,1500,1500,GBP,paid,2026-06-11T19:20:00
se_001491,co_0193,trial_start,Small,,,,,2023-11-01,monthly,44,0,0,GBP,not_applicable,2023-10-25T17:45:00
se_001492,co_0194,trial_start,Small,,,,,2024-03-08,annual,43,0,0,GBP,not_applicable,2024-03-01T17:12:00
se_001493,co_0194,converted,Small,,2024-03-09,2024-03-09,,,annual,43,200,2400,GBP,paid,2024-03-09T13:58:00
se_001494,co_0194,renewal,Small,,2025-03-14,2025-03-09,,,annual,43,200,2400,GBP,paid,2025-03-09T18:09:00
se_001495,co_0194,payment_failed,Small,,2026-03-09,2026-03-09,,,annual,43,200,200,GBP,failed,2026-03-09T18:20:00
se_001496,co_0194,payment_recovered,Small,,2026-03-27,2026-03-27,,,annual,43,200,2400,GBP,paid,2026-03-27T12:36:00
se_001497,co_0194,cancellation_scheduled,Small,,,2026-03-16,,,annual,43,200,2400,GBP,not_applicable,2026-03-16T16:09:00
se_001498,co_0194,voluntary_churn,Small,,,2026-03-31,2026-03-31,,annual,43,200,0,GBP,not_applicable,2026-03-31T12:56:00
se_001499,co_0195,trial_start,Small,,,,,2024-01-19,monthly,70,0,0,GBP,not_applicable,2024-01-12T17:43:00
se_001500,co_0196,trial_start,Small,,,,,2024-09-29,monthly,75,0,0,GBP,not_applicable,2024-09-22T14:50:00
se_001501,co_0196,converted,Small,,2024-09-27,2024-09-27,,,monthly,75,200,200,GBP,paid,2024-09-27T11:29:00
se_001502,co_0196,renewal,Small,,2024-10-27,2024-10-27,,,monthly,75,200,200,GBP,paid,2024-10-27T11:00:00
se_001503,co_0196,renewal,Small,,2024-11-27,2024-11-27,,,monthly,75,200,200,GBP,paid,2024-11-27T18:23:00
se_001504,co_0196,renewal,Small,,2025-01-01,2024-12-27,,,monthly,75,200,200,GBP,paid,2024-12-27T08:18:00
se_001505,co_0196,renewal,Small,,2025-01-27,2025-01-27,,,monthly,75,200,200,GBP,paid,2025-01-27T08:46:00
se_001506,co_0196,renewal,Small,,2025-02-27,2025-02-27,,,monthly,75,200,200,GBP,paid,2025-02-27T14:46:00
se_001507,co_0196,renewal,Small,,2025-04-12,2025-03-27,,,monthly,75,200,200,GBP,paid,2025-03-27T08:54:00
se_001508,co_0196,renewal,Small,,2025-04-27,2025-04-27,,,monthly,75,200,200,GBP,paid,2025-04-27T15:23:00
se_001509,co_0196,renewal,Small,,2025-06-08,2025-05-27,,,monthly,75,200,200,GBP,paid,2025-05-27T09:32:00
se_001510,co_0196,renewal,Small,,2025-06-27,2025-06-27,,,monthly,75,200,200,GBP,paid,2025-06-27T09:00:00
se_001511,co_0196,renewal,Small,,2025-07-27,2025-07-27,,,monthly,75,200,200,GBP,paid,2025-07-27T18:44:00
se_001512,co_0196,renewal,Small,,2025-08-27,2025-08-27,,,monthly,75,200,200,GBP,paid,2025-08-27T15:40:00
se_001513,co_0196,renewal,Small,,2025-09-27,2025-09-27,,,monthly,75,200,200,GBP,paid,2025-09-27T18:14:00
se_001514,co_0196,renewal,Small,,2025-10-27,2025-10-27,,,monthly,75,200,200,GBP,paid,2025-10-27T09:19:00
se_001515,co_0196,renewal,Small,,2025-11-27,2025-11-27,,,monthly,75,200,200,GBP,paid,2025-11-27T16:54:00
se_001516,co_0196,renewal,Small,,2025-12-27,2025-12-27,,,monthly,75,200,200,GBP,paid,2025-12-27T11:32:00
se_001517,co_0196,renewal,Small,,2026-01-27,2026-01-27,,,monthly,75,200,200,GBP,paid,2026-01-27T08:16:00
se_001518,co_0196,renewal,Small,,2026-02-27,2026-02-27,,,monthly,75,200,200,GBP,paid,2026-02-27T18:28:00
se_001519,co_0196,renewal,Small,,2026-03-27,2026-03-27,,,monthly,75,200,200,GBP,paid,2026-03-27T10:37:00
se_001520,co_0196,renewal,Small,,2026-04-27,2026-04-27,,,monthly,75,200,200,GBP,paid,2026-04-27T11:43:00
se_001521,co_0196,renewal,Small,,2026-05-27,2026-05-27,,,monthly,75,200,200,GBP,paid,2026-05-27T12:05:00
se_001522,co_0196,renewal,Small,,2026-06-27,2026-06-27,,,monthly,75,200,200,GBP,paid,2026-06-27T14:25:00
se_001523,co_0197,trial_start,Medium,,,,,2023-10-02,monthly,135,0,0,GBP,not_applicable,2023-09-25T16:51:00
se_001524,co_0197,converted,Medium,,2023-10-05,2023-10-05,,,monthly,135,750,750,GBP,paid,2023-10-05T17:20:00
se_001525,co_0197,payment_failed,Medium,,2023-11-05,2023-11-05,,,monthly,135,750,750,GBP,failed,2023-11-05T12:13:00
se_001526,co_0197,renewal,Medium,,2023-12-05,2023-12-05,,,monthly,135,750,750,GBP,paid,2023-12-05T17:51:00
se_001527,co_0197,renewal,Medium,,2024-01-05,2024-01-05,,,monthly,135,750,750,GBP,paid,2024-01-05T15:54:00
se_001528,co_0197,renewal,Medium,,2024-02-05,2024-02-05,,,monthly,135,750,750,GBP,paid,2024-02-05T08:21:00
se_001529,co_0197,renewal,Medium,,2024-03-05,2024-03-05,,,monthly,135,750,750,GBP,paid,2024-03-05T08:53:00
se_001530,co_0197,renewal,Medium,,2024-04-05,2024-04-05,,,monthly,135,750,750,GBP,paid,2024-04-05T15:34:00
se_001531,co_0197,renewal,Medium,,2024-05-05,2024-05-05,,,monthly,135,750,750,GBP,paid,2024-05-05T09:31:00
se_001532,co_0197,renewal,Medium,,2024-06-05,2024-06-05,,,monthly,135,750,750,GBP,paid,2024-06-05T11:45:00
se_001533,co_0197,renewal,Medium,,2024-07-05,2024-07-05,,,monthly,135,750,750,GBP,paid,2024-07-05T08:14:00
se_001534,co_0197,renewal,Medium,,2024-08-05,2024-08-05,,,monthly,135,750,750,GBP,paid,2024-08-05T16:36:00
se_001535,co_0197,renewal,Medium,,2024-09-05,2024-09-05,,,monthly,135,750,750,GBP,paid,2024-09-05T16:32:00
se_001536,co_0197,renewal,Medium,,2024-10-05,2024-10-05,,,monthly,135,750,750,GBP,paid,2024-10-05T10:03:00
se_001537,co_0197,renewal,Medium,,2024-11-05,2024-11-05,,,monthly,135,750,750,GBP,paid,2024-11-05T10:14:00
se_001538,co_0197,renewal,Medium,,2024-12-05,2024-12-05,,,monthly,135,750,750,GBP,paid,2024-12-05T12:49:00
se_001539,co_0197,renewal,Medium,,2025-01-25,2025-01-05,,,monthly,135,750,750,GBP,paid,2025-01-05T14:24:00
se_001540,co_0197,renewal,Medium,,2025-02-05,2025-02-05,,,monthly,135,750,750,GBP,paid,2025-02-05T13:37:00
se_001541,co_0197,renewal,Medium,,2025-03-05,2025-03-05,,,monthly,135,750,750,GBP,paid,2025-03-05T14:41:00
se_001542,co_0197,renewal,Medium,,2025-04-05,2025-04-05,,,monthly,135,750,750,GBP,paid,2025-04-05T13:32:00
se_001543,co_0197,renewal,Medium,,2025-05-05,2025-05-05,,,monthly,135,750,750,GBP,paid,2025-05-05T18:00:00
se_001544,co_0197,renewal,Medium,,2025-06-05,2025-06-05,,,monthly,135,750,750,GBP,paid,2025-06-05T12:23:00
se_001545,co_0197,renewal,Medium,,2025-07-05,2025-07-05,,,monthly,135,750,750,GBP,paid,2025-07-05T12:47:00
se_001546,co_0197,renewal,Medium,,2025-08-05,2025-08-05,,,monthly,135,750,750,GBP,paid,2025-08-05T19:45:00
se_001547,co_0197,renewal,Medium,,2025-09-05,2025-09-05,,,monthly,135,750,750,GBP,paid,2025-09-05T09:01:00
se_001548,co_0197,renewal,Medium,,2025-10-05,2025-10-05,,,monthly,135,750,750,GBP,paid,2025-10-05T17:18:00
se_001549,co_0197,renewal,Medium,,2025-11-05,2025-11-05,,,monthly,135,750,750,GBP,paid,2025-11-05T08:14:00
se_001550,co_0197,renewal,Medium,,2025-12-05,2025-12-05,,,monthly,135,750,750,GBP,paid,2025-12-05T15:38:00
se_001551,co_0197,renewal,Medium,,2026-01-05,2026-01-05,,,monthly,135,750,750,GBP,paid,2026-01-05T18:12:00
se_001552,co_0197,renewal,Medium,,,2026-02-05,,,monthly,135,750,750,GBP,paid,2026-02-05T09:30:00
se_001553,co_0197,renewal,Medium,,2026-03-05,2026-03-05,,,monthly,135,750,750,GBP,paid,2026-03-05T08:21:00
se_001554,co_0197,renewal,Medium,,2026-04-05,2026-04-05,,,monthly,135,750,750,GBP,paid,2026-04-05T19:41:00
se_001555,co_0197,renewal,Medium,,2026-05-05,2026-05-05,,,monthly,135,750,750,GBP,paid,2026-05-05T16:01:00
se_001556,co_0197,renewal,Medium,,2026-06-05,2026-06-05,,,monthly,135,750,750,GBP,paid,2026-06-05T12:11:00
se_001557,co_0198,trial_start,Small,,,,,2025-11-03,monthly,101,0,0,GBP,not_applicable,2025-10-27T18:17:00
se_001558,co_0199,trial_start,Medium,,,,,2025-09-27,monthly,430,0,0,GBP,not_applicable,2025-09-20T10:20:00
se_001559,co_0200,trial_start,Medium,,,,,2025-12-15,annual,433,0,0,GBP,not_applicable,2025-12-08T09:25:00
se_001560,co_0200,converted,Medium,,2025-12-18,2025-12-18,,,annual,433,750,9000,GBP,paid,2025-12-18T14:55:00
se_001561,co_0201,trial_start,Large,,,,,2024-01-02,monthly,635,0,0,GBP,not_applicable,2023-12-26T16:58:00
se_001562,co_0201,converted,Large,,2024-01-01,2024-01-01,,,monthly,635,1500,1500,GBP,paid,2024-01-01T10:45:00
se_001563,co_0201,renewal,Large,,2024-02-15,2024-02-01,,,monthly,635,1500,1500,GBP,paid,2024-02-01T13:31:00
se_001564,co_0201,renewal,Large,,,2024-03-01,,,monthly,635,1500,1500,GBP,paid,2024-03-01T08:13:00
se_001565,co_0201,renewal,Large,,2024-04-01,2024-04-01,,,monthly,635,1500,1500,GBP,paid,2024-04-01T14:45:00
se_001566,co_0201,renewal,Large,,2024-05-01,2024-05-01,,,monthly,635,1500,1500,GBP,paid,2024-05-01T17:07:00
se_001567,co_0201,renewal,Large,,2024-06-01,2024-06-01,,,monthly,635,1500,1500,GBP,paid,2024-06-01T11:53:00
se_001568,co_0201,renewal,Large,,2024-07-01,2024-07-01,,,monthly,635,1500,1500,GBP,paid,2024-07-01T17:54:00
se_001569,co_0201,renewal,Large,,2024-08-01,2024-08-01,,,monthly,635,1500,1500,GBP,paid,2024-08-01T17:34:00
se_001570,co_0201,renewal,Large,,2024-09-01,2024-09-01,,,monthly,635,1500,1500,GBP,paid,2024-09-01T13:25:00
se_001571,co_0201,renewal,Large,,2024-10-01,2024-10-01,,,monthly,635,1500,1500,GBP,paid,2024-10-01T18:47:00
se_001572,co_0201,renewal,Large,,2024-11-01,2024-11-01,,,monthly,635,1500,1500,GBP,paid,2024-11-01T12:35:00
se_001573,co_0201,renewal,Large,,2024-12-01,2024-12-01,,,monthly,635,1500,1500,GBP,paid,2024-12-01T13:18:00
se_001574,co_0201,payment_failed,Large,,2025-01-01,2025-01-01,,,monthly,635,1500,1500,GBP,failed,2025-01-01T09:09:00
se_001575,co_0201,renewal,Large,,2025-02-01,2025-02-01,,,monthly,635,1500,1500,GBP,paid,2025-02-01T12:41:00
se_001576,co_0201,renewal,Large,,2025-03-01,2025-03-01,,,monthly,635,1500,1500,GBP,paid,2025-03-01T10:04:00
se_001577,co_0201,renewal,Large,,2025-04-01,2025-04-01,,,monthly,635,1500,1500,GBP,paid,2025-04-01T08:48:00
se_001578,co_0201,renewal,Large,,2025-05-01,2025-05-01,,,monthly,635,1500,1500,GBP,paid,2025-05-01T18:54:00
se_001579,co_0201,renewal,Large,,2025-06-01,2025-06-01,,,monthly,635,1500,1500,GBP,paid,2025-06-01T14:47:00
se_001580,co_0201,renewal,Large,,2025-07-01,2025-07-01,,,monthly,635,1500,1500,GBP,paid,2025-07-01T15:56:00
se_001581,co_0201,renewal,Large,,2025-08-01,2025-08-01,,,monthly,635,1500,1500,GBP,paid,2025-08-01T19:56:00
se_001582,co_0201,renewal,Large,,2025-09-01,2025-09-01,,,monthly,635,1500,1500,GBP,paid,2025-09-01T11:03:00
se_001583,co_0201,renewal,Large,,2025-10-01,2025-10-01,,,monthly,635,1500,1500,GBP,paid,2025-10-01T12:46:00
se_001584,co_0201,renewal,Large,,2025-11-01,2025-11-01,,,monthly,635,1500,1500,GBP,paid,2025-11-01T08:26:00
se_001585,co_0201,renewal,Large,,2025-12-01,2025-12-01,,,monthly,635,1500,1500,GBP,paid,2025-12-01T09:32:00
se_001586,co_0201,renewal,Large,,2026-01-01,2026-01-01,,,monthly,635,1500,1500,GBP,paid,2026-01-01T17:07:00
se_001587,co_0201,renewal,Large,,2026-02-01,2026-02-01,,,monthly,635,1500,1500,GBP,paid,2026-02-01T14:39:00
se_001588,co_0201,renewal,Large,,2026-03-01,2026-03-01,,,monthly,635,1500,1500,GBP,paid,2026-03-01T08:11:00
se_001589,co_0201,renewal,Large,,2026-04-01,2026-04-01,,,monthly,635,1500,1500,GBP,paid,2026-04-01T13:55:00
se_001590,co_0201,renewal,Large,,2026-05-01,2026-05-01,,,monthly,635,1500,1500,GBP,paid,2026-05-01T19:30:00
se_001591,co_0201,renewal,Large,,2026-06-01,2026-06-01,,,monthly,635,1500,1500,GBP,paid,2026-06-01T17:39:00
se_001592,co_0202,trial_start,Small,,,,,2024-08-10,annual,116,0,0,GBP,not_applicable,2024-08-03T18:21:00
se_001593,co_0202,converted,Small,,2024-08-11,2024-08-11,,,annual,116,200,2400,GBP,paid,2024-08-11T17:00:00
se_001594,co_0202,renewal,Small,,2025-08-11,2025-08-11,,,annual,116,200,2400,GBP,paid,2025-08-11T08:05:00
se_001595,co_0203,trial_start,Small,,,,,2025-08-16,monthly,66,0,0,GBP,not_applicable,2025-08-09T17:27:00
se_001596,co_0203,converted,Small,,2025-08-13,2025-08-13,,,monthly,66,200,200,GBP,paid,2025-08-13T16:03:00
se_001597,co_0203,renewal,Small,,2025-09-13,2025-09-13,,,monthly,66,200,200,GBP,paid,2025-09-13T15:36:00
se_001598,co_0203,renewal,Small,,2025-10-13,2025-10-13,,,monthly,66,200,200,GBP,paid,2025-10-13T08:50:00
se_001599,co_0203,renewal,Small,,2025-11-13,2025-11-13,,,monthly,66,200,200,GBP,paid,2025-11-13T12:45:00
se_001600,co_0203,renewal,Small,,2025-12-13,2025-12-13,,,monthly,66,200,200,GBP,paid,2025-12-13T16:06:00
se_001601,co_0203,renewal,Small,,2026-02-02,2026-01-13,,,monthly,66,200,200,GBP,paid,2026-01-13T17:44:00
se_001602,co_0203,renewal,Small,,2026-02-13,2026-02-13,,,monthly,66,200,200,GBP,paid,2026-02-13T09:38:00
se_001603,co_0203,renewal,Small ,,2026-03-13,2026-03-13,,,monthly,66,200,200,GBP,paid,2026-03-13T16:05:00
se_001604,co_0203,renewal,Small,,2026-04-29,2026-04-13,,,monthly,66,200,200,GBP,paid,2026-04-13T17:36:00
se_001605,co_0203,renewal,Small,,2026-05-13,2026-05-13,,,monthly,66,200,200,GBP,paid,2026-05-13T19:05:00
se_001606,co_0203,renewal,Small,,2026-06-13,2026-06-13,,,monthly,66,200,200,GBP,paid,2026-06-13T10:23:00
se_001607,co_0204,trial_start,Small,,,,,2025-09-29,annual,111,0,0,GBP,not_applicable,2025-09-22T18:11:00
se_001608,co_0204,converted,Small,,2025-09-24,2025-09-24,,,annual,111,200,2400,GBP,paid,2025-09-24T13:03:00
se_001609,co_0205,trial_start,Small,,,,,2024-06-27,annual,38,0,0,GBP,not_applicable,2024-06-20T13:14:00
se_001610,co_0205,converted,Small,,2024-06-22,2024-06-22,,,annual,38,200,2400,GBP,paid,2024-06-22T08:54:00
se_001611,co_0205,renewal,Small,,2025-06-22,2025-06-22,,,annual,38,200,2400,GBP,paid,2025-06-22T08:56:00
se_001612,co_0205,upgrade,Medium,Small,2025-07-09,2025-07-09,,,annual,38,750,9000,GBP,paid,2025-07-09T18:30:00
se_001613,co_0205,renewal,Medium,,2026-06-22,2026-06-22,,,annual,38,750,9000,GBP,paid,2026-06-22T09:32:00
se_001614,co_0206,trial_start,Small,,,,,2025-08-30,monthly,85,0,0,GBP,not_applicable,2025-08-23T18:53:00
se_001615,co_0207,trial_start,Small,,,,,2025-05-26,annual,42,0,0,GBP,not_applicable,2025-05-19T12:10:00
se_001616,co_0207,converted,Small,,2025-05-26,2025-05-26,,,annual,42,200,2400,GBP,paid,2025-05-26T11:00:00
se_001617,co_0207,renewal,Small,,2026-05-26,2026-05-26,,,annual,42,200,2400,GBP,paid,2026-05-26T18:36:00
se_001618,co_0208,trial_start,Small,,,,,2024-05-20,annual,109,0,0,GBP,not_applicable,2024-05-13T16:49:00
se_001619,co_0208,converted,Small,,2024-05-19,2024-05-19,,,annual,109,200,2400,GBP,paid,2024-05-19T13:13:00
se_001620,co_0208,renewal,Small,,2025-05-19,2025-05-19,,,annual,109,200,2400,GBP,paid,2025-05-19T11:43:00
se_001621,co_0208,renewal,Small,,2026-05-19,2026-05-19,,,annual,109,200,2400,GBP,paid,2026-05-19T12:38:00
se_001622,co_0208,upgrade,Medium,Small,2026-06-10,2026-06-10,,,annual,109,750,9000,GBP,paid,2026-06-10T13:53:00
se_001623,co_0209,trial_start,Small,,,,,2024-05-03,monthly,31,0,0,GBP,not_applicable,2024-04-26T09:44:00
se_001624,co_0209,converted,Small,,2024-05-06,2024-05-06,,,monthly,31,200,200,GBP,paid,2024-05-06T13:57:00
se_001625,co_0209,renewal,Small,,2024-06-06,2024-06-06,,,monthly,31,200,200,GBP,paid,2024-06-06T09:23:00
se_001626,co_0209,renewal,Small,,2024-07-06,2024-07-06,,,monthly,31,200,200,GBP,paid,2024-07-06T13:36:00
se_001627,co_0209,renewal,Small,,2024-08-06,2024-08-06,,,monthly,31,200,200,GBP,paid,2024-08-06T09:46:00
se_001628,co_0209,renewal,Small,,2024-09-06,2024-09-06,,,monthly,31,200,200,GBP,paid,2024-09-06T12:55:00
se_001629,co_0209,renewal,Small,,2024-10-22,2024-10-06,,,monthly,31,200,200,GBP,paid,2024-10-06T15:57:00
se_001630,co_0209,renewal,Small,,2024-11-06,2024-11-06,,,monthly,31,200,200,GBP,paid,2024-11-06T16:15:00
se_001631,co_0209,renewal,Small,,2024-12-06,2024-12-06,,,monthly,31,200,200,GBP,paid,2024-12-06T08:43:00
se_001632,co_0209,renewal,Small,,2025-01-06,2025-01-06,,,monthly,31,200,200,GBP,paid,2025-01-06T18:07:00
se_001633,co_0209,renewal,Small,,2025-02-06,2025-02-06,,,monthly,31,200,200,GBP,paid,2025-02-06T17:24:00
se_001634,co_0209,payment_failed,Small,,2025-03-06,2025-03-06,,,monthly,31,200,200,GBP,failed,2025-03-06T18:07:00
se_001635,co_0209,renewal,Small,,2025-04-06,2025-04-06,,,monthly,31,200,200,GBP,paid,2025-04-06T12:35:00
se_001636,co_0209,renewal,Small,,2025-05-06,2025-05-06,,,monthly,31,200,200,GBP,paid,2025-05-06T12:28:00
se_001637,co_0209,payment_failed,Small,,2025-06-06,2025-06-06,,,monthly,31,200,200,GBP,failed,2025-06-06T14:39:00
se_001638,co_0209,payment_recovered,Small,,2025-06-10,2025-06-10,,,monthly,31,200,200,GBP,paid,2025-06-10T16:28:00
se_001639,co_0209,renewal,Small,,2025-07-06,2025-07-06,,,monthly,31,200,200,GBP,paid,2025-07-06T10:44:00
se_001640,co_0209,renewal,Small,,2025-08-06,2025-08-06,,,monthly,31,200,200,GBP,paid,2025-08-06T15:32:00
se_001641,co_0209,renewal,Small,,2025-09-06,2025-09-06,,,monthly,31,200,200,GBP,paid,2025-09-06T09:04:00
se_001642,co_0209,renewal,Small,,2025-10-06,2025-10-06,,,monthly,31,200,200,GBP,paid,2025-10-06T19:20:00
se_001643,co_0209,renewal,Small,,2025-11-06,2025-11-06,,,monthly,31,200,200,GBP,paid,2025-11-06T15:03:00
se_001644,co_0209,renewal,Small,,2025-12-06,2025-12-06,,,monthly,31,200,200,GBP,paid,2025-12-06T15:57:00
se_001645,co_0209,renewal,Small,,2026-01-06,2026-01-06,,,monthly,31,200,200,GBP,paid,2026-01-06T11:32:00
se_001646,co_0209,renewal,Small,,2026-02-06,2026-02-06,,,monthly,31,200,200,GBP,paid,2026-02-06T15:45:00
se_001647,co_0209,renewal,Small,,2026-03-06,2026-03-06,,,monthly,31,200,200,GBP,paid,2026-03-06T13:20:00
se_001648,co_0209,renewal,Small,,2026-04-06,2026-04-06,,,monthly,31,200,200,GBP,paid,2026-04-06T14:11:00
se_001649,co_0209,renewal,Small,,2026-05-06,2026-05-06,,,monthly,31,200,200,GBP,paid,2026-05-06T11:41:00
se_001650,co_0209,renewal,Small,,2026-06-06,2026-06-06,,,monthly,31,200,200,GBP,paid,2026-06-06T17:10:00
se_001651,co_0210,trial_start,Small,,,,,2024-03-18,annual,88,0,0,GBP,not_applicable,2024-03-11T11:55:00
se_001652,co_0211,trial_start,Medium,,,,,2024-01-20,monthly,242,0,0,GBP,not_applicable,2024-01-13T18:22:00
se_001653,co_0211,converted,Medium,,2024-01-15,2024-01-15,,,monthly,242,750,750,GBP,paid,2024-01-15T18:17:00
se_001654,co_0211,renewal,Medium,,2024-02-15,2024-02-15,,,monthly,242,750,750,GBP,paid,2024-02-15T16:13:00
se_001655,co_0211,renewal,Medium,,2024-03-15,2024-03-15,,,monthly,242,750,750,GBP,paid,2024-03-15T16:25:00
se_001656,co_0211,renewal,Medium,,2024-04-15,2024-04-15,,,monthly,242,750,750,GBP,paid,2024-04-15T15:04:00
se_001657,co_0211,renewal,Medium,,2024-05-15,2024-05-15,,,monthly,242,750,750,GBP,paid,2024-05-15T16:41:00
se_001658,co_0211,renewal,Medium,,2024-06-15,2024-06-15,,,monthly,242,750,750,GBP,paid,2024-06-15T17:12:00
se_001659,co_0211,renewal,Medium,,2024-07-20,2024-07-15,,,monthly,242,750,750,GBP,paid,2024-07-15T15:03:00
se_001660,co_0211,renewal,Medium,,2024-08-15,2024-08-15,,,monthly,242,750,750,GBP,paid,2024-08-15T10:16:00
se_001661,co_0211,renewal,Medium,,2024-09-15,2024-09-15,,,monthly,242,750,750,GBP,paid,2024-09-15T17:52:00
se_001662,co_0211,renewal,Medium,,2024-10-15,2024-10-15,,,monthly,242,750,750,GBP,paid,2024-10-15T10:53:00
se_001663,co_0211,renewal,Medium,,2024-11-15,2024-11-15,,,monthly,242,750,750,GBP,paid,2024-11-15T09:06:00
se_001664,co_0211,renewal,Medium,,2024-12-15,2024-12-15,,,monthly,242,750,750,GBP,paid,2024-12-15T12:42:00
se_001665,co_0211,renewal,Medium,,2025-01-15,2025-01-15,,,monthly,242,750,750,GBP,paid,2025-01-15T11:49:00
se_001666,co_0211,renewal,medium,,2025-02-15,2025-02-15,,,monthly,242,750,750,GBP,paid,2025-02-15T17:45:00
se_001667,co_0211,renewal,Medium,,2025-03-15,2025-03-15,,,monthly,242,750,750,GBP,paid,2025-03-15T09:52:00
se_001668,co_0211,renewal,Medium,,2025-04-15,2025-04-15,,,monthly,242,750,750,GBP,paid,2025-04-15T19:42:00
se_001669,co_0211,renewal,Medium,,2025-05-15,2025-05-15,,,monthly,242,750,750,GBP,paid,2025-05-15T19:58:00
se_001670,co_0211,payment_failed,Medium,,2025-06-15,2025-06-15,,,monthly,242,750,750,GBP,failed,2025-06-15T12:10:00
se_001671,co_0211,payment_recovered,Medium,,2025-06-28,2025-06-28,,,monthly,242,750,750,GBP,paid,2025-06-28T15:16:00
se_001672,co_0211,renewal,Medium,,2025-07-15,2025-07-15,,,monthly,242,750,750,GBP,paid,2025-07-15T15:31:00
se_001673,co_0211,renewal,Medium,,2025-08-15,2025-08-15,,,monthly,242,750,750,GBP,paid,2025-08-15T08:38:00
se_001674,co_0211,renewal,Medium,,2025-09-15,2025-09-15,,,monthly,242,750,750,GBP,paid,2025-09-15T19:43:00
se_001675,co_0211,renewal,Medium,,2025-10-15,2025-10-15,,,monthly,242,750,750,GBP,paid,2025-10-15T16:59:00
se_001676,co_0211,renewal,Medium,,2025-11-15,2025-11-15,,,monthly,242,750,750,GBP,paid,2025-11-15T16:22:00
se_001677,co_0211,renewal,Medium,,2025-12-15,2025-12-15,,,monthly,242,750,750,GBP,paid,2025-12-15T09:23:00
se_001678,co_0211,renewal,Medium,,2026-01-15,2026-01-15,,,monthly,242,750,750,GBP,paid,2026-01-15T15:14:00
se_001679,co_0211,renewal,Medium,,2026-02-15,2026-02-15,,,monthly,242,750,750,GBP,paid,2026-02-15T15:51:00
se_001680,co_0211,renewal,Medium,,2026-03-15,2026-03-15,,,monthly,242,750,750,GBP,paid,2026-03-15T19:43:00
se_001681,co_0211,renewal,Medium,,2026-04-15,2026-04-15,,,monthly,242,750,750,GBP,paid,2026-04-15T18:17:00
se_001682,co_0211,renewal,Medium,,2026-05-18,2026-05-15,,,monthly,242,750,750,GBP,paid,2026-05-15T16:05:00
se_001683,co_0211,renewal,Medium,,2026-06-15,2026-06-15,,,monthly,242,750,750,GBP,paid,2026-06-15T09:55:00
se_001684,co_0212,trial_start,Small,,,,,2023-11-01,annual,91,0,0,GBP,not_applicable,2023-10-25T18:02:00
se_001685,co_0213,trial_start,Medium,,,,,2025-03-29,monthly,220,0,0,GBP,not_applicable,2025-03-22T16:37:00
se_001686,co_0214,trial_start,Medium,,,,,2025-11-07,annual,481,0,0,GBP,not_applicable,2025-10-31T12:18:00
se_001687,co_0214,converted,Medium,,2025-11-06,2025-11-06,,,annual,481,750,9000,GBP,paid,2025-11-06T15:02:00
se_001688,co_0215,trial_start,Medium,,,,,2026-03-30,annual,440,0,0,GBP,not_applicable,2026-03-23T15:42:00
se_001689,co_0215,converted,Medium,,2026-04-02,2026-04-02,,,annual,440,750,9000,GBP,paid,2026-04-02T14:16:00
se_001690,co_0216,trial_start,Medium,,,,,2025-12-12,monthly,491,0,0,GBP,not_applicable,2025-12-05T15:47:00
se_001691,co_0216,converted,Medium,,2025-12-09,2025-12-09,,,monthly,491,750,750,GBP,paid,2025-12-09T18:55:00
se_001692,co_0216,renewal,Medium,,2026-01-09,2026-01-09,,,monthly,491,750,750,GBP,paid,2026-01-09T09:10:00
se_001693,co_0216,renewal,Medium,,2026-02-09,2026-02-09,,,monthly,491,750,750,GBP,paid,2026-02-09T13:15:00
se_001694,co_0216,renewal,Medium,,2026-03-09,2026-03-09,,,monthly,491,750,750,GBP,paid,2026-03-09T16:59:00
se_001695,co_0216,renewal,Medium,,2026-04-09,2026-04-09,,,monthly,491,750,750,GBP,paid,2026-04-09T08:56:00
se_001696,co_0216,renewal,Medium,,2026-05-09,2026-05-09,,,monthly,491,750,750,GBP,paid,2026-05-09T14:26:00
se_001697,co_0216,renewal,Medium,,2026-06-09,2026-06-09,,,monthly,491,750,750,GBP,paid,2026-06-09T11:28:00
se_001698,co_0217,trial_start,Small,,,,,2025-10-03,monthly,111,0,0,GBP,not_applicable,2025-09-26T17:51:00
se_001699,co_0217,converted,Small,,2025-09-28,2025-09-28,,,monthly,111,200,200,GBP,paid,2025-09-28T08:20:00
se_001700,co_0217,renewal,Small,,2025-10-28,2025-10-28,,,monthly,111,200,200,GBP,paid,2025-10-28T15:31:00
se_001701,co_0217,renewal,Small,,2025-11-28,2025-11-28,,,monthly,111,200,200,GBP,paid,2025-11-28T17:31:00
se_001702,co_0217,renewal,Small,,2025-12-28,2025-12-28,,,monthly,111,200,200,GBP,paid,2025-12-28T16:14:00
se_001703,co_0217,renewal,Small,,2026-01-28,2026-01-28,,,monthly,111,200,200,GBP,paid,2026-01-28T17:18:00
se_001704,co_0217,renewal,Small,,2026-02-28,2026-02-28,,,monthly,111,200,200,GBP,paid,2026-02-28T19:57:00
se_001705,co_0217,renewal,Small,,2026-03-28,2026-03-28,,,monthly,111,200,200,GBP,paid,2026-03-28T15:27:00
se_001706,co_0217,renewal,Small,,2026-04-28,2026-04-28,,,monthly,111,200,200,GBP,paid,2026-04-28T18:26:00
se_001707,co_0217,renewal,Small,,2026-05-28,2026-05-28,,,monthly,111,200,200,GBP,paid,2026-05-28T09:01:00
se_001708,co_0217,renewal,Small,,2026-06-28,2026-06-28,,,monthly,111,200,200,GBP,paid,2026-06-28T12:03:00
se_001709,co_0218,trial_start,Medium,,,,,2024-11-15,monthly,111,0,0,GBP,not_applicable,2024-11-08T13:26:00
se_001710,co_0218,converted,Medium,,2024-11-15,2024-11-15,,,monthly,111,750,750,GBP,paid,2024-11-15T15:07:00
se_001711,co_0218,renewal,Medium,,2025-01-02,2024-12-15,,,monthly,111,750,750,GBP,paid,2024-12-15T14:56:00
se_001712,co_0218,renewal,Medium,,2025-01-15,2025-01-15,,,monthly,111,750,750,GBP,paid,2025-01-15T16:43:00
se_001713,co_0218,renewal,Medium,,2025-02-15,2025-02-15,,,monthly,111,750,750,GBP,paid,2025-02-15T18:43:00
se_001714,co_0218,renewal,Medium,,2025-03-15,2025-03-15,,,monthly,111,750,750,GBP,paid,2025-03-15T08:21:00
se_001715,co_0218,renewal,Medium,,2025-04-15,2025-04-15,,,monthly,111,750,750,GBP,paid,2025-04-15T09:09:00
se_001716,co_0218,renewal,Medium,,2025-05-15,2025-05-15,,,monthly,111,750,750,GBP,paid,2025-05-15T15:05:00
se_001717,co_0218,renewal,Medium,,2025-06-15,2025-06-15,,,monthly,111,750,750,GBP,paid,2025-06-15T19:15:00
se_001718,co_0218,renewal,Medium,,2025-07-15,2025-07-15,,,monthly,111,750,750,GBP,paid,2025-07-15T19:29:00
se_001719,co_0218,renewal,Medium,,2025-08-15,2025-08-15,,,monthly,111,750,750,GBP,paid,2025-08-15T15:35:00
se_001720,co_0218,renewal,Medium,,2025-09-15,2025-09-15,,,monthly,111,750,750,GBP,paid,2025-09-15T12:13:00
se_001721,co_0218,renewal,Medium,,2025-10-15,2025-10-15,,,monthly,111,750,750,GBP,paid,2025-10-15T16:18:00
se_001722,co_0218,renewal,Medium,,2025-11-15,2025-11-15,,,monthly,111,750,750,GBP,paid,2025-11-15T11:42:00
se_001723,co_0218,renewal,Medium,,2025-12-15,2025-12-15,,,monthly,111,750,750,GBP,paid,2025-12-15T18:34:00
se_001724,co_0218,renewal,Medium,,2026-01-15,2026-01-15,,,monthly,111,750,750,GBP,paid,2026-01-15T14:37:00
se_001725,co_0218,renewal,Medium,,2026-02-15,2026-02-15,,,monthly,111,750,750,GBP,paid,2026-02-15T12:12:00
se_001726,co_0218,renewal,Medium,,2026-03-15,2026-03-15,,,monthly,111,750,750,GBP,paid,2026-03-15T17:18:00
se_001727,co_0218,renewal,Medium,,2026-04-15,2026-04-15,,,monthly,111,750,750,GBP,paid,2026-04-15T10:38:00
se_001728,co_0218,renewal,Medium,,2026-05-15,2026-05-15,,,monthly,111,750,750,GBP,paid,2026-05-15T11:16:00
se_001729,co_0218,renewal,Medium,,2026-06-15,2026-06-15,,,monthly,111,750,750,GBP,paid,2026-06-15T15:10:00
se_001730,co_0219,trial_start,Medium,,,,,2024-12-02,annual,161,0,0,GBP,not_applicable,2024-11-25T16:43:00
se_001731,co_0220,trial_start,Medium,,,,,2024-06-04,annual,160,0,0,GBP,not_applicable,2024-05-28T16:12:00
se_001732,co_0220,converted,Medium,,2024-06-06,2024-06-06,,,annual,160,750,9000,GBP,paid,2024-06-06T08:46:00
se_001733,co_0220,renewal,Medium,,2025-06-06,2025-06-06,,,annual,160,750,9000,GBP,paid,2025-06-06T18:10:00
se_001734,co_0220,payment_failed,Medium,,2026-06-06,2026-06-06,,,annual,160,750,750,GBP,failed,2026-06-06T17:54:00
se_001735,co_0221,trial_start,Small,,,,,2026-03-24,annual,58,0,0,GBP,not_applicable,2026-03-17T16:43:00
se_001736,co_0222,trial_start,Small,,,,,2025-11-18,annual,81,0,0,GBP,not_applicable,2025-11-11T11:15:00
se_001737,co_0222,converted,Small,,2025-11-15,2025-11-15,,,annual,81,200,2400,GBP,paid,2025-11-15T12:38:00
se_001738,co_0223,trial_start,Small,,,,,2025-12-26,monthly,82,0,0,GBP,not_applicable,2025-12-19T16:05:00
se_001739,co_0223,converted,Small,,2025-12-28,2025-12-28,,,monthly,82,200,200,GBP,paid,2025-12-28T15:37:00
se_001740,co_0223,renewal,Small,,2026-01-28,2026-01-28,,,monthly,82,200,200,GBP,paid,2026-01-28T12:56:00
se_001741,co_0223,renewal,Small,,2026-02-28,2026-02-28,,,monthly,82,200,200,GBP,paid,2026-02-28T11:05:00
se_001742,co_0223,renewal,Small,,2026-03-28,2026-03-28,,,monthly,82,200,200,GBP,paid,2026-03-28T19:32:00
se_001743,co_0223,renewal,Small,,2026-04-28,2026-04-28,,,monthly,82,200,200,GBP,paid,2026-04-28T13:20:00
se_001744,co_0223,renewal,Small,,2026-05-28,2026-05-28,,,monthly,82,200,200,GBP,paid,2026-05-28T09:57:00
se_001745,co_0223,renewal,Small,,2026-06-28,2026-06-28,,,monthly,82,200,200,GBP,paid,2026-06-28T10:11:00
se_001746,co_0224,trial_start,Medium,,,,,2024-10-14,annual,242,0,0,GBP,not_applicable,2024-10-07T10:29:00
se_001747,co_0224,converted,Medium,,2024-10-09,2024-10-09,,,annual,242,750,9000,GBP,paid,2024-10-09T12:41:00
se_001748,co_0224,renewal,Medium,,2025-10-09,2025-10-09,,,annual,242,750,9000,GBP,paid,2025-10-09T17:23:00
se_001749,co_0225,trial_start,Medium,,,,,2024-01-23,annual,240,0,0,GBP,not_applicable,2024-01-16T16:48:00
se_001750,co_0225,converted,Medium,,2024-01-18,2024-01-18,,,annual,240,750,9000,GBP,paid,2024-01-18T18:05:00
se_001751,co_0225,renewal,Medium,,2025-01-18,2025-01-18,,,annual,240,750,9000,GBP,paid,2025-01-18T19:46:00
se_001752,co_0225,renewal,Medium,,2026-01-18,2026-01-18,,,annual,240,750,9000,GBP,paid,2026-01-18T09:26:00
se_001753,co_0226,trial_start,Small,,,,,2024-08-03,annual,104,0,0,GBP,not_applicable,2024-07-27T11:26:00
se_001754,co_0226,converted,Small,,2024-08-05,2024-08-05,,,annual,104,200,2400,GBP,paid,2024-08-05T12:33:00
se_001755,co_0226,renewal,Small,,2025-08-13,2025-08-05,,,annual,104,200,2400,GBP,paid,2025-08-05T10:10:00
se_001756,co_0227,trial_start,Small,,,,,2023-12-08,annual,82,0,0,GBP,not_applicable,2023-12-01T09:46:00
se_001757,co_0227,converted,Small,,2023-12-07,2023-12-07,,,annual,82,200,2400,GBP,paid,2023-12-07T18:54:00
se_001758,co_0227,renewal,Small,,2024-12-07,2024-12-07,,,annual,82,200,2400,GBP,paid,2024-12-07T19:07:00
se_001759,co_0227,renewal,Small,,2025-12-13,2025-12-07,,,annual,82,200,2400,GBP,paid,2025-12-07T08:42:00
se_001760,co_0228,trial_start,Small,,,,,2023-09-06,monthly,24,0,0,GBP,not_applicable,2023-08-30T10:24:00
se_001761,co_0228,converted,Small,,2023-09-06,2023-09-06,,,monthly,24,200,200,GBP,paid,2023-09-06T19:00:00
se_001762,co_0228,renewal,Small,,2023-10-06,2023-10-06,,,monthly,24,200,200,GBP,paid,2023-10-06T17:30:00
se_001763,co_0228,renewal,Small,,2023-11-20,2023-11-06,,,monthly,24,200,200,GBP,paid,2023-11-06T14:06:00
se_001764,co_0228,renewal,Small,,2023-12-06,2023-12-06,,,monthly,24,200,200,GBP,paid,2023-12-06T18:23:00
se_001765,co_0228,renewal,Small,,2024-01-06,2024-01-06,,,monthly,24,200,200,GBP,paid,2024-01-06T14:57:00
se_001766,co_0228,renewal,Small,,2024-02-06,2024-02-06,,,monthly,24,200,200,GBP,paid,2024-02-06T13:27:00
se_001767,co_0228,renewal,Small,,2024-03-06,2024-03-06,,,monthly,24,200,200,GBP,paid,2024-03-06T11:11:00
se_001768,co_0228,renewal,Small,,2024-04-06,2024-04-06,,,monthly,24,200,200,GBP,paid,2024-04-06T15:05:00
se_001769,co_0228,renewal,Small,,2024-05-06,2024-05-06,,,monthly,24,200,200,GBP,paid,2024-05-06T18:59:00
se_001770,co_0228,renewal,Small,,2024-06-06,2024-06-06,,,monthly,24,200,200,GBP,paid,2024-06-06T14:03:00
se_001771,co_0228,payment_failed,Small,,2024-07-06,2024-07-06,,,monthly,24,200,200,GBP,failed,2024-07-06T15:52:00
se_001772,co_0228,renewal,Small,,2024-08-06,2024-08-06,,,monthly,24,200,200,GBP,paid,2024-08-06T19:48:00
se_001773,co_0228,renewal,Small,,2024-09-06,2024-09-06,,,monthly,24,200,200,GBP,paid,2024-09-06T14:33:00
se_001774,co_0228,renewal,Small,,2024-10-06,2024-10-06,,,monthly,24,200,200,GBP,paid,2024-10-06T08:01:00
se_001775,co_0228,renewal,Small,,2024-11-06,2024-11-06,,,monthly,24,200,200,GBP,paid,2024-11-06T09:33:00
se_001776,co_0228,renewal,Small,,2024-12-06,2024-12-06,,,monthly,24,200,200,GBP,paid,2024-12-06T17:52:00
se_001777,co_0228,renewal,Small,,2025-01-06,2025-01-06,,,monthly,24,200,200,GBP,paid,2025-01-06T16:58:00
se_001778,co_0228,renewal,Small,,2025-02-06,2025-02-06,,,monthly,24,200,200,GBP,paid,2025-02-06T15:26:00
se_001779,co_0228,renewal,Small,,2025-03-06,2025-03-06,,,monthly,24,200,200,GBP,paid,2025-03-06T15:19:00
se_001780,co_0228,renewal,Small,,2025-04-06,2025-04-06,,,monthly,24,200,200,GBP,paid,2025-04-06T13:17:00
se_001781,co_0228,renewal,Small,,2025-05-06,2025-05-06,,,monthly,24,200,200,GBP,paid,2025-05-06T09:38:00
se_001782,co_0228,renewal,Small,,2025-06-06,2025-06-06,,,monthly,24,200,200,GBP,paid,2025-06-06T10:26:00
se_001783,co_0228,renewal,Small,,2025-07-06,2025-07-06,,,monthly,24,200,200,GBP,paid,2025-07-06T13:38:00
se_001784,co_0228,renewal,Small,,2025-08-06,2025-08-06,,,monthly,24,200,200,GBP,paid,2025-08-06T09:02:00
se_001785,co_0228,renewal,Small,,2025-09-06,2025-09-06,,,monthly,24,200,200,GBP,paid,2025-09-06T13:08:00
se_001786,co_0228,renewal,Small,,,2025-10-06,,,monthly,24,200,200,GBP,paid,2025-10-06T18:33:00
se_001787,co_0228,renewal,Small,,2025-11-16,2025-11-06,,,monthly,24,200,200,GBP,paid,2025-11-06T19:54:00
se_001788,co_0228,renewal,Small,,2025-12-26,2025-12-06,,,monthly,24,200,200,GBP,paid,2025-12-06T08:35:00
se_001789,co_0228,renewal,Small,,2026-01-06,2026-01-06,,,monthly,24,200,200,GBP,paid,2026-01-06T16:05:00
se_001790,co_0228,upgrade,Medium,Small,2026-01-22,2026-01-22,,,monthly,24,750,750,GBP,paid,2026-01-22T18:05:00
se_001791,co_0228,renewal,Medium,,2026-02-06,2026-02-06,,,monthly,24,750,750,GBP,paid,2026-02-06T16:27:00
se_001792,co_0228,renewal,Medium,,2026-03-06,2026-03-06,,,monthly,24,750,750,GBP,paid,2026-03-06T10:46:00
se_001793,co_0228,renewal,Medium,,2026-04-06,2026-04-06,,,monthly,24,750,750,GBP,paid,2026-04-06T11:05:00
se_001794,co_0228,renewal,Medium,,2026-05-06,2026-05-06,,,monthly,24,750,750,GBP,paid,2026-05-06T14:40:00
se_001795,co_0228,renewal,Medium,,2026-06-06,2026-06-06,,,monthly,24,750,750,GBP,paid,2026-06-06T14:11:00
se_001796,co_0229,trial_start,Small,,,,,2023-11-20,annual,105,0,0,GBP,not_applicable,2023-11-13T19:41:00
se_001797,co_0229,converted,Small,,2023-11-15,2023-11-15,,,annual,105,200,2400,GBP,paid,2023-11-15T10:11:00
se_001798,co_0229,renewal,Small,,2024-11-15,2024-11-15,,,annual,105,200,2400,GBP,paid,2024-11-15T14:34:00
se_001799,co_0229,renewal,Small,,2025-11-15,2025-11-15,,,annual,105,200,2400,GBP,paid,2025-11-15T08:54:00
se_001800,co_0230,trial_start,Medium,,,,,2024-09-18,annual,159,0,0,GBP,not_applicable,2024-09-11T16:21:00
se_001801,co_0231,trial_start,Medium,,,,,2024-09-06,monthly,244,0,0,GBP,not_applicable,2024-08-30T19:03:00
se_001802,co_0231,converted,Medium,,2024-09-01,2024-09-01,,,monthly,244,750,750,GBP,paid,2024-09-01T18:18:00
se_001803,co_0231,renewal,Medium,,2024-10-01,2024-10-01,,,monthly,244,750,750,GBP,paid,2024-10-01T12:32:00
se_001804,co_0231,renewal,Medium,,2024-11-06,2024-11-01,,,monthly,244,750,750,GBP,paid,2024-11-01T09:37:00
se_001805,co_0231,renewal,Medium,,2024-12-01,2024-12-01,,,monthly,244,750,750,GBP,paid,2024-12-01T18:40:00
se_001806,co_0231,renewal,Medium,,2025-01-01,2025-01-01,,,monthly,244,750,750,GBP,paid,2025-01-01T11:25:00
se_001807,co_0231,renewal,Medium,,2025-02-01,2025-02-01,,,monthly,244,750,750,GBP,paid,2025-02-01T19:11:00
se_001808,co_0231,renewal,Medium,,2025-03-01,2025-03-01,,,monthly,244,750,750,GBP,paid,2025-03-01T10:37:00
se_001809,co_0231,renewal,Medium,,2025-04-01,2025-04-01,,,monthly,244,750,750,GBP,paid,2025-04-01T14:35:00
se_001810,co_0231,renewal,Medium,,2025-05-01,2025-05-01,,,monthly,244,750,750,GBP,paid,2025-05-01T17:13:00
se_001811,co_0231,renewal,Medium,,2025-06-01,2025-06-01,,,monthly,244,750,750,GBP,paid,2025-06-01T19:24:00
se_001812,co_0231,renewal,Medium,,2025-07-01,2025-07-01,,,monthly,244,750,750,GBP,paid,2025-07-01T17:07:00
se_001813,co_0231,renewal,Medium,,2025-08-01,2025-08-01,,,monthly,244,750,750,GBP,paid,2025-08-01T11:59:00
se_001814,co_0231,renewal,Medium,,2025-09-01,2025-09-01,,,monthly,244,750,750,GBP,paid,2025-09-01T19:00:00
se_001815,co_0231,upgrade,Large,Medium,2025-09-23,2025-09-23,,,monthly,244,1500,1500,GBP,paid,2025-09-23T09:15:00
se_001816,co_0231,renewal,Large,,2025-10-01,2025-10-01,,,monthly,244,1500,1500,GBP,paid,2025-10-01T11:32:00
se_001817,co_0231,payment_failed,Large,,2025-11-01,2025-11-01,,,monthly,244,1500,1500,GBP,failed,2025-11-01T15:07:00
se_001818,co_0231,payment_recovered,Large,,2025-11-08,2025-11-08,,,monthly,244,1500,1500,GBP,paid,2025-11-08T16:49:00
se_001819,co_0231,upgrade,Bespoke,,2025-11-15,2025-11-15,,,monthly,244,1500,1500,GBP,paid,2025-11-15T09:03:00
se_001820,co_0231,renewal,Bespoke,,2025-12-01,2025-12-01,,,monthly,244,1500,1500,GBP,paid,2025-12-01T10:49:00
se_001821,co_0231,renewal,Bespoke,,2026-01-01,2026-01-01,,,monthly,244,1500,1500,GBP,paid,2026-01-01T09:34:00
se_001822,co_0231,renewal,Bespoke,,2026-02-01,2026-02-01,,,monthly,244,1500,1500,GBP,paid,2026-02-01T17:29:00
se_001823,co_0231,renewal,Bespoke ,,2026-03-01,2026-03-01,,,monthly,244,1500,1500,GBP,paid,2026-03-01T12:12:00
se_001824,co_0231,renewal,Bespoke,,2026-04-01,2026-04-01,,,monthly,244,1500,1500,GBP,paid,2026-04-01T14:24:00
se_001825,co_0231,renewal,Bespoke,,2026-05-01,2026-05-01,,,monthly,244,1500,1500,GBP,paid,2026-05-01T15:41:00
se_001826,co_0231,payment_failed,Bespoke,,2026-06-01,2026-06-01,,,monthly,244,1500,1500,GBP,failed,2026-06-01T12:29:00
se_001827,co_0231,payment_recovered,Bespoke,,2026-06-08,2026-06-08,,,monthly,244,1500,1500,GBP,paid,2026-06-08T11:00:00
se_001828,co_0232,trial_start,Small,,,,,2026-02-23,monthly,140,0,0,GBP,not_applicable,2026-02-16T15:03:00
se_001829,co_0233,trial_start,Small,,,,,2025-06-21,monthly,47,0,0,GBP,not_applicable,2025-06-14T14:15:00
se_001830,co_0233,converted,Small,,2025-06-24,2025-06-24,,,monthly,47,200,200,GBP,paid,2025-06-24T16:31:00
se_001831,co_0233,renewal,Small,,2025-07-24,2025-07-24,,,monthly,47,200,200,GBP,paid,2025-07-24T15:00:00
se_001832,co_0233,renewal,SMALL,,2025-08-24,2025-08-24,,,monthly,47,200,200,GBP,paid,2025-08-24T09:11:00
se_001833,co_0233,renewal,Small,,2025-09-24,2025-09-24,,,monthly,47,200,200,GBP,paid,2025-09-24T17:15:00
se_001834,co_0233,renewal,Small,,2025-10-24,2025-10-24,,,monthly,47,200,200,GBP,paid,2025-10-24T08:22:00
se_001835,co_0233,renewal,Small,,2025-11-24,2025-11-24,,,monthly,47,200,200,GBP,paid,2025-11-24T09:12:00
se_001836,co_0233,renewal,Small,,2025-12-24,2025-12-24,,,monthly,47,200,200,GBP,paid,2025-12-24T17:29:00
se_001837,co_0233,renewal,SMALL,,2026-01-24,2026-01-24,,,monthly,47,200,200,GBP,paid,2026-01-24T12:45:00
se_001838,co_0233,renewal,Small,,2026-02-24,2026-02-24,,,monthly,47,200,200,GBP,paid,2026-02-24T09:39:00
se_001839,co_0233,renewal,Small,,2026-03-24,2026-03-24,,,monthly,47,200,200,GBP,paid,2026-03-24T16:50:00
se_001840,co_0233,renewal,Small,,2026-04-24,2026-04-24,,,monthly,47,200,200,GBP,paid,2026-04-24T19:57:00
se_001841,co_0233,renewal,Small,,2026-05-24,2026-05-24,,,monthly,47,200,200,GBP,paid,2026-05-24T18:03:00
se_001842,co_0233,renewal,Small,,2026-06-24,2026-06-24,,,monthly,47,200,200,GBP,paid,2026-06-24T11:22:00
se_001843,co_0234,trial_start,Medium,,,,,2024-02-08,monthly,337,0,0,GBP,not_applicable,2024-02-01T11:57:00
se_001844,co_0234,converted,Medium,,2024-02-04,2024-02-04,,,monthly,337,750,750,GBP,paid,2024-02-04T10:38:00
se_001845,co_0234,renewal,Medium,,2024-03-04,2024-03-04,,,monthly,337,750,750,GBP,paid,2024-03-04T19:20:00
se_001846,co_0234,renewal,Medium,,2024-04-04,2024-04-04,,,monthly,337,750,750,GBP,paid,2024-04-04T19:42:00
se_001847,co_0234,renewal,Medium,,2024-05-04,2024-05-04,,,monthly,337,750,750,GBP,paid,2024-05-04T13:09:00
se_001848,co_0234,renewal,Medium,,2024-06-04,2024-06-04,,,monthly,337,750,750,GBP,paid,2024-06-04T12:33:00
se_001849,co_0234,renewal,Medium,,2024-07-04,2024-07-04,,,monthly,337,750,750,GBP,paid,2024-07-04T11:16:00
se_001850,co_0234,renewal,Medium,,2024-08-16,2024-08-04,,,monthly,337,750,750,GBP,paid,2024-08-04T09:18:00
se_001851,co_0234,payment_failed,Medium,,2024-09-04,2024-09-04,,,monthly,337,750,750,GBP,failed,2024-09-04T14:40:00
se_001852,co_0234,payment_recovered,Medium,,2024-09-19,2024-09-19,,,monthly,337,750,750,GBP,paid,2024-09-19T10:58:00
se_001853,co_0234,renewal,Medium,,2024-10-04,2024-10-04,,,monthly,337,750,750,GBP,paid,2024-10-04T17:26:00
se_001854,co_0234,renewal,Medium,,2024-11-04,2024-11-04,,,monthly,337,750,750,GBP,paid,2024-11-04T15:04:00
se_001855,co_0234,renewal,Medium,,2024-12-04,2024-12-04,,,monthly,337,750,750,GBP,paid,2024-12-04T16:19:00
se_001856,co_0234,renewal,Medium,,2025-01-04,2025-01-04,,,monthly,337,750,750,GBP,paid,2025-01-04T10:12:00
se_001857,co_0234,renewal,Medium,,2025-02-04,2025-02-04,,,monthly,337,750,750,GBP,paid,2025-02-04T16:40:00
se_001858,co_0234,renewal,Medium,,2025-03-04,2025-03-04,,,monthly,337,750,750,GBP,paid,2025-03-04T19:45:00
se_001859,co_0234,renewal,Medium,,2025-04-04,2025-04-04,,,monthly,337,750,750,GBP,paid,2025-04-04T13:03:00
se_001860,co_0234,renewal,Medium,,2025-05-04,2025-05-04,,,monthly,337,750,750,GBP,paid,2025-05-04T15:48:00
se_001861,co_0234,renewal,Medium,,2025-06-25,2025-06-04,,,monthly,337,750,750,GBP,paid,2025-06-04T10:04:00
se_001862,co_0234,renewal,Medium,,2025-07-08,2025-07-04,,,monthly,337,750,750,GBP,paid,2025-07-04T11:36:00
se_001863,co_0234,renewal,Medium,,2025-08-04,2025-08-04,,,monthly,337,750,750,GBP,paid,2025-08-04T16:59:00
se_001864,co_0234,renewal,Medium,,2025-09-04,2025-09-04,,,monthly,337,750,750,GBP,paid,2025-09-04T19:39:00
se_001865,co_0234,renewal,Medium,,2025-10-04,2025-10-04,,,monthly,337,750,750,GBP,paid,2025-10-04T17:14:00
se_001866,co_0234,renewal,Medium,,2025-11-04,2025-11-04,,,monthly,337,750,750,GBP,paid,2025-11-04T13:12:00
se_001867,co_0234,renewal,Medium,,2025-12-04,2025-12-04,,,monthly,337,750,750,GBP,paid,2025-12-04T19:31:00
se_001868,co_0234,renewal,Medium,,2026-01-04,2026-01-04,,,monthly,337,750,750,GBP,paid,2026-01-04T13:42:00
se_001869,co_0234,renewal,Medium,,2026-02-04,2026-02-04,,,monthly,337,750,750,GBP,paid,2026-02-04T16:27:00
se_001870,co_0234,renewal,Medium,,2026-03-04,2026-03-04,,,monthly,337,750,750,GBP,paid,2026-03-04T11:30:00
se_001871,co_0234,renewal,Medium,,2026-04-04,2026-04-04,,,monthly,337,750,750,GBP,paid,2026-04-04T11:45:00
se_001872,co_0234,renewal,Medium,,2026-05-04,2026-05-04,,,monthly,337,750,750,GBP,paid,2026-05-04T17:16:00
se_001873,co_0234,renewal,Medium,,2026-06-04,2026-06-04,,,monthly,337,750,750,GBP,paid,2026-06-04T16:39:00
se_001874,co_0235,trial_start,Small,,,,,2026-01-04,monthly,50,0,0,GBP,not_applicable,2025-12-28T13:38:00
se_001875,co_0235,converted,Small,,2025-12-31,2025-12-31,,,monthly,50,200,200,GBP,paid,2025-12-31T13:57:00
se_001876,co_0235,renewal,Small,,2026-01-31,2026-01-31,,,monthly,50,200,200,GBP,paid,2026-01-31T14:10:00
se_001877,co_0235,renewal,Small,,2026-02-28,2026-02-28,,,monthly,50,200,200,GBP,paid,2026-02-28T19:32:00
se_001878,co_0235,renewal,Small,,2026-03-28,2026-03-28,,,monthly,50,200,200,GBP,paid,2026-03-28T13:23:00
se_001879,co_0235,renewal,Small,,2026-04-28,2026-04-28,,,monthly,50,200,200,GBP,paid,2026-04-28T08:42:00
se_001880,co_0235,renewal,Small,,2026-05-28,2026-05-28,,,monthly,50,200,200,GBP,paid,2026-05-28T12:48:00
se_001881,co_0235,renewal,Small,,2026-06-28,2026-06-28,,,monthly,50,200,200,GBP,paid,2026-06-28T11:35:00
se_001882,co_0236,trial_start,Small,,,,,2025-03-08,annual,72,0,0,GBP,not_applicable,2025-03-01T11:39:00
se_001883,co_0236,converted,Small,,2025-03-07,2025-03-07,,,annual,72,200,2400,GBP,paid,2025-03-07T09:35:00
se_001884,co_0236,cancellation_scheduled,Small,,,2025-11-22,,,annual,72,200,2400,GBP,not_applicable,2025-11-22T09:38:00
se_001885,co_0236,voluntary_churn,Small,,,2025-12-31,2025-12-31,,annual,72,200,0,GBP,not_applicable,2025-12-31T14:09:00
se_001886,co_0236,reactivation,Small,,2026-02-14,2026-02-14,,,annual,72,200,2400,GBP,paid,2026-02-14T13:57:00
se_001887,co_0237,trial_start,Medium,,,,,2023-08-25,monthly,293,0,0,GBP,not_applicable,2023-08-18T08:42:00
se_001888,co_0237,converted,Medium,,2023-08-26,2023-08-26,,,monthly,293,750,750,GBP,paid,2023-08-26T12:11:00
se_001889,co_0237,renewal,Medium,,2023-09-26,2023-09-26,,,monthly,293,750,750,GBP,paid,2023-09-26T08:47:00
se_001890,co_0237,renewal,Medium,,2023-10-26,2023-10-26,,,monthly,293,750,750,GBP,paid,2023-10-26T13:34:00
se_001891,co_0237,renewal,Medium,,2023-12-06,2023-11-26,,,monthly,293,750,750,GBP,paid,2023-11-26T12:51:00
se_001892,co_0237,renewal,Medium,,2023-12-26,2023-12-26,,,monthly,293,750,750,GBP,paid,2023-12-26T17:52:00
se_001893,co_0237,renewal,Medium,,2024-01-26,2024-01-26,,,monthly,293,750,750,GBP,paid,2024-01-26T18:49:00
se_001894,co_0237,renewal,Medium,,2024-02-26,2024-02-26,,,monthly,293,750,750,GBP,paid,2024-02-26T17:11:00
se_001895,co_0237,renewal,Medium,,2024-03-26,2024-03-26,,,monthly,293,750,750,GBP,paid,2024-03-26T13:15:00
se_001896,co_0237,renewal,Medium,,2024-04-26,2024-04-26,,,monthly,293,750,750,GBP,paid,2024-04-26T19:36:00
se_001897,co_0237,renewal,Medium,,2024-05-26,2024-05-26,,,monthly,293,750,750,GBP,paid,2024-05-26T10:08:00
se_001898,co_0237,renewal,Medium,,2024-06-26,2024-06-26,,,monthly,293,750,750,GBP,paid,2024-06-26T09:36:00
se_001899,co_0237,renewal,Medium,,2024-07-26,2024-07-26,,,monthly,293,750,750,GBP,paid,2024-07-26T11:29:00
se_001900,co_0237,renewal,Medium,,2024-08-26,2024-08-26,,,monthly,293,750,750,GBP,paid,2024-08-26T18:50:00
se_001901,co_0237,renewal,Medium,,2024-09-26,2024-09-26,,,monthly,293,750,750,GBP,paid,2024-09-26T13:57:00
se_001902,co_0237,renewal,Medium,,2024-10-26,2024-10-26,,,monthly,293,750,750,GBP,paid,2024-10-26T09:39:00
se_001903,co_0237,renewal,Medium,,2024-11-26,2024-11-26,,,monthly,293,750,750,GBP,paid,2024-11-26T19:12:00
se_001904,co_0237,renewal,Medium,,2024-12-26,2024-12-26,,,monthly,293,750,750,GBP,paid,2024-12-26T08:35:00
se_001905,co_0237,payment_failed,Medium,,2025-01-26,2025-01-26,,,monthly,293,750,750,GBP,failed,2025-01-26T19:49:00
se_001906,co_0237,payment_recovered,Medium,,2025-02-13,2025-02-13,,,monthly,293,750,750,GBP,paid,2025-02-13T15:00:00
se_001907,co_0237,downgrade,Small,Medium,2025-02-13,2025-02-13,,,monthly,293,200,200,GBP,paid,2025-02-13T13:43:00
se_001908,co_0237,renewal,Small,,2025-02-26,2025-02-26,,,monthly,293,200,200,GBP,paid,2025-02-26T10:02:00
se_001909,co_0237,renewal,Small,,2025-03-26,2025-03-26,,,monthly,293,200,200,GBP,paid,2025-03-26T13:15:00
se_001910,co_0237,renewal,Small,,2025-04-26,2025-04-26,,,monthly,293,200,200,GBP,paid,2025-04-26T14:53:00
se_001911,co_0237,renewal,Small,,2025-05-26,2025-05-26,,,monthly,293,200,200,GBP,paid,2025-05-26T09:54:00
se_001912,co_0237,renewal,Small,,2025-06-30,2025-06-26,,,monthly,293,200,200,GBP,paid,2025-06-26T09:14:00
se_001913,co_0237,renewal,Small,,2025-07-26,2025-07-26,,,monthly,293,200,200,GBP,paid,2025-07-26T09:53:00
se_001914,co_0237,renewal,small,,2025-09-12,2025-08-26,,,monthly,293,200,200,GBP,paid,2025-08-26T12:55:00
se_001915,co_0237,renewal,Small,,2025-09-26,2025-09-26,,,monthly,293,200,200,GBP,paid,2025-09-26T11:26:00
se_001916,co_0237,renewal,Small,,2025-10-26,2025-10-26,,,monthly,293,200,200,GBP,paid,2025-10-26T13:44:00
se_001917,co_0237,renewal,Small,,2025-11-26,2025-11-26,,,monthly,293,200,200,GBP,paid,2025-11-26T19:34:00
se_001918,co_0237,renewal,Small,,2025-12-26,2025-12-26,,,monthly,293,200,200,GBP,paid,2025-12-26T17:02:00
se_001919,co_0237,renewal,Small,,2026-01-26,2026-01-26,,,monthly,293,200,200,GBP,paid,2026-01-26T09:31:00
se_001920,co_0237,renewal,Small,,2026-02-26,2026-02-26,,,monthly,293,200,200,GBP,paid,2026-02-26T10:18:00
se_001921,co_0237,renewal,Small,,2026-03-26,2026-03-26,,,monthly,293,200,200,GBP,paid,2026-03-26T13:12:00
se_001922,co_0237,renewal,Small,,2026-04-26,2026-04-26,,,monthly,293,200,200,GBP,paid,2026-04-26T17:58:00
se_001923,co_0237,renewal,Small,,2026-05-26,2026-05-26,,,monthly,293,200,200,GBP,paid,2026-05-26T17:31:00
se_001924,co_0237,renewal,Small,,2026-06-26,2026-06-26,,,monthly,293,200,200,GBP,paid,2026-06-26T15:06:00
se_001925,co_0238,trial_start,Medium,,,,,2026-01-06,annual,156,0,0,GBP,not_applicable,2025-12-30T12:52:00
se_001926,co_0238,converted,Medium,,2026-01-04,2026-01-04,,,annual,156,750,9000,GBP,paid,2026-01-04T08:10:00
se_001927,co_0239,trial_start,Large,,,,,2023-11-24,monthly,870,0,0,GBP,not_applicable,2023-11-17T18:37:00
se_001928,co_0240,trial_start,Medium,,,,,2025-07-05,monthly,138,0,0,GBP,not_applicable,2025-06-28T15:42:00
se_001929,co_0240,converted,Medium,,2025-07-04,2025-07-04,,,monthly,138,750,750,GBP,paid,2025-07-04T10:37:00
se_001930,co_0240,renewal,Medium,,2025-08-04,2025-08-04,,,monthly,138,750,750,GBP,paid,2025-08-04T10:12:00
se_001931,co_0240,renewal,Medium,,2025-09-04,2025-09-04,,,monthly,138,750,750,GBP,paid,2025-09-04T09:00:00
se_001932,co_0240,renewal,Medium,,2025-10-04,2025-10-04,,,monthly,138,750,750,GBP,paid,2025-10-04T18:23:00
se_001933,co_0240,renewal,Medium,,2025-11-04,2025-11-04,,,monthly,138,750,750,GBP,paid,2025-11-04T14:41:00
se_001934,co_0240,renewal,Medium,,2025-12-04,2025-12-04,,,monthly,138,750,750,GBP,paid,2025-12-04T08:35:00
se_001935,co_0240,renewal,Medium,,2026-01-04,2026-01-04,,,monthly,138,750,750,GBP,paid,2026-01-04T16:13:00
se_001936,co_0240,renewal,Medium,,2026-02-04,2026-02-04,,,monthly,138,750,750,GBP,paid,2026-02-04T10:26:00
se_001937,co_0240,renewal,Medium,,2026-03-04,2026-03-04,,,monthly,138,750,750,GBP,paid,2026-03-04T10:18:00
se_001938,co_0240,renewal,MEDIUM,,2026-04-04,2026-04-04,,,monthly,138,750,750,GBP,paid,2026-04-04T10:28:00
se_001939,co_0240,renewal,Medium,,2026-05-04,2026-05-04,,,monthly,138,750,750,GBP,paid,2026-05-04T18:24:00
se_001940,co_0240,renewal,Medium,,2026-06-04,2026-06-04,,,monthly,138,750,750,GBP,paid,2026-06-04T12:40:00
se_001941,co_0241,trial_start,Small,,,,,2024-03-14,monthly,95,0,0,GBP,not_applicable,2024-03-07T19:45:00
se_001942,co_0241,converted,Small,,2024-03-09,2024-03-09,,,monthly,95,200,200,GBP,paid,2024-03-09T14:33:00
se_001943,co_0241,renewal,Small,,2024-04-09,2024-04-09,,,monthly,95,200,200,GBP,paid,2024-04-09T08:47:00
se_001944,co_0241,renewal,Small,,2024-05-09,2024-05-09,,,monthly,95,200,200,GBP,paid,2024-05-09T10:45:00
se_001945,co_0241,renewal,Small,,2024-06-09,2024-06-09,,,monthly,95,200,200,GBP,paid,2024-06-09T16:02:00
se_001946,co_0241,renewal,Small,,2024-07-09,2024-07-09,,,monthly,95,200,200,GBP,paid,2024-07-09T17:04:00
se_001947,co_0241,renewal,Small,,2024-08-09,2024-08-09,,,monthly,95,200,200,GBP,paid,2024-08-09T14:41:00
se_001948,co_0241,renewal,Small,,2024-09-09,2024-09-09,,,monthly,95,200,200,GBP,paid,2024-09-09T17:12:00
se_001949,co_0241,renewal,Small,,2024-10-09,2024-10-09,,,monthly,95,200,200,GBP,paid,2024-10-09T08:54:00
se_001950,co_0241,renewal,Small,,2024-11-09,2024-11-09,,,monthly,95,200,200,GBP,paid,2024-11-09T08:07:00
se_001951,co_0241,renewal,Small,,2024-12-09,2024-12-09,,,monthly,95,200,200,GBP,paid,2024-12-09T15:45:00
se_001952,co_0241,renewal,Small,,2025-01-09,2025-01-09,,,monthly,95,200,200,GBP,paid,2025-01-09T10:26:00
se_001953,co_0241,renewal,Small,,2025-02-09,2025-02-09,,,monthly,95,200,200,GBP,paid,2025-02-09T10:55:00
se_001954,co_0241,renewal,Small,,2025-03-09,2025-03-09,,,monthly,95,200,200,GBP,paid,2025-03-09T08:18:00
se_001955,co_0241,renewal,Small,,2025-04-09,2025-04-09,,,monthly,95,200,200,GBP,paid,2025-04-09T18:13:00
se_001956,co_0241,renewal,Small,,2025-05-09,2025-05-09,,,monthly,95,200,200,GBP,paid,2025-05-09T08:53:00
se_001957,co_0241,renewal,Small,,2025-06-09,2025-06-09,,,monthly,95,200,200,GBP,paid,2025-06-09T18:41:00
se_001958,co_0241,renewal,Small,,2025-07-09,2025-07-09,,,monthly,95,200,200,GBP,paid,2025-07-09T15:13:00
se_001959,co_0241,renewal,Small,,2025-08-09,2025-08-09,,,monthly,95,200,200,GBP,paid,2025-08-09T11:44:00
se_001960,co_0241,renewal,Small,,2025-09-09,2025-09-09,,,monthly,95,200,200,GBP,paid,2025-09-09T16:47:00
se_001961,co_0241,renewal,Small,,2025-10-09,2025-10-09,,,monthly,95,200,200,GBP,paid,2025-10-09T14:52:00
se_001962,co_0241,renewal,Small,,2025-11-09,2025-11-09,,,monthly,95,200,200,GBP,paid,2025-11-09T14:36:00
se_001963,co_0241,renewal,Small,,2025-12-09,2025-12-09,,,monthly,95,200,200,GBP,paid,2025-12-09T14:51:00
se_001964,co_0241,renewal,Small,,2026-01-09,2026-01-09,,,monthly,95,200,200,GBP,paid,2026-01-09T12:16:00
se_001965,co_0241,renewal,Small,,2026-02-09,2026-02-09,,,monthly,95,200,200,GBP,paid,2026-02-09T17:43:00
se_001966,co_0241,renewal,Small,,2026-03-09,2026-03-09,,,monthly,95,200,200,GBP,paid,2026-03-09T10:55:00
se_001967,co_0241,renewal,Small,,2026-04-09,2026-04-09,,,monthly,95,200,200,GBP,paid,2026-04-09T19:17:00
se_001968,co_0241,renewal,Small,,2026-05-09,2026-05-09,,,monthly,95,200,200,GBP,paid,2026-05-09T08:06:00
se_001969,co_0241,renewal,Small,,2026-06-09,2026-06-09,,,monthly,95,200,200,GBP,paid,2026-06-09T11:43:00
se_001970,co_0242,trial_start,Medium,,,,,2024-11-04,monthly,133,0,0,GBP,not_applicable,2024-10-28T19:28:00
se_001971,co_0242,converted,Medium,,2024-11-04,2024-11-04,,,monthly,133,750,750,GBP,paid,2024-11-04T18:29:00
se_001972,co_0242,renewal,Medium,,2024-12-04,2024-12-04,,,monthly,133,750,750,GBP,paid,2024-12-04T12:26:00
se_001973,co_0242,renewal,Medium,,2025-01-04,2025-01-04,,,monthly,133,750,750,GBP,paid,2025-01-04T10:15:00
se_001974,co_0242,renewal,Medium,,2025-02-04,2025-02-04,,,monthly,133,750,750,GBP,paid,2025-02-04T19:25:00
se_001975,co_0242,renewal,Medium,,2025-03-04,2025-03-04,,,monthly,133,750,750,GBP,paid,2025-03-04T16:46:00
se_001976,co_0242,renewal,Medium,,2025-04-04,2025-04-04,,,monthly,133,750,750,GBP,paid,2025-04-04T10:09:00
se_001977,co_0242,payment_failed,Medium,,2025-05-04,2025-05-04,,,monthly,133,750,750,GBP,failed,2025-05-04T17:03:00
se_001978,co_0242,renewal,Medium,,2025-06-04,2025-06-04,,,monthly,133,750,750,GBP,paid,2025-06-04T15:07:00
se_001979,co_0242,renewal,Medium,,2025-07-04,2025-07-04,,,monthly,133,750,750,GBP,paid,2025-07-04T11:35:00
se_001980,co_0242,renewal,Medium,,2025-08-04,2025-08-04,,,monthly,133,750,750,GBP,paid,2025-08-04T12:37:00
se_001981,co_0242,renewal,Medium,,2025-09-04,2025-09-04,,,monthly,133,750,750,GBP,paid,2025-09-04T09:08:00
se_001982,co_0242,renewal,Medium,,2025-10-04,2025-10-04,,,monthly,133,750,750,GBP,paid,2025-10-04T16:24:00
se_001983,co_0242,renewal,Medium,,2025-11-04,2025-11-04,,,monthly,133,750,750,GBP,paid,2025-11-04T17:20:00
se_001984,co_0242,renewal,Medium,,2025-12-04,2025-12-04,,,monthly,133,750,750,GBP,paid,2025-12-04T12:11:00
se_001985,co_0242,renewal,Medium,,2026-01-04,2026-01-04,,,monthly,133,750,750,GBP,paid,2026-01-04T16:34:00
se_001986,co_0242,renewal,Medium,,2026-02-04,2026-02-04,,,monthly,133,750,750,GBP,paid,2026-02-04T09:12:00
se_001987,co_0242,renewal,Medium,,2026-03-04,2026-03-04,,,monthly,133,750,750,GBP,paid,2026-03-04T10:36:00
se_001988,co_0242,renewal,Medium,,2026-04-12,2026-04-04,,,monthly,133,750,750,GBP,paid,2026-04-04T09:59:00
se_001989,co_0242,renewal,Medium,,2026-05-04,2026-05-04,,,monthly,133,750,750,GBP,paid,2026-05-04T10:47:00
se_001990,co_0242,renewal,Medium,,2026-06-04,2026-06-04,,,monthly,133,750,750,GBP,paid,2026-06-04T16:12:00
se_001991,co_0243,trial_start,Small,,,,,2023-12-17,monthly,81,0,0,GBP,not_applicable,2023-12-10T16:54:00
se_001992,co_0243,converted,Small,,2023-12-14,2023-12-14,,,monthly,81,200,200,GBP,paid,2023-12-14T15:01:00
se_001993,co_0243,renewal,Small,,2024-01-14,2024-01-14,,,monthly,81,200,200,GBP,paid,2024-01-14T14:53:00
se_001994,co_0243,renewal,Small,,2024-02-14,2024-02-14,,,monthly,81,200,200,GBP,paid,2024-02-14T18:30:00
se_001995,co_0243,renewal,Small,,2024-03-14,2024-03-14,,,monthly,81,200,200,GBP,paid,2024-03-14T15:51:00
se_001996,co_0243,renewal,Small,,2024-04-14,2024-04-14,,,monthly,81,200,200,GBP,paid,2024-04-14T13:14:00
se_001997,co_0243,renewal,Small,,2024-05-14,2024-05-14,,,monthly,81,200,200,GBP,paid,2024-05-14T15:29:00
se_001998,co_0243,renewal,Small,,2024-06-14,2024-06-14,,,monthly,81,200,200,GBP,paid,2024-06-14T16:39:00
se_001999,co_0243,renewal,Small,,2024-07-14,2024-07-14,,,monthly,81,200,200,GBP,paid,2024-07-14T11:47:00
se_002000,co_0243,renewal,Small,,2024-08-14,2024-08-14,,,monthly,81,200,200,GBP,paid,2024-08-14T19:48:00
se_002001,co_0243,renewal,Small,,2024-09-14,2024-09-14,,,monthly,81,200,200,GBP,paid,2024-09-14T14:38:00
se_002002,co_0243,renewal,Small,,2024-10-14,2024-10-14,,,monthly,81,200,200,GBP,paid,2024-10-14T15:21:00
se_002003,co_0243,renewal,Small,,2024-11-14,2024-11-14,,,monthly,81,200,200,GBP,paid,2024-11-14T18:02:00
se_002004,co_0243,payment_failed,Small,,2024-12-14,2024-12-14,,,monthly,81,200,200,GBP,failed,2024-12-14T17:44:00
se_002005,co_0243,payment_recovered,Small,,2024-12-29,2024-12-29,,,monthly,81,200,200,GBP,paid,2024-12-29T13:52:00
se_002006,co_0243,renewal,Small,,2025-01-14,2025-01-14,,,monthly,81,200,200,GBP,paid,2025-01-14T16:06:00
se_002007,co_0243,renewal,Small,,2025-02-14,2025-02-14,,,monthly,81,200,200,GBP,paid,2025-02-14T19:16:00
se_002008,co_0243,renewal,Small,,2025-03-14,2025-03-14,,,monthly,81,200,200,GBP,paid,2025-03-14T17:17:00
se_002009,co_0243,renewal,Small,,2025-04-14,2025-04-14,,,monthly,81,200,200,GBP,paid,2025-04-14T12:34:00
se_002010,co_0243,renewal,Small,,2025-05-14,2025-05-14,,,monthly,81,200,200,GBP,paid,2025-05-14T19:51:00
se_002011,co_0243,renewal,Small,,2025-06-14,2025-06-14,,,monthly,81,200,200,GBP,paid,2025-06-14T12:56:00
se_002012,co_0243,renewal,Small,,2025-07-14,2025-07-14,,,monthly,81,200,200,GBP,paid,2025-07-14T16:13:00
se_002013,co_0243,renewal,Small,,2025-08-14,2025-08-14,,,monthly,81,200,200,GBP,paid,2025-08-14T13:43:00
se_002014,co_0243,renewal,Small,,2025-09-14,2025-09-14,,,monthly,81,200,200,GBP,paid,2025-09-14T14:00:00
se_002015,co_0243,renewal,Small,,2025-10-14,2025-10-14,,,monthly,81,200,200,GBP,paid,2025-10-14T14:30:00
se_002016,co_0243,renewal,Small,,2025-11-14,2025-11-14,,,monthly,81,200,200,GBP,paid,2025-11-14T09:26:00
se_002017,co_0243,renewal,Small,,2025-12-14,2025-12-14,,,monthly,81,200,200,GBP,paid,2025-12-14T09:24:00
se_002018,co_0243,renewal,Small,,2026-01-14,2026-01-14,,,monthly,81,200,200,GBP,paid,2026-01-14T13:58:00
se_002019,co_0243,renewal,Small,,2026-02-28,2026-02-14,,,monthly,81,200,200,GBP,paid,2026-02-14T10:28:00
se_002020,co_0243,renewal,Small,,2026-03-14,2026-03-14,,,monthly,81,200,200,GBP,paid,2026-03-14T13:21:00
se_002021,co_0243,renewal,Small,,2026-04-14,2026-04-14,,,monthly,81,200,200,GBP,paid,2026-04-14T13:49:00
se_002022,co_0243,renewal,Small,,2026-05-14,2026-05-14,,,monthly,81,200,200,GBP,paid,2026-05-14T16:30:00
se_002023,co_0243,renewal,Small,,2026-06-14,2026-06-14,,,monthly,81,200,200,GBP,paid,2026-06-14T13:59:00
se_002024,co_0244,trial_start,Medium,,,,,2026-04-14,monthly,219,0,0,GBP,not_applicable,2026-04-07T18:33:00
se_002025,co_0244,converted,Medium,,2026-04-13,2026-04-13,,,monthly,219,750,750,GBP,paid,2026-04-13T08:30:00
se_002026,co_0244,renewal,Medium,,2026-05-13,2026-05-13,,,monthly,219,750,750,GBP,paid,2026-05-13T13:10:00
se_002027,co_0244,renewal,Medium,,2026-06-13,2026-06-13,,,monthly,219,750,750,GBP,paid,2026-06-13T13:42:00
se_002028,co_0245,trial_start,Small,,,,,2024-01-31,annual,58,0,0,GBP,not_applicable,2024-01-24T15:10:00
se_002029,co_0246,trial_start,Small,,,,,2025-10-02,monthly,74,0,0,GBP,not_applicable,2025-09-25T15:46:00
se_002030,co_0246,converted,Small,,2025-09-28,2025-09-28,,,monthly,74,200,200,GBP,paid,2025-09-28T09:17:00
se_002031,co_0246,renewal,Small,,2025-10-28,2025-10-28,,,monthly,74,200,200,GBP,paid,2025-10-28T11:28:00
se_002032,co_0246,renewal,Small,,2025-11-28,2025-11-28,,,monthly,74,200,200,GBP,paid,2025-11-28T16:43:00
se_002033,co_0246,renewal,Small,,2025-12-28,2025-12-28,,,monthly,74,200,200,GBP,paid,2025-12-28T18:45:00
se_002034,co_0246,renewal,Small,,2026-01-28,2026-01-28,,,monthly,74,200,200,GBP,paid,2026-01-28T09:03:00
se_002035,co_0246,renewal,Small,,2026-02-28,2026-02-28,,,monthly,74,200,200,GBP,paid,2026-02-28T18:37:00
se_002036,co_0246,renewal,Small,,2026-03-28,2026-03-28,,,monthly,74,200,200,GBP,paid,2026-03-28T16:56:00
se_002037,co_0246,renewal,Small,,2026-04-28,2026-04-28,,,monthly,74,200,200,GBP,paid,2026-04-28T18:09:00
se_002038,co_0246,renewal,Small,,2026-05-28,2026-05-28,,,monthly,74,200,200,GBP,paid,2026-05-28T11:31:00
se_002039,co_0246,renewal,Small,,2026-06-28,2026-06-28,,,monthly,74,200,200,GBP,paid,2026-06-28T11:57:00
se_002040,co_0247,trial_start,Small,,,,,2026-04-15,annual,29,0,0,GBP,not_applicable,2026-04-08T08:30:00
se_002041,co_0248,trial_start,Medium,,,,,2025-03-06,annual,289,0,0,GBP,not_applicable,2025-02-27T17:11:00
se_002042,co_0248,converted,Medium,,2025-03-05,2025-03-05,,,annual,289,750,9000,GBP,paid,2025-03-05T19:28:00
se_002043,co_0248,renewal,Medium,,2026-03-05,2026-03-05,,,annual,289,750,9000,GBP,paid,2026-03-05T16:52:00
se_002044,co_0249,trial_start,Small,,,,,2024-03-14,monthly,59,0,0,GBP,not_applicable,2024-03-07T18:00:00
se_002045,co_0249,converted,Small,,2024-03-13,2024-03-13,,,monthly,59,200,200,GBP,paid,2024-03-13T08:19:00
se_002046,co_0249,renewal,Small,,2024-04-13,2024-04-13,,,monthly,59,200,200,GBP,paid,2024-04-13T17:47:00
se_002047,co_0249,renewal,Small,,2024-05-13,2024-05-13,,,monthly,59,200,200,GBP,paid,2024-05-13T17:14:00
se_002048,co_0249,renewal,Small,,2024-06-13,2024-06-13,,,monthly,59,200,200,GBP,paid,2024-06-13T12:25:00
se_002049,co_0249,renewal,Small,,2024-07-13,2024-07-13,,,monthly,59,200,200,GBP,paid,2024-07-13T18:33:00
se_002050,co_0249,renewal,Small,,2024-08-13,2024-08-13,,,monthly,59,200,200,GBP,paid,2024-08-13T10:29:00
se_002051,co_0249,renewal,Small,,2024-09-13,2024-09-13,,,monthly,59,200,200,GBP,paid,2024-09-13T19:24:00
se_002052,co_0249,renewal,Small,,2024-10-13,2024-10-13,,,monthly,59,200,200,GBP,paid,2024-10-13T12:15:00
se_002053,co_0249,payment_failed,Small,,2024-11-13,2024-11-13,,,monthly,59,200,200,GBP,failed,2024-11-13T14:32:00
se_002054,co_0249,payment_recovered,Small,,2024-12-10,2024-11-27,,,monthly,59,200,200,GBP,paid,2024-11-27T10:22:00
se_002055,co_0249,renewal,Small,,2024-12-13,2024-12-13,,,monthly,59,200,200,GBP,paid,2024-12-13T12:23:00
se_002056,co_0249,renewal,Small,,2025-01-13,2025-01-13,,,monthly,59,200,200,GBP,paid,2025-01-13T14:25:00
se_002057,co_0249,renewal,Small,,2025-02-13,2025-02-13,,,monthly,59,200,200,GBP,paid,2025-02-13T19:41:00
se_002058,co_0249,renewal,Small,,2025-03-13,2025-03-13,,,monthly,59,200,200,GBP,paid,2025-03-13T13:39:00
se_002059,co_0249,payment_failed,Small,,2025-04-13,2025-04-13,,,monthly,59,200,200,GBP,failed,2025-04-13T16:50:00
se_002060,co_0249,payment_recovered,Small,,2025-04-27,2025-04-24,,,monthly,59,200,200,GBP,paid,2025-04-24T18:56:00
se_002061,co_0249,renewal,Small,,2025-05-13,2025-05-13,,,monthly,59,200,200,GBP,paid,2025-05-13T10:12:00
se_002062,co_0249,renewal,Small,,2025-06-13,2025-06-13,,,monthly,59,200,200,GBP,paid,2025-06-13T14:25:00
se_002063,co_0249,renewal,Small,,2025-07-13,2025-07-13,,,monthly,59,200,200,GBP,paid,2025-07-13T19:53:00
se_002064,co_0249,renewal,Small,,2025-08-13,2025-08-13,,,monthly,59,200,200,GBP,paid,2025-08-13T14:45:00
se_002065,co_0249,renewal,Small,,2025-09-13,2025-09-13,,,monthly,59,200,200,GBP,paid,2025-09-13T13:04:00
se_002066,co_0249,renewal,Small,,2025-10-13,2025-10-13,,,monthly,59,200,200,GBP,paid,2025-10-13T19:48:00
se_002067,co_0249,renewal,Small,,2025-11-13,2025-11-13,,,monthly,59,200,200,GBP,paid,2025-11-13T19:07:00
se_002068,co_0249,renewal,Small,,2025-12-22,2025-12-13,,,monthly,59,200,200,GBP,paid,2025-12-13T14:59:00
se_002069,co_0249,renewal,Small,,2026-01-13,2026-01-13,,,monthly,59,200,200,GBP,paid,2026-01-13T09:02:00
se_002070,co_0249,renewal,Small,,2026-03-03,2026-02-13,,,monthly,59,200,200,GBP,paid,2026-02-13T14:14:00
se_002071,co_0249,renewal,Small,,2026-03-13,2026-03-13,,,monthly,59,200,200,GBP,paid,2026-03-13T14:31:00
se_002072,co_0249,renewal,Small,,2026-04-20,2026-04-13,,,monthly,59,200,200,GBP,paid,2026-04-13T15:59:00
se_002073,co_0249,renewal,Small,,2026-05-13,2026-05-13,,,monthly,59,200,200,GBP,paid,2026-05-13T09:39:00
se_002074,co_0249,renewal,Small,,2026-06-13,2026-06-13,,,monthly,59,200,200,GBP,paid,2026-06-13T19:01:00
se_002075,co_0250,trial_start,Small,,,,,2024-07-04,annual,44,0,0,GBP,not_applicable,2024-06-27T17:44:00
se_002076,co_0250,converted,Small,,2024-06-30,2024-06-30,,,annual,44,200,2400,GBP,paid,2024-06-30T08:54:00
se_002077,co_0250,renewal,Small,,2025-06-30,2025-06-30,,,annual,44,200,2400,GBP,paid,2025-06-30T08:48:00
se_002078,co_0251,trial_start,Small,,,,,2025-10-29,monthly,72,0,0,GBP,not_applicable,2025-10-22T10:21:00
se_002079,co_0251,converted,Small,,2025-10-27,2025-10-27,,,monthly,72,200,200,GBP,paid,2025-10-27T16:19:00
se_002080,co_0251,renewal,Small,,2025-11-27,2025-11-27,,,monthly,72,200,200,GBP,paid,2025-11-27T19:02:00
se_002081,co_0251,renewal,Small,,2025-12-27,2025-12-27,,,monthly,72,200,200,GBP,paid,2025-12-27T10:10:00
se_002082,co_0251,renewal,Small,,2026-01-27,2026-01-27,,,monthly,72,200,200,GBP,paid,2026-01-27T14:36:00
se_002083,co_0251,payment_failed,Small,,2026-02-27,2026-02-27,,,monthly,72,200,200,GBP,failed,2026-02-27T15:27:00
se_002084,co_0251,renewal,Small,,2026-04-01,2026-03-27,,,monthly,72,200,200,GBP,paid,2026-03-27T11:51:00
se_002085,co_0251,renewal,Small,,2026-04-27,2026-04-27,,,monthly,72,200,200,GBP,paid,2026-04-27T11:51:00
se_002086,co_0251,renewal,Small,,2026-05-27,2026-05-27,,,monthly,72,200,200,GBP,paid,2026-05-27T13:04:00
se_002087,co_0251,renewal,Small,,2026-06-27,2026-06-27,,,monthly,72,200,200,GBP,paid,2026-06-27T19:10:00
se_002088,co_0252,trial_start,Small,,,,,2025-03-27,monthly,104,0,0,GBP,not_applicable,2025-03-20T13:31:00
se_002089,co_0253,trial_start,Medium,,,,,2023-10-27,monthly,215,0,0,GBP,not_applicable,2023-10-20T10:46:00
se_002090,co_0253,converted,Medium,,2023-10-25,2023-10-25,,,monthly,215,750,750,GBP,paid,2023-10-25T13:39:00
se_002091,co_0253,renewal,Medium ,,2023-11-25,2023-11-25,,,monthly,215,750,750,GBP,paid,2023-11-25T17:46:00
se_002092,co_0253,renewal,MEDIUM,,2023-12-25,2023-12-25,,,monthly,215,750,750,GBP,paid,2023-12-25T13:45:00
se_002093,co_0253,renewal,Medium,,2024-01-25,2024-01-25,,,monthly,215,750,750,GBP,paid,2024-01-25T08:49:00
se_002094,co_0253,renewal,Medium,,2024-02-25,2024-02-25,,,monthly,215,750,750,GBP,paid,2024-02-25T19:23:00
se_002095,co_0253,renewal,Medium,,2024-03-25,2024-03-25,,,monthly,215,750,750,GBP,paid,2024-03-25T11:26:00
se_002096,co_0253,renewal,Medium,,2024-04-25,2024-04-25,,,monthly,215,750,750,GBP,paid,2024-04-25T17:20:00
se_002097,co_0253,renewal,Medium,,2024-05-25,2024-05-25,,,monthly,215,750,750,GBP,paid,2024-05-25T08:30:00
se_002098,co_0253,renewal,Medium,,2024-06-25,2024-06-25,,,monthly,215,750,750,GBP,paid,2024-06-25T13:56:00
se_002099,co_0253,renewal,Medium,,2024-07-25,2024-07-25,,,monthly,215,750,750,GBP,paid,2024-07-25T10:54:00
se_002100,co_0253,renewal,Medium,,2024-08-25,2024-08-25,,,monthly,215,750,750,GBP,paid,2024-08-25T17:13:00
se_002101,co_0253,renewal,Medium,,2024-09-25,2024-09-25,,,monthly,215,750,750,GBP,paid,2024-09-25T13:32:00
se_002102,co_0253,renewal,Medium,,2024-10-25,2024-10-25,,,monthly,215,750,750,GBP,paid,2024-10-25T12:12:00
se_002103,co_0253,renewal,Medium,,2024-11-25,2024-11-25,,,monthly,215,750,750,GBP,paid,2024-11-25T09:17:00
se_002104,co_0253,renewal,Medium,,2024-12-25,2024-12-25,,,monthly,215,750,750,GBP,paid,2024-12-25T15:47:00
se_002105,co_0253,renewal,Medium,,2025-01-25,2025-01-25,,,monthly,215,750,750,GBP,paid,2025-01-25T12:48:00
se_002106,co_0253,renewal,Medium,,2025-02-25,2025-02-25,,,monthly,215,750,750,GBP,paid,2025-02-25T19:30:00
se_002107,co_0253,renewal,Medium,,2025-03-25,2025-03-25,,,monthly,215,750,750,GBP,paid,2025-03-25T09:51:00
se_002108,co_0253,renewal,Medium,,2025-04-25,2025-04-25,,,monthly,215,750,750,GBP,paid,2025-04-25T19:22:00
se_002109,co_0253,renewal,Medium,,2025-05-25,2025-05-25,,,monthly,215,750,750,GBP,paid,2025-05-25T10:56:00
se_002110,co_0253,renewal,Medium,,2025-06-25,2025-06-25,,,monthly,215,750,750,GBP,paid,2025-06-25T15:14:00
se_002111,co_0253,renewal,Medium,,2025-07-25,2025-07-25,,,monthly,215,750,750,GBP,paid,2025-07-25T19:48:00
se_002112,co_0253,renewal,Medium,,2025-08-25,2025-08-25,,,monthly,215,750,750,GBP,paid,2025-08-25T14:04:00
se_002113,co_0253,renewal,Medium,,2025-09-25,2025-09-25,,,monthly,215,750,750,GBP,paid,2025-09-25T19:01:00
se_002114,co_0253,renewal,Medium,,2025-10-25,2025-10-25,,,monthly,215,750,750,GBP,paid,2025-10-25T19:08:00
se_002115,co_0253,renewal,Medium,,2025-11-25,2025-11-25,,,monthly,215,750,750,GBP,paid,2025-11-25T10:47:00
se_002116,co_0253,renewal,Medium,,2025-12-25,2025-12-25,,,monthly,215,750,750,GBP,paid,2025-12-25T11:54:00
se_002117,co_0253,renewal,Medium,,2026-01-25,2026-01-25,,,monthly,215,750,750,GBP,paid,2026-01-25T16:47:00
se_002118,co_0253,renewal,Medium,,2026-02-25,2026-02-25,,,monthly,215,750,750,GBP,paid,2026-02-25T19:41:00
se_002119,co_0253,renewal,Medium,,2026-03-25,2026-03-25,,,monthly,215,750,750,GBP,paid,2026-03-25T15:49:00
se_002120,co_0253,renewal,Medium,,2026-04-25,2026-04-25,,,monthly,215,750,750,GBP,paid,2026-04-25T15:18:00
se_002121,co_0253,renewal,Medium,,2026-05-25,2026-05-25,,,monthly,215,750,750,GBP,paid,2026-05-25T13:29:00
se_002122,co_0253,renewal,Medium,,2026-06-25,2026-06-25,,,monthly,215,750,750,GBP,paid,2026-06-25T15:05:00
se_002123,co_0254,trial_start,Medium,,,,,2026-01-08,monthly,200,0,0,GBP,not_applicable,2026-01-01T12:22:00
se_002124,co_0254,converted,Medium,,2026-01-06,2026-01-06,,,monthly,200,750,750,GBP,paid,2026-01-06T09:05:00
se_002125,co_0254,renewal,Medium,,2026-02-06,2026-02-06,,,monthly,200,750,750,GBP,paid,2026-02-06T08:56:00
se_002126,co_0254,renewal,Medium,,2026-03-06,2026-03-06,,,monthly,200,750,750,GBP,paid,2026-03-06T19:47:00
se_002127,co_0254,renewal,Medium,,2026-04-06,2026-04-06,,,monthly,200,750,750,GBP,paid,2026-04-06T19:59:00
se_002128,co_0254,renewal,Medium,,,2026-05-06,,,monthly,200,750,750,GBP,paid,2026-05-06T08:46:00
se_002129,co_0254,renewal,Medium,,2026-06-06,2026-06-06,,,monthly,200,750,750,GBP,paid,2026-06-06T08:31:00
se_002130,co_0255,trial_start,Medium,,,,,2023-12-30,annual,140,0,0,GBP,not_applicable,2023-12-23T14:27:00
se_002131,co_0255,converted,Medium,,2023-12-26,2023-12-26,,,annual,140,750,9000,GBP,paid,2023-12-26T08:41:00
se_002132,co_0255,renewal,Medium,,2024-12-26,2024-12-26,,,annual,140,750,9000,GBP,paid,2024-12-26T09:27:00
se_002133,co_0255,renewal,Medium,,2025-12-26,2025-12-26,,,annual,140,750,9000,GBP,paid,2025-12-26T14:59:00
se_002134,co_0256,trial_start,Small,,,,,2023-08-08,monthly,35,0,0,GBP,not_applicable,2023-08-01T13:26:00
se_002135,co_0257,trial_start,Small,,,,,2024-06-04,monthly,77,0,0,GBP,not_applicable,2024-05-28T16:44:00
se_002136,co_0258,trial_start,Medium,,,,,2025-04-17,monthly,167,0,0,GBP,not_applicable,2025-04-10T11:53:00
se_002137,co_0259,trial_start,Small,,,,,2025-10-27,annual,71,0,0,GBP,not_applicable,2025-10-20T18:22:00
se_002138,co_0260,trial_start,Medium,,,,,2025-04-07,annual,146,0,0,GBP,not_applicable,2025-03-31T17:23:00
se_002139,co_0260,converted,Medium,,2025-04-10,2025-04-10,,,annual,146,750,9000,GBP,paid,2025-04-10T15:05:00
se_002140,co_0260,renewal,Medium,,2026-04-10,2026-04-10,,,annual,146,750,9000,GBP,paid,2026-04-10T19:38:00
se_002141,co_0260,downgrade,Small,,2026-04-25,2026-04-25,,,annual,146,200,2400,GBP,paid,2026-04-25T08:41:00
se_002142,co_0261,trial_start,Small,,,,,2024-05-27,annual,51,0,0,GBP,not_applicable,2024-05-20T08:07:00
se_002143,co_0261,converted,Small,,2024-05-23,2024-05-23,,,annual,51,200,2400,GBP,paid,2024-05-23T17:08:00
se_002144,co_0261,renewal,Small,,2025-05-23,2025-05-23,,,annual,51,200,2400,GBP,paid,2025-05-23T11:17:00
se_002145,co_0261,renewal,Small,,2026-05-23,2026-05-23,,,annual,51,200,2400,GBP,paid,2026-05-23T11:15:00
se_002146,co_0262,trial_start,Bespoke,,,,,2025-10-10,monthly,2429,0,0,GBP,not_applicable,2025-10-03T14:32:00
se_002147,co_0263,trial_start,Small,,,,,2025-10-22,monthly,68,0,0,GBP,not_applicable,2025-10-15T10:50:00
se_002148,co_0264,trial_start,Small,,,,,2025-11-15,annual,68,0,0,GBP,not_applicable,2025-11-08T19:50:00
se_002149,co_0264,converted,Small,,2025-11-15,2025-11-15,,,annual,68,200,2400,GBP,paid,2025-11-15T08:43:00
se_002150,co_0265,trial_start,Medium,,,,,2023-08-23,monthly,153,0,0,GBP,not_applicable,2023-08-16T14:49:00
se_002151,co_0265,converted,Medium,,2023-08-23,2023-08-23,,,monthly,153,750,750,GBP,paid,2023-08-23T15:26:00
se_002152,co_0265,renewal,Medium,,2023-09-23,2023-09-23,,,monthly,153,750,750,GBP,paid,2023-09-23T19:07:00
se_002153,co_0265,renewal,Medium,,2023-10-23,2023-10-23,,,monthly,153,750,750,GBP,paid,2023-10-23T18:08:00
se_002154,co_0265,renewal,Medium,,2023-11-23,2023-11-23,,,monthly,153,750,750,GBP,paid,2023-11-23T19:04:00
se_002155,co_0265,renewal,Medium,,2023-12-26,2023-12-23,,,monthly,153,750,750,GBP,paid,2023-12-23T09:35:00
se_002156,co_0265,renewal,Medium,,2024-01-23,2024-01-23,,,monthly,153,750,750,GBP,paid,2024-01-23T14:18:00
se_002157,co_0265,renewal,Medium,,2024-02-23,2024-02-23,,,monthly,153,750,750,GBP,paid,2024-02-23T12:40:00
se_002158,co_0265,renewal,Medium,,2024-03-23,2024-03-23,,,monthly,153,750,750,GBP,paid,2024-03-23T11:45:00
se_002159,co_0265,renewal,Medium,,2024-04-23,2024-04-23,,,monthly,153,750,750,GBP,paid,2024-04-23T09:14:00
se_002160,co_0265,renewal,Medium,,2024-05-23,2024-05-23,,,monthly,153,750,750,GBP,paid,2024-05-23T17:47:00
se_002161,co_0265,renewal,Medium,,2024-06-23,2024-06-23,,,monthly,153,750,750,GBP,paid,2024-06-23T16:15:00
se_002162,co_0265,renewal,Medium,,2024-07-23,2024-07-23,,,monthly,153,750,750,GBP,paid,2024-07-23T10:52:00
se_002163,co_0265,renewal,Medium,,2024-08-23,2024-08-23,,,monthly,153,750,750,GBP,paid,2024-08-23T12:22:00
se_002164,co_0265,renewal,Medium,,2024-09-23,2024-09-23,,,monthly,153,750,750,GBP,paid,2024-09-23T14:42:00
se_002165,co_0265,renewal,Medium,,2024-10-23,2024-10-23,,,monthly,153,750,750,GBP,paid,2024-10-23T14:39:00
se_002166,co_0265,renewal,Medium,,2024-11-23,2024-11-23,,,monthly,153,750,750,GBP,paid,2024-11-23T17:27:00
se_002167,co_0265,renewal,Medium,,2024-12-23,2024-12-23,,,monthly,153,750,750,GBP,paid,2024-12-23T09:18:00
se_002168,co_0265,renewal,Medium,,2025-01-23,2025-01-23,,,monthly,153,750,750,GBP,paid,2025-01-23T13:08:00
se_002169,co_0265,renewal,Medium,,2025-02-23,2025-02-23,,,monthly,153,750,750,GBP,paid,2025-02-23T17:53:00
se_002170,co_0265,renewal,Medium,,2025-03-23,2025-03-23,,,monthly,153,750,750,GBP,paid,2025-03-23T14:05:00
se_002171,co_0265,renewal,Medium,,2025-04-23,2025-04-23,,,monthly,153,750,750,GBP,paid,2025-04-23T09:39:00
se_002172,co_0265,renewal,Medium,,2025-05-23,2025-05-23,,,monthly,153,750,750,GBP,paid,2025-05-23T19:39:00
se_002173,co_0265,renewal,Medium,,2025-06-23,2025-06-23,,,monthly,153,750,750,GBP,paid,2025-06-23T19:56:00
se_002174,co_0265,renewal,Medium,,2025-07-23,2025-07-23,,,monthly,153,750,750,GBP,paid,2025-07-23T12:06:00
se_002175,co_0265,renewal,Medium,,2025-08-23,2025-08-23,,,monthly,153,750,750,GBP,paid,2025-08-23T13:04:00
se_002176,co_0265,renewal,Medium,,2025-09-23,2025-09-23,,,monthly,153,750,750,GBP,paid,2025-09-23T08:03:00
se_002177,co_0265,renewal,Medium,,2025-10-23,2025-10-23,,,monthly,153,750,750,GBP,paid,2025-10-23T09:36:00
se_002178,co_0265,renewal,Medium,,2025-11-23,2025-11-23,,,monthly,153,750,750,GBP,paid,2025-11-23T13:00:00
se_002179,co_0265,renewal,Medium,,2025-12-23,2025-12-23,,,monthly,153,750,750,GBP,paid,2025-12-23T08:59:00
se_002180,co_0265,renewal,Medium,,2026-01-23,2026-01-23,,,monthly,153,750,750,GBP,paid,2026-01-23T14:45:00
se_002181,co_0265,renewal,Medium,,2026-02-23,2026-02-23,,,monthly,153,750,750,GBP,paid,2026-02-23T19:11:00
se_002182,co_0265,renewal,Medium,,2026-03-23,2026-03-23,,,monthly,153,750,750,GBP,paid,2026-03-23T14:49:00
se_002183,co_0265,renewal,Medium,,2026-04-23,2026-04-23,,,monthly,153,750,750,GBP,paid,2026-04-23T08:35:00
se_002184,co_0265,renewal,Medium,,2026-05-26,2026-05-23,,,monthly,153,750,750,GBP,paid,2026-05-23T14:31:00
se_002185,co_0265,renewal,Medium,,2026-06-23,2026-06-23,,,monthly,153,750,750,GBP,paid,2026-06-23T17:49:00
se_002186,co_0266,trial_start,Medium,,,,,2024-04-04,monthly,146,0,0,GBP,not_applicable,2024-03-28T17:55:00
se_002187,co_0267,trial_start,Small,,,,,2025-09-24,monthly,57,0,0,GBP,not_applicable,2025-09-17T16:09:00
se_002188,co_0268,trial_start,Small,,,,,2025-09-27,monthly,140,0,0,GBP,not_applicable,2025-09-20T11:14:00
se_002189,co_0268,converted,Small,,2025-09-23,2025-09-23,,,monthly,140,200,200,GBP,paid,2025-09-23T10:41:00
se_002190,co_0268,renewal,Small,,2025-10-23,2025-10-23,,,monthly,140,200,200,GBP,paid,2025-10-23T17:23:00
se_002191,co_0268,payment_failed,Small,,2025-11-23,2025-11-23,,,monthly,140,200,200,GBP,failed,2025-11-23T17:21:00
se_002192,co_0268,renewal,Small,,2025-12-23,2025-12-23,,,monthly,140,200,200,GBP,paid,2025-12-23T12:50:00
se_002193,co_0268,renewal,Small,,2026-01-23,2026-01-23,,,monthly,140,200,200,GBP,paid,2026-01-23T15:15:00
se_002194,co_0268,renewal,Small,,2026-02-23,2026-02-23,,,monthly,140,200,200,GBP,paid,2026-02-23T10:22:00
se_002195,co_0268,renewal,Small,,2026-04-03,2026-03-23,,,monthly,140,200,200,GBP,paid,2026-03-23T11:13:00
se_002196,co_0268,renewal,Small,,2026-04-23,2026-04-23,,,monthly,140,200,200,GBP,paid,2026-04-23T17:53:00
se_002197,co_0268,renewal,Small,,2026-05-23,2026-05-23,,,monthly,140,200,200,GBP,paid,2026-05-23T14:47:00
se_002198,co_0268,renewal,Small,,2026-06-23,2026-06-23,,,monthly,140,200,200,GBP,paid,2026-06-23T19:16:00
se_002199,co_0269,trial_start,Medium,,,,,2026-03-19,annual,225,0,0,GBP,not_applicable,2026-03-12T10:27:00
se_002200,co_0269,converted,Medium,,2026-03-18,2026-03-18,,,annual,225,750,9000,GBP,paid,2026-03-18T15:19:00
se_002201,co_0270,trial_start,Medium,,,,,2026-06-20,annual,145,0,0,GBP,not_applicable,2026-06-13T12:41:00
se_002202,co_0270,converted,Medium,,2026-06-16,2026-06-16,,,annual,145,750,9000,GBP,paid,2026-06-16T08:34:00
se_002203,co_0271,trial_start,Medium,,,,,2024-02-07,annual,106,0,0,GBP,not_applicable,2024-01-31T09:21:00
se_002204,co_0271,converted,Medium,,2024-02-04,2024-02-04,,,annual,106,750,9000,GBP,paid,2024-02-04T08:48:00
se_002205,co_0271,renewal,Medium,,2025-02-14,2025-02-04,,,annual,106,750,9000,GBP,paid,2025-02-04T13:33:00
se_002206,co_0271,renewal,Medium,,2026-02-04,2026-02-04,,,annual,106,750,9000,GBP,paid,2026-02-04T12:02:00
se_002207,co_0272,trial_start,Small,,,,,2023-09-10,monthly,77,0,0,GBP,not_applicable,2023-09-03T11:04:00
se_002208,co_0272,converted,Small,,2023-09-11,2023-09-11,,,monthly,77,200,200,GBP,paid,2023-09-11T09:54:00
se_002209,co_0272,renewal,Small,,2023-10-11,2023-10-11,,,monthly,77,200,200,GBP,paid,2023-10-11T19:39:00
se_002210,co_0272,renewal,Small,,2023-11-11,2023-11-11,,,monthly,77,200,200,GBP,paid,2023-11-11T11:34:00
se_002211,co_0272,renewal,Small,,2023-12-11,2023-12-11,,,monthly,77,200,200,GBP,paid,2023-12-11T08:34:00
se_002212,co_0272,renewal,Small,,2024-01-11,2024-01-11,,,monthly,77,200,200,GBP,paid,2024-01-11T13:01:00
se_002213,co_0272,renewal,Small,,2024-02-11,2024-02-11,,,monthly,77,200,200,GBP,paid,2024-02-11T12:24:00
se_002214,co_0272,renewal,Small,,2024-03-11,2024-03-11,,,monthly,77,200,200,GBP,paid,2024-03-11T10:49:00
se_002215,co_0272,renewal,Small,,2024-04-11,2024-04-11,,,monthly,77,200,200,GBP,paid,2024-04-11T17:54:00
se_002216,co_0272,renewal,Small,,2024-05-11,2024-05-11,,,monthly,77,200,200,GBP,paid,2024-05-11T17:09:00
se_002217,co_0272,renewal,Small,,2024-06-11,2024-06-11,,,monthly,77,200,200,GBP,paid,2024-06-11T10:48:00
se_002218,co_0272,renewal,Small,,2024-07-11,2024-07-11,,,monthly,77,200,200,GBP,paid,2024-07-11T14:14:00
se_002219,co_0272,renewal,Small,,2024-08-11,2024-08-11,,,monthly,77,200,200,GBP,paid,2024-08-11T13:05:00
se_002220,co_0272,renewal,Small,,2024-09-11,2024-09-11,,,monthly,77,200,200,GBP,paid,2024-09-11T12:55:00
se_002221,co_0272,renewal,Small,,2024-10-11,2024-10-11,,,monthly,77,200,200,GBP,paid,2024-10-11T10:46:00
se_002222,co_0272,renewal,Small,,2024-11-11,2024-11-11,,,monthly,77,200,200,GBP,paid,2024-11-11T17:46:00
se_002223,co_0272,renewal,Small,,2024-12-11,2024-12-11,,,monthly,77,200,200,GBP,paid,2024-12-11T13:53:00
se_002224,co_0272,renewal,Small,,2025-01-11,2025-01-11,,,monthly,77,200,200,GBP,paid,2025-01-11T11:23:00
se_002225,co_0272,renewal,Small,,2025-02-11,2025-02-11,,,monthly,77,200,200,GBP,paid,2025-02-11T12:25:00
se_002226,co_0272,renewal,Small,,2025-03-11,2025-03-11,,,monthly,77,200,200,GBP,paid,2025-03-11T16:40:00
se_002227,co_0272,renewal,Small,,2025-04-11,2025-04-11,,,monthly,77,200,200,GBP,paid,2025-04-11T09:22:00
se_002228,co_0272,renewal,Small,,2025-05-11,2025-05-11,,,monthly,77,200,200,GBP,paid,2025-05-11T16:39:00
se_002229,co_0272,renewal,Small,,2025-06-11,2025-06-11,,,monthly,77,200,200,GBP,paid,2025-06-11T10:25:00
se_002230,co_0272,renewal,Small,,2025-07-11,2025-07-11,,,monthly,77,200,200,GBP,paid,2025-07-11T11:00:00
se_002231,co_0272,renewal,Small,,2025-08-11,2025-08-11,,,monthly,77,200,200,GBP,paid,2025-08-11T11:03:00
se_002232,co_0272,renewal,Small,,2025-09-11,2025-09-11,,,monthly,77,200,200,GBP,paid,2025-09-11T11:07:00
se_002233,co_0272,renewal,Small,,2025-10-11,2025-10-11,,,monthly,77,200,200,GBP,paid,2025-10-11T16:05:00
se_002234,co_0272,renewal,Small,,2025-11-11,2025-11-11,,,monthly,77,200,200,GBP,paid,2025-11-11T15:35:00
se_002235,co_0272,renewal,Small,,2025-12-11,2025-12-11,,,monthly,77,200,200,GBP,paid,2025-12-11T16:10:00
se_002236,co_0272,renewal,Small,,2026-01-14,2026-01-11,,,monthly,77,200,200,GBP,paid,2026-01-11T14:13:00
se_002237,co_0272,renewal,Small,,2026-02-11,2026-02-11,,,monthly,77,200,200,GBP,paid,2026-02-11T13:58:00
se_002238,co_0272,renewal,Small,,2026-03-11,2026-03-11,,,monthly,77,200,200,GBP,paid,2026-03-11T18:48:00
se_002239,co_0272,renewal,Small,,2026-04-11,2026-04-11,,,monthly,77,200,200,GBP,paid,2026-04-11T19:40:00
se_002240,co_0272,renewal,Small,,2026-05-11,2026-05-11,,,monthly,77,200,200,GBP,paid,2026-05-11T13:53:00
se_002241,co_0272,renewal,Small,,2026-06-11,2026-06-11,,,monthly,77,200,200,GBP,paid,2026-06-11T14:59:00
se_002242,co_0273,trial_start,Medium,,,,,2023-08-07,annual,704,0,0,GBP,not_applicable,2023-07-31T16:45:00
se_002243,co_0273,converted,Medium,,2023-08-06,2023-08-06,,,annual,704,750,9000,GBP,paid,2023-08-06T17:58:00
se_002244,co_0273,renewal,Medium,,2024-08-06,2024-08-06,,,annual,704,750,9000,GBP,paid,2024-08-06T15:36:00
se_002245,co_0273,renewal,Medium,,2025-08-06,2025-08-06,,,annual,704,750,9000,GBP,paid,2025-08-06T13:21:00
se_002246,co_0273,cancellation_scheduled,Medium,,,2026-03-07,,,annual,704,750,9000,GBP,not_applicable,2026-03-07T16:20:00
se_002247,co_0273,voluntary_churn,Medium,,,2026-04-03,2026-04-03,,annual,704,750,0,GBP,not_applicable,2026-04-03T14:53:00
se_002248,co_0274,trial_start,Medium,,,,,2024-07-08,monthly,279,0,0,GBP,not_applicable,2024-07-01T08:22:00
se_002249,co_0274,converted,Medium,,2024-07-08,2024-07-08,,,monthly,279,750,750,GBP,paid,2024-07-08T16:39:00
se_002250,co_0274,renewal,Medium,,2024-08-08,2024-08-08,,,monthly,279,750,750,GBP,paid,2024-08-08T11:00:00
se_002251,co_0274,renewal,Medium,,2024-09-08,2024-09-08,,,monthly,279,750,750,GBP,paid,2024-09-08T12:29:00
se_002252,co_0274,renewal,Medium,,2024-10-08,2024-10-08,,,monthly,279,750,750,GBP,paid,2024-10-08T09:18:00
se_002253,co_0274,renewal,Medium,,2024-11-08,2024-11-08,,,monthly,279,750,750,GBP,paid,2024-11-08T10:09:00
se_002254,co_0274,renewal,Medium,,2024-12-08,2024-12-08,,,monthly,279,750,750,GBP,paid,2024-12-08T19:53:00
se_002255,co_0274,renewal,Medium,,2025-01-08,2025-01-08,,,monthly,279,750,750,GBP,paid,2025-01-08T17:52:00
se_002256,co_0274,renewal,Medium,,2025-02-08,2025-02-08,,,monthly,279,750,750,GBP,paid,2025-02-08T08:48:00
se_002257,co_0274,renewal,Medium,,2025-03-08,2025-03-08,,,monthly,279,750,750,GBP,paid,2025-03-08T11:27:00
se_002258,co_0274,renewal,MEDIUM,,2025-04-08,2025-04-08,,,monthly,279,750,750,GBP,paid,2025-04-08T14:33:00
se_002259,co_0274,renewal,Medium,,2025-05-08,2025-05-08,,,monthly,279,750,750,GBP,paid,2025-05-08T17:36:00
se_002260,co_0274,renewal,Medium,,2025-06-08,2025-06-08,,,monthly,279,750,750,GBP,paid,2025-06-08T14:13:00
se_002261,co_0274,payment_failed,Medium,,2025-07-08,2025-07-08,,,monthly,279,750,750,GBP,failed,2025-07-08T15:10:00
se_002262,co_0274,payment_recovered,Medium,,2025-07-30,2025-07-13,,,monthly,279,750,750,GBP,paid,2025-07-13T18:18:00
se_002263,co_0274,renewal,Medium,,2025-08-08,2025-08-08,,,monthly,279,750,750,GBP,paid,2025-08-08T12:43:00
se_002264,co_0274,renewal,Medium,,2025-09-08,2025-09-08,,,monthly,279,750,750,GBP,paid,2025-09-08T11:32:00
se_002265,co_0274,renewal,Medium,,2025-10-08,2025-10-08,,,monthly,279,750,750,GBP,paid,2025-10-08T12:23:00
se_002266,co_0274,renewal,Medium,,2025-11-08,2025-11-08,,,monthly,279,750,750,GBP,paid,2025-11-08T09:21:00
se_002267,co_0274,renewal,Medium,,2025-12-08,2025-12-08,,,monthly,279,750,750,GBP,paid,2025-12-08T08:37:00
se_002268,co_0274,renewal,Medium,,2026-01-08,2026-01-08,,,monthly,279,750,750,GBP,paid,2026-01-08T11:39:00
se_002269,co_0274,renewal,Medium,,2026-02-26,2026-02-08,,,monthly,279,750,750,GBP,paid,2026-02-08T08:10:00
se_002270,co_0274,renewal,MEDIUM,,2026-03-08,2026-03-08,,,monthly,279,750,750,GBP,paid,2026-03-08T10:18:00
se_002271,co_0274,renewal,Medium,,2026-04-08,2026-04-08,,,monthly,279,750,750,GBP,paid,2026-04-08T14:42:00
se_002272,co_0274,renewal,Medium,,2026-05-08,2026-05-08,,,monthly,279,750,750,GBP,paid,2026-05-08T08:26:00
se_002273,co_0274,renewal,Medium,,2026-06-08,2026-06-08,,,monthly,279,750,750,GBP,paid,2026-06-08T17:02:00
se_002274,co_0275,trial_start,Medium,,,,,2026-04-04,monthly,133,0,0,GBP,not_applicable,2026-03-28T17:34:00
se_002275,co_0275,converted,Medium,,2026-03-30,2026-03-30,,,monthly,133,750,750,GBP,paid,2026-03-30T09:25:00
se_002276,co_0275,renewal,Medium,,2026-04-30,2026-04-30,,,monthly,133,750,750,GBP,paid,2026-04-30T10:28:00
se_002277,co_0275,renewal,Medium,,2026-05-30,2026-05-30,,,monthly,133,750,750,GBP,paid,2026-05-30T18:42:00
se_002278,co_0276,trial_start,Small,,,,,2024-09-25,monthly,78,0,0,GBP,not_applicable,2024-09-18T13:26:00
se_002279,co_0277,trial_start,Small,,,,,2025-12-31,monthly,56,0,0,GBP,not_applicable,2025-12-24T18:07:00
se_002280,co_0277,converted,Small,,2025-12-31,2025-12-31,,,monthly,56,200,200,GBP,paid,2025-12-31T18:30:00
se_002281,co_0277,renewal,Small,,2026-01-31,2026-01-31,,,monthly,56,200,200,GBP,paid,2026-01-31T15:09:00
se_002282,co_0277,renewal,Small,,2026-02-28,2026-02-28,,,monthly,56,200,200,GBP,paid,2026-02-28T17:53:00
se_002283,co_0277,renewal,Small,,2026-03-28,2026-03-28,,,monthly,56,200,200,GBP,paid,2026-03-28T14:37:00
se_002284,co_0277,renewal,Small,,2026-04-28,2026-04-28,,,monthly,56,200,200,GBP,paid,2026-04-28T19:23:00
se_002285,co_0277,renewal,Small,,2026-05-28,2026-05-28,,,monthly,56,200,200,GBP,paid,2026-05-28T17:14:00
se_002286,co_0277,renewal,Small,,2026-06-28,2026-06-28,,,monthly,56,200,200,GBP,paid,2026-06-28T13:58:00
se_002287,co_0278,trial_start,Medium,,,,,2024-05-09,monthly,139,0,0,GBP,not_applicable,2024-05-02T13:32:00
se_002288,co_0279,trial_start,Small,,,,,2023-12-01,monthly,53,0,0,GBP,not_applicable,2023-11-24T08:44:00
se_002289,co_0280,trial_start,Small,,,,,2023-08-25,annual,52,0,0,GBP,not_applicable,2023-08-18T11:43:00
se_002290,co_0281,trial_start,Large,,,,,2024-04-07,monthly,689,0,0,GBP,not_applicable,2024-03-31T14:19:00
se_002291,co_0281,converted,Large,,2024-04-09,2024-04-09,,,monthly,689,1500,1500,GBP,paid,2024-04-09T18:34:00
se_002292,co_0281,renewal,LARGE,,2024-05-09,2024-05-09,,,monthly,689,1500,1500,GBP,paid,2024-05-09T16:35:00
se_002293,co_0281,renewal,Large,,2024-06-09,2024-06-09,,,monthly,689,1500,1500,GBP,paid,2024-06-09T17:20:00
se_002294,co_0281,renewal,Large,,2024-07-09,2024-07-09,,,monthly,689,1500,1500,GBP,paid,2024-07-09T19:58:00
se_002295,co_0281,payment_failed,Large,,2024-08-09,2024-08-09,,,monthly,689,1500,1500,GBP,failed,2024-08-09T11:11:00
se_002296,co_0281,payment_recovered,Large,,2024-08-16,2024-08-16,,,monthly,689,1500,1500,GBP,paid,2024-08-16T15:10:00
se_002297,co_0281,renewal,Large,,2024-09-09,2024-09-09,,,monthly,689,1500,1500,GBP,paid,2024-09-09T08:46:00
se_002298,co_0281,renewal,Large,,2024-10-09,2024-10-09,,,monthly,689,1500,1500,GBP,paid,2024-10-09T17:00:00
se_002299,co_0281,upgrade,Bespoke,Large,2024-10-14,2024-10-14,,,monthly,689,1500,1500,GBP,paid,2024-10-14T18:06:00
se_002300,co_0281,renewal,Bespoke,,2024-11-09,2024-11-09,,,monthly,689,1500,1500,GBP,paid,2024-11-09T15:30:00
se_002301,co_0281,renewal,Bespoke,,2024-12-09,2024-12-09,,,monthly,689,1500,1500,GBP,paid,2024-12-09T08:52:00
se_002302,co_0281,renewal,Bespoke,,2025-01-09,2025-01-09,,,monthly,689,1500,1500,GBP,paid,2025-01-09T14:58:00
se_002303,co_0281,renewal,Bespoke,,2025-02-09,2025-02-09,,,monthly,689,1500,1500,GBP,paid,2025-02-09T13:37:00
se_002304,co_0281,renewal,Bespoke,,2025-03-09,2025-03-09,,,monthly,689,1500,1500,GBP,paid,2025-03-09T11:35:00
se_002305,co_0281,renewal,Bespoke,,2025-04-09,2025-04-09,,,monthly,689,1500,1500,GBP,paid,2025-04-09T10:12:00
se_002306,co_0281,renewal,Bespoke,,2025-05-09,2025-05-09,,,monthly,689,1500,1500,GBP,paid,2025-05-09T09:45:00
se_002307,co_0281,renewal,Bespoke,,2025-06-09,2025-06-09,,,monthly,689,1500,1500,GBP,paid,2025-06-09T12:01:00
se_002308,co_0281,renewal,Bespoke,,2025-07-09,2025-07-09,,,monthly,689,1500,1500,GBP,paid,2025-07-09T10:23:00
se_002309,co_0281,renewal,Bespoke,,2025-08-09,2025-08-09,,,monthly,689,1500,1500,GBP,paid,2025-08-09T16:00:00
se_002310,co_0281,renewal,Bespoke,,2025-09-09,2025-09-09,,,monthly,689,1500,1500,GBP,paid,2025-09-09T16:49:00
se_002311,co_0281,renewal,Bespoke,,2025-10-09,2025-10-09,,,monthly,689,1500,1500,GBP,paid,2025-10-09T17:29:00
se_002312,co_0281,renewal,Bespoke,,2025-11-09,2025-11-09,,,monthly,689,1500,1500,GBP,paid,2025-11-09T11:17:00
se_002313,co_0281,renewal,Bespoke,,2025-12-09,2025-12-09,,,monthly,689,1500,1500,GBP,paid,2025-12-09T14:16:00
se_002314,co_0281,renewal,Bespoke,,2026-01-09,2026-01-09,,,monthly,689,1500,1500,GBP,paid,2026-01-09T17:07:00
se_002315,co_0281,renewal,Bespoke,,2026-02-09,2026-02-09,,,monthly,689,1500,1500,GBP,paid,2026-02-09T15:58:00
se_002316,co_0281,renewal,Bespoke,,2026-03-23,2026-03-09,,,monthly,689,1500,1500,GBP,paid,2026-03-09T14:09:00
se_002317,co_0281,renewal,Bespoke,,2026-04-09,2026-04-09,,,monthly,689,1500,1500,GBP,paid,2026-04-09T09:14:00
se_002318,co_0281,renewal,Bespoke,,2026-05-09,2026-05-09,,,monthly,689,1500,1500,GBP,paid,2026-05-09T08:43:00
se_002319,co_0281,renewal,Bespoke,,2026-06-28,2026-06-09,,,monthly,689,1500,1500,GBP,paid,2026-06-09T10:57:00
se_002320,co_0282,trial_start,Small,,,,,2025-07-20,monthly,91,0,0,GBP,not_applicable,2025-07-13T10:29:00
se_002321,co_0283,trial_start,Small,,,,,2024-08-17,monthly,107,0,0,GBP,not_applicable,2024-08-10T16:47:00
se_002322,co_0284,trial_start,Medium,,,,,2025-12-07,annual,170,0,0,GBP,not_applicable,2025-11-30T12:12:00
se_002323,co_0284,converted,Medium,,2025-12-09,2025-12-09,,,annual,170,750,9000,GBP,paid,2025-12-09T15:46:00
se_002324,co_0285,trial_start,Medium,,,,,2026-06-05,monthly,169,0,0,GBP,not_applicable,2026-05-29T13:14:00
se_002325,co_0286,trial_start,Small,,,,,2024-08-29,monthly,64,0,0,GBP,not_applicable,2024-08-22T08:55:00
se_002326,co_0287,trial_start,Small,,,,,2023-12-11,monthly,80,0,0,GBP,not_applicable,2023-12-04T17:49:00
se_002327,co_0287,converted,Small,,2023-12-13,2023-12-13,,,monthly,80,200,200,GBP,paid,2023-12-13T19:53:00
se_002328,co_0287,renewal,Small,,2024-01-13,2024-01-13,,,monthly,80,200,200,GBP,paid,2024-01-13T18:38:00
se_002329,co_0287,renewal,Small,,2024-02-13,2024-02-13,,,monthly,80,200,200,GBP,paid,2024-02-13T14:10:00
se_002330,co_0287,renewal,Small,,2024-03-13,2024-03-13,,,monthly,80,200,200,GBP,paid,2024-03-13T08:45:00
se_002331,co_0287,renewal,Small,,2024-04-13,2024-04-13,,,monthly,80,200,200,GBP,paid,2024-04-13T15:31:00
se_002332,co_0287,renewal,Small,,2024-05-13,2024-05-13,,,monthly,80,200,200,GBP,paid,2024-05-13T14:44:00
se_002333,co_0287,renewal,Small,,2024-06-13,2024-06-13,,,monthly,80,200,200,GBP,paid,2024-06-13T09:10:00
se_002334,co_0287,renewal,Small,,2024-07-13,2024-07-13,,,monthly,80,200,200,GBP,paid,2024-07-13T16:17:00
se_002335,co_0287,renewal,Small,,2024-08-13,2024-08-13,,,monthly,80,200,200,GBP,paid,2024-08-13T14:17:00
se_002336,co_0287,renewal,Small,,2024-09-13,2024-09-13,,,monthly,80,200,200,GBP,paid,2024-09-13T19:05:00
se_002337,co_0287,renewal,Small,,2024-10-13,2024-10-13,,,monthly,80,200,200,GBP,paid,2024-10-13T08:28:00
se_002338,co_0287,renewal,Small,,2024-11-13,2024-11-13,,,monthly,80,200,200,GBP,paid,2024-11-13T17:12:00
se_002339,co_0287,renewal,Small,,2025-01-02,2024-12-13,,,monthly,80,200,200,GBP,paid,2024-12-13T11:33:00
se_002340,co_0287,renewal,Small,,2025-01-13,2025-01-13,,,monthly,80,200,200,GBP,paid,2025-01-13T10:56:00
se_002341,co_0287,renewal,Small,,2025-02-13,2025-02-13,,,monthly,80,200,200,GBP,paid,2025-02-13T15:42:00
se_002342,co_0287,renewal,Small,,2025-03-13,2025-03-13,,,monthly,80,200,200,GBP,paid,2025-03-13T15:38:00
se_002343,co_0287,renewal,Small,,2025-04-13,2025-04-13,,,monthly,80,200,200,GBP,paid,2025-04-13T14:21:00
se_002344,co_0287,renewal,Small,,2025-05-13,2025-05-13,,,monthly,80,200,200,GBP,paid,2025-05-13T12:16:00
se_002345,co_0287,renewal,Small,,2025-06-13,2025-06-13,,,monthly,80,200,200,GBP,paid,2025-06-13T17:18:00
se_002346,co_0287,renewal,Small,,2025-07-13,2025-07-13,,,monthly,80,200,200,GBP,paid,2025-07-13T08:07:00
se_002347,co_0287,renewal,Small,,2025-08-30,2025-08-13,,,monthly,80,200,200,GBP,paid,2025-08-13T08:11:00
se_002348,co_0287,payment_failed,Small,,2025-09-13,2025-09-13,,,monthly,80,200,200,GBP,failed,2025-09-13T16:45:00
se_002349,co_0287,payment_recovered,Small,,2025-09-22,2025-09-22,,,monthly,80,200,200,GBP,paid,2025-09-22T11:40:00
se_002350,co_0287,renewal,Small,,2025-10-13,2025-10-13,,,monthly,80,200,200,GBP,paid,2025-10-13T13:46:00
se_002351,co_0287,renewal,Small,,2025-11-13,2025-11-13,,,monthly,80,200,200,GBP,paid,2025-11-13T10:43:00
se_002352,co_0287,renewal,Small,,2025-12-13,2025-12-13,,,monthly,80,200,200,GBP,paid,2025-12-13T15:58:00
se_002353,co_0287,renewal,Small,,2026-01-13,2026-01-13,,,monthly,80,200,200,GBP,paid,2026-01-13T08:48:00
se_002354,co_0287,renewal,Small,,2026-02-13,2026-02-13,,,monthly,80,200,200,GBP,paid,2026-02-13T19:48:00
se_002355,co_0287,renewal,Small,,2026-03-13,2026-03-13,,,monthly,80,200,200,GBP,paid,2026-03-13T08:50:00
se_002356,co_0287,renewal,Small,,2026-04-13,2026-04-13,,,monthly,80,200,200,GBP,paid,2026-04-13T14:09:00
se_002357,co_0287,renewal,Small,,2026-05-13,2026-05-13,,,monthly,80,200,200,GBP,paid,2026-05-13T17:52:00
se_002358,co_0287,renewal,Small,,2026-06-13,2026-06-13,,,monthly,80,200,200,GBP,paid,2026-06-13T16:14:00
se_002359,co_0288,trial_start,Large,,,,,2025-12-01,monthly,1179,0,0,GBP,not_applicable,2025-11-24T15:57:00
se_002360,co_0289,trial_start,Small,,,,,2025-07-16,annual,119,0,0,GBP,not_applicable,2025-07-09T18:53:00
se_002361,co_0289,converted,Small,,2025-07-19,2025-07-19,,,annual,119,200,2400,GBP,paid,2025-07-19T08:52:00
se_002362,co_0290,trial_start,Small,,,,,2024-09-05,annual,52,0,0,GBP,not_applicable,2024-08-29T09:08:00
se_002363,co_0290,converted,Small,,2024-09-07,2024-09-07,,,annual,52,200,2400,GBP,paid,2024-09-07T17:34:00
se_002364,co_0290,renewal,Small,,2025-09-07,2025-09-07,,,annual,52,200,2400,GBP,paid,2025-09-07T09:49:00
se_002365,co_0291,trial_start,SMALL,,,,,2024-04-21,annual,118,0,0,GBP,not_applicable,2024-04-14T15:59:00
se_002366,co_0292,trial_start,Medium,,,,,2023-12-30,annual,150,0,0,GBP,not_applicable,2023-12-23T11:48:00
se_002367,co_0292,converted,Medium,,2024-01-02,2024-01-02,,,annual,150,750,9000,GBP,paid,2024-01-02T16:58:00
se_002368,co_0292,renewal,Medium,,2025-01-02,2025-01-02,,,annual,150,750,9000,GBP,paid,2025-01-02T09:42:00
se_002369,co_0292,renewal,Medium,,2026-01-02,2026-01-02,,,annual,150,750,9000,GBP,paid,2026-01-02T13:33:00
se_002370,co_0293,trial_start,Medium,,,,,2025-11-20,monthly,336,0,0,GBP,not_applicable,2025-11-13T08:50:00
se_002371,co_0293,converted,Medium,,2025-11-15,2025-11-15,,,monthly,336,750,750,GBP,paid,2025-11-15T08:37:00
se_002372,co_0293,renewal,Medium,,2025-12-15,2025-12-15,,,monthly,336,750,750,GBP,paid,2025-12-15T13:39:00
se_002373,co_0293,renewal,Medium,,2026-01-15,2026-01-15,,,monthly,336,750,750,GBP,paid,2026-01-15T11:37:00
se_002374,co_0293,renewal,Medium,,2026-02-15,2026-02-15,,,monthly,336,750,750,GBP,paid,2026-02-15T10:14:00
se_002375,co_0293,renewal,Medium,,2026-03-15,2026-03-15,,,monthly,336,750,750,GBP,paid,2026-03-15T08:29:00
se_002376,co_0293,renewal,Medium,,2026-04-15,2026-04-15,,,monthly,336,750,750,GBP,paid,2026-04-15T13:15:00
se_002377,co_0293,renewal,Medium,,2026-05-15,2026-05-15,,,monthly,336,750,750,GBP,paid,2026-05-15T13:46:00
se_002378,co_0293,renewal,Medium,,2026-06-15,2026-06-15,,,monthly,336,750,750,GBP,paid,2026-06-15T08:34:00
se_002379,co_0294,trial_start,Small,,,,,2025-06-01,monthly,87,0,0,GBP,not_applicable,2025-05-25T11:18:00
se_002380,co_0294,converted,Small,,2025-05-29,2025-05-29,,,monthly,87,200,200,GBP,paid,2025-05-29T18:33:00
se_002381,co_0294,renewal,Small,,2025-06-29,2025-06-29,,,monthly,87,200,200,GBP,paid,2025-06-29T17:40:00
se_002382,co_0294,renewal,Small,,2025-07-29,2025-07-29,,,monthly,87,200,200,GBP,paid,2025-07-29T15:29:00
se_002383,co_0294,renewal,Small,,2025-08-29,2025-08-29,,,monthly,87,200,200,GBP,paid,2025-08-29T15:25:00
se_002384,co_0294,renewal,Small,,2025-09-29,2025-09-29,,,monthly,87,200,200,GBP,paid,2025-09-29T15:02:00
se_002385,co_0294,renewal,Small,,2025-11-13,2025-10-29,,,monthly,87,200,200,GBP,paid,2025-10-29T12:50:00
se_002386,co_0294,renewal,Small,,2025-11-29,2025-11-29,,,monthly,87,200,200,GBP,paid,2025-11-29T08:32:00
se_002387,co_0294,payment_failed,Small,,2025-12-29,2025-12-29,,,monthly,87,200,200,GBP,failed,2025-12-29T08:11:00
se_002388,co_0294,payment_recovered,Small,,2026-01-01,2026-01-01,,,monthly,87,200,200,GBP,paid,2026-01-01T19:39:00
se_002389,co_0294,payment_failed,Small,,2026-01-29,2026-01-29,,,monthly,87,200,200,GBP,failed,2026-01-29T08:24:00
se_002390,co_0294,renewal,Small,,2026-02-28,2026-02-28,,,monthly,87,200,200,GBP,paid,2026-02-28T17:10:00
se_002391,co_0294,renewal,Small,,2026-03-28,2026-03-28,,,monthly,87,200,200,GBP,paid,2026-03-28T11:49:00
se_002392,co_0294,renewal,Small,,2026-04-28,2026-04-28,,,monthly,87,200,200,GBP,paid,2026-04-28T19:58:00
se_002393,co_0294,renewal,Small,,2026-05-28,2026-05-28,,,monthly,87,200,200,GBP,paid,2026-05-28T18:42:00
se_002394,co_0294,renewal,Small,,2026-06-28,2026-06-28,,,monthly,87,200,200,GBP,paid,2026-06-28T08:15:00
se_002395,co_0295,trial_start,Medium,,,,,2025-07-08,annual,349,0,0,GBP,not_applicable,2025-07-01T19:19:00
se_002396,co_0295,converted,Medium,,2025-07-08,2025-07-08,,,annual,349,750,9000,GBP,paid,2025-07-08T09:29:00
se_002397,co_0296,trial_start,Large,,,,,2026-01-08,monthly,611,0,0,GBP,not_applicable,2026-01-01T09:54:00
se_002398,co_0296,converted,Large,,2026-01-09,2026-01-09,,,monthly,611,1500,1500,GBP,paid,2026-01-09T14:38:00
se_002399,co_0296,renewal,Large,,2026-02-14,2026-02-09,,,monthly,611,1500,1500,GBP,paid,2026-02-09T18:43:00
se_002400,co_0296,renewal,Large,,2026-03-09,2026-03-09,,,monthly,611,1500,1500,GBP,paid,2026-03-09T11:26:00
se_002401,co_0296,renewal,Large,,2026-04-09,2026-04-09,,,monthly,611,1500,1500,GBP,paid,2026-04-09T09:11:00
se_002402,co_0296,renewal,Large,,2026-05-16,2026-05-09,,,monthly,611,1500,1500,GBP,paid,2026-05-09T14:57:00
se_002403,co_0296,renewal,Large,,2026-06-09,2026-06-09,,,monthly,611,1500,1500,GBP,paid,2026-06-09T14:30:00
se_002404,co_0297,trial_start,Medium,,,,,2024-06-08,monthly,507,0,0,GBP,not_applicable,2024-06-01T11:00:00
se_002405,co_0297,converted,Medium,,2024-06-07,2024-06-07,,,monthly,507,750,750,GBP,paid,2024-06-07T10:08:00
se_002406,co_0297,renewal,Medium,,2024-07-07,2024-07-07,,,monthly,507,750,750,GBP,paid,2024-07-07T15:03:00
se_002407,co_0297,renewal,Medium,,2024-08-07,2024-08-07,,,monthly,507,750,750,GBP,paid,2024-08-07T10:02:00
se_002408,co_0297,renewal,Medium,,,2024-09-07,,,monthly,507,750,750,GBP,paid,2024-09-07T18:43:00
se_002409,co_0297,renewal,Medium,,2024-10-07,2024-10-07,,,monthly,507,750,750,GBP,paid,2024-10-07T15:50:00
se_002410,co_0297,renewal,Medium,,2024-11-07,2024-11-07,,,monthly,507,750,750,GBP,paid,2024-11-07T12:12:00
se_002411,co_0297,renewal,Medium,,2024-12-07,2024-12-07,,,monthly,507,750,750,GBP,paid,2024-12-07T15:16:00
se_002412,co_0297,renewal,Medium,,2025-01-07,2025-01-07,,,monthly,507,750,750,GBP,paid,2025-01-07T11:54:00
se_002413,co_0297,renewal,Medium,,2025-02-07,2025-02-07,,,monthly,507,750,750,GBP,paid,2025-02-07T12:37:00
se_002414,co_0297,renewal,Medium,,2025-03-07,2025-03-07,,,monthly,507,750,750,GBP,paid,2025-03-07T19:29:00
se_002415,co_0297,renewal,Medium,,2025-04-07,2025-04-07,,,monthly,507,750,750,GBP,paid,2025-04-07T19:20:00
se_002416,co_0297,renewal,Medium,,2025-05-07,2025-05-07,,,monthly,507,750,750,GBP,paid,2025-05-07T11:45:00
se_002417,co_0297,renewal,Medium,,2025-06-20,2025-06-07,,,monthly,507,750,750,GBP,paid,2025-06-07T18:32:00
se_002418,co_0297,renewal,Medium,,2025-07-07,2025-07-07,,,monthly,507,750,750,GBP,paid,2025-07-07T09:31:00
se_002419,co_0297,renewal,Medium,,2025-08-07,2025-08-07,,,monthly,507,750,750,GBP,paid,2025-08-07T14:52:00
se_002420,co_0297,renewal,Medium,,2025-09-07,2025-09-07,,,monthly,507,750,750,GBP,paid,2025-09-07T14:49:00
se_002421,co_0297,cancellation_scheduled,Medium,,,2025-08-19,,,monthly,507,750,750,GBP,not_applicable,2025-08-19T13:27:00
se_002422,co_0297,voluntary_churn,Medium,,,2025-09-11,2025-09-11,,monthly,507,750,0,GBP,not_applicable,2025-09-11T09:45:00
se_002423,co_0298,trial_start,Small,,,,,2024-02-19,monthly,96,0,0,GBP,not_applicable,2024-02-12T08:57:00
se_002424,co_0299,trial_start,Medium,,,,,2025-05-27,monthly,177,0,0,GBP,not_applicable,2025-05-20T17:27:00
se_002425,co_0299,converted,Medium,,2025-05-28,2025-05-28,,,monthly,177,750,750,GBP,paid,2025-05-28T15:15:00
se_002426,co_0299,renewal,Medium,,2025-06-28,2025-06-28,,,monthly,177,750,750,GBP,paid,2025-06-28T08:20:00
se_002427,co_0299,renewal,Medium,,2025-07-28,2025-07-28,,,monthly,177,750,750,GBP,paid,2025-07-28T19:39:00
se_002428,co_0299,renewal,Medium,,2025-08-28,2025-08-28,,,monthly,177,750,750,GBP,paid,2025-08-28T11:50:00
se_002429,co_0299,renewal,Medium,,2025-09-28,2025-09-28,,,monthly,177,750,750,GBP,paid,2025-09-28T14:13:00
se_002430,co_0299,renewal,Medium,,2025-10-28,2025-10-28,,,monthly,177,750,750,GBP,paid,2025-10-28T11:54:00
se_002431,co_0299,renewal,Medium,,2025-11-28,2025-11-28,,,monthly,177,750,750,GBP,paid,2025-11-28T08:28:00
se_002432,co_0299,renewal,Medium,,2025-12-28,2025-12-28,,,monthly,177,750,750,GBP,paid,2025-12-28T17:20:00
se_002433,co_0299,downgrade,Small,Medium,2026-01-06,2026-01-06,,,monthly,177,200,200,GBP,paid,2026-01-06T13:33:00
se_002434,co_0299,renewal,Small,,2026-01-28,2026-01-28,,,monthly,177,200,200,GBP,paid,2026-01-28T14:34:00
se_002435,co_0299,renewal,Small,,2026-02-28,2026-02-28,,,monthly,177,200,200,GBP,paid,2026-02-28T09:57:00
se_002436,co_0299,renewal,Small,,2026-03-28,2026-03-28,,,monthly,177,200,200,GBP,paid,2026-03-28T13:05:00
se_002437,co_0299,renewal,Small,,2026-04-28,2026-04-28,,,monthly,177,200,200,GBP,paid,2026-04-28T17:35:00
se_002438,co_0299,renewal,Small,,2026-05-28,2026-05-28,,,monthly,177,200,200,GBP,paid,2026-05-28T11:49:00
se_002439,co_0299,renewal,Small,,2026-06-28,2026-06-28,,,monthly,177,200,200,GBP,paid,2026-06-28T08:59:00
se_002440,co_0300,trial_start,Large,,,,,2024-05-18,monthly,821,0,0,GBP,not_applicable,2024-05-11T19:11:00
se_002441,co_0300,converted,Large,,2024-05-19,2024-05-19,,,monthly,821,1500,1500,GBP,paid,2024-05-19T17:42:00
se_002442,co_0300,renewal,Large,,2024-06-19,2024-06-19,,,monthly,821,1500,1500,GBP,paid,2024-06-19T11:47:00
se_002443,co_0300,renewal,Large,,2024-07-19,2024-07-19,,,monthly,821,1500,1500,GBP,paid,2024-07-19T08:22:00
se_002444,co_0300,renewal,Large,,2024-08-29,2024-08-19,,,monthly,821,1500,1500,GBP,paid,2024-08-19T08:38:00
se_002445,co_0300,payment_failed,Large,,2024-09-19,2024-09-19,,,monthly,821,1500,1500,GBP,failed,2024-09-19T09:59:00
se_002446,co_0300,payment_recovered,Large,,2024-10-06,2024-10-06,,,monthly,821,1500,1500,GBP,paid,2024-10-06T18:18:00
se_002447,co_0300,renewal,Large,,2024-10-19,2024-10-19,,,monthly,821,1500,1500,GBP,paid,2024-10-19T11:02:00
se_002448,co_0300,renewal,Large,,2024-11-19,2024-11-19,,,monthly,821,1500,1500,GBP,paid,2024-11-19T15:40:00
se_002449,co_0300,renewal,Large,,2024-12-19,2024-12-19,,,monthly,821,1500,1500,GBP,paid,2024-12-19T12:29:00
se_002450,co_0300,renewal,Large,,2025-01-19,2025-01-19,,,monthly,821,1500,1500,GBP,paid,2025-01-19T17:07:00
se_002451,co_0300,renewal,Large,,2025-02-19,2025-02-19,,,monthly,821,1500,1500,GBP,paid,2025-02-19T18:13:00
se_002452,co_0300,renewal,Large,,2025-03-19,2025-03-19,,,monthly,821,1500,1500,GBP,paid,2025-03-19T19:20:00
se_002453,co_0300,renewal,Large,,2025-04-19,2025-04-19,,,monthly,821,1500,1500,GBP,paid,2025-04-19T13:43:00
se_002454,co_0300,renewal,Large,,2025-05-19,2025-05-19,,,monthly,821,1500,1500,GBP,paid,2025-05-19T16:04:00
se_002455,co_0300,downgrade,Medium,Large,2025-05-31,2025-05-31,,,monthly,821,750,750,GBP,paid,2025-05-31T09:52:00
se_002456,co_0300,renewal,Medium,,2025-06-19,2025-06-19,,,monthly,821,750,750,GBP,paid,2025-06-19T19:31:00
se_002457,co_0300,renewal,Medium,,2025-07-19,2025-07-19,,,monthly,821,750,750,GBP,paid,2025-07-19T10:53:00
se_002458,co_0300,renewal,Medium,,2025-08-19,2025-08-19,,,monthly,821,750,750,GBP,paid,2025-08-19T18:50:00
se_002459,co_0300,renewal,Medium,,2025-09-19,2025-09-19,,,monthly,821,750,750,GBP,paid,2025-09-19T11:10:00
se_002460,co_0300,downgrade,Small,Medium,2025-10-07,2025-10-07,,,monthly,821,200,200,GBP,paid,2025-10-07T19:22:00
se_002461,co_0300,renewal,Small,,2025-10-19,2025-10-19,,,monthly,821,200,200,GBP,paid,2025-10-19T10:47:00
se_002462,co_0300,renewal,Small,,2025-11-19,2025-11-19,,,monthly,821,200,200,GBP,paid,2025-11-19T14:24:00
se_002463,co_0300,renewal,Small,,2025-12-19,2025-12-19,,,monthly,821,200,200,GBP,paid,2025-12-19T12:20:00
se_002464,co_0300,renewal,Small,,2026-01-19,2026-01-19,,,monthly,821,200,200,GBP,paid,2026-01-19T12:16:00
se_002465,co_0300,renewal,Small,,2026-02-19,2026-02-19,,,monthly,821,200,200,GBP,paid,2026-02-19T18:57:00
se_002466,co_0300,renewal,Small,,2026-03-19,2026-03-19,,,monthly,821,200,200,GBP,paid,2026-03-19T17:34:00
se_002467,co_0300,renewal,Small,,2026-04-19,2026-04-19,,,monthly,821,200,200,GBP,paid,2026-04-19T13:04:00
se_002468,co_0300,renewal,SMALL,,2026-05-19,2026-05-19,,,monthly,821,200,200,GBP,paid,2026-05-19T14:13:00
se_002469,co_0300,renewal,Small,,2026-06-19,2026-06-19,,,monthly,821,200,200,GBP,paid,2026-06-19T14:06:00
se_002470,co_0301,trial_start,Small,,,,,2023-10-19,monthly,29,0,0,GBP,not_applicable,2023-10-12T17:33:00
se_002471,co_0302,trial_start,Small,,,,,2025-10-16,monthly,18,0,0,GBP,not_applicable,2025-10-09T16:12:00
se_002472,co_0302,converted,Small,,2025-10-17,2025-10-17,,,monthly,18,200,200,GBP,paid,2025-10-17T11:30:00
se_002473,co_0302,renewal,Small,,2025-11-17,2025-11-17,,,monthly,18,200,200,GBP,paid,2025-11-17T17:37:00
se_002474,co_0302,renewal,Small,,2025-12-17,2025-12-17,,,monthly,18,200,200,GBP,paid,2025-12-17T19:37:00
se_002475,co_0302,renewal,Small,,2026-01-17,2026-01-17,,,monthly,18,200,200,GBP,paid,2026-01-17T15:32:00
se_002476,co_0302,renewal,Small,,2026-02-17,2026-02-17,,,monthly,18,200,200,GBP,paid,2026-02-17T10:30:00
se_002477,co_0302,renewal,Small,,2026-03-17,2026-03-17,,,monthly,18,200,200,GBP,paid,2026-03-17T08:55:00
se_002478,co_0302,renewal,Small,,2026-04-17,2026-04-17,,,monthly,18,200,200,GBP,paid,2026-04-17T12:23:00
se_002479,co_0302,renewal,Small,,2026-05-17,2026-05-17,,,monthly,18,200,200,GBP,paid,2026-05-17T16:29:00
se_002480,co_0302,renewal,Small,,2026-06-17,2026-06-17,,,monthly,18,200,200,GBP,paid,2026-06-17T14:11:00
se_002481,co_0303,trial_start,Large,,,,,2023-09-10,monthly,699,0,0,GBP,not_applicable,2023-09-03T18:22:00
se_002482,co_0303,converted,Large,,2023-09-06,2023-09-06,,,monthly,699,1500,1500,GBP,paid,2023-09-06T17:38:00
se_002483,co_0303,renewal,Large,,2023-10-06,2023-10-06,,,monthly,699,1500,1500,GBP,paid,2023-10-06T09:19:00
se_002484,co_0303,renewal,Large,,2023-11-06,2023-11-06,,,monthly,699,1500,1500,GBP,paid,2023-11-06T09:39:00
se_002485,co_0303,payment_failed,Large,,2023-12-06,2023-12-06,,,monthly,699,1500,1500,GBP,failed,2023-12-06T15:59:00
se_002486,co_0303,renewal,Large,,2024-01-06,2024-01-06,,,monthly,699,1500,1500,GBP,paid,2024-01-06T19:00:00
se_002487,co_0303,renewal,Large,,2024-02-06,2024-02-06,,,monthly,699,1500,1500,GBP,paid,2024-02-06T19:49:00
se_002488,co_0303,upgrade,Bespoke,,2024-02-10,2024-02-10,,,monthly,699,1500,1500,GBP,paid,2024-02-10T09:47:00
se_002489,co_0303,renewal,Bespoke,,2024-03-06,2024-03-06,,,monthly,699,1500,1500,GBP,paid,2024-03-06T12:18:00
se_002490,co_0303,renewal,Bespoke,,2024-04-06,2024-04-06,,,monthly,699,1500,1500,GBP,paid,2024-04-06T17:27:00
se_002491,co_0303,renewal,Bespoke,,2024-05-26,2024-05-06,,,monthly,699,1500,1500,GBP,paid,2024-05-06T11:21:00
se_002492,co_0303,renewal,Bespoke,,2024-06-06,2024-06-06,,,monthly,699,1500,1500,GBP,paid,2024-06-06T18:50:00
se_002493,co_0303,renewal,Bespoke,,2024-07-09,2024-07-06,,,monthly,699,1500,1500,GBP,paid,2024-07-06T14:10:00
se_002494,co_0303,renewal,Bespoke,,2024-08-23,2024-08-06,,,monthly,699,1500,1500,GBP,paid,2024-08-06T09:37:00
se_002495,co_0303,renewal,Bespoke,,2024-09-06,2024-09-06,,,monthly,699,1500,1500,GBP,paid,2024-09-06T14:22:00
se_002496,co_0303,renewal,Bespoke,,2024-10-06,2024-10-06,,,monthly,699,1500,1500,GBP,paid,2024-10-06T13:05:00
se_002497,co_0303,renewal,Bespoke,,2024-11-06,2024-11-06,,,monthly,699,1500,1500,GBP,paid,2024-11-06T16:35:00
se_002498,co_0303,renewal,Bespoke,,2024-12-06,2024-12-06,,,monthly,699,1500,1500,GBP,paid,2024-12-06T15:50:00
se_002499,co_0303,renewal,Bespoke,,2025-01-06,2025-01-06,,,monthly,699,1500,1500,GBP,paid,2025-01-06T16:29:00
se_002500,co_0303,renewal,Bespoke,,2025-02-22,2025-02-06,,,monthly,699,1500,1500,GBP,paid,2025-02-06T16:32:00
se_002501,co_0303,renewal,Bespoke,,2025-03-06,2025-03-06,,,monthly,699,1500,1500,GBP,paid,2025-03-06T19:49:00
se_002502,co_0303,renewal,Bespoke,,2025-04-06,2025-04-06,,,monthly,699,1500,1500,GBP,paid,2025-04-06T09:36:00
se_002503,co_0303,renewal,Bespoke,,2025-05-06,2025-05-06,,,monthly,699,1500,1500,GBP,paid,2025-05-06T08:41:00
se_002504,co_0303,renewal,Bespoke,,2025-06-06,2025-06-06,,,monthly,699,1500,1500,GBP,paid,2025-06-06T19:17:00
se_002505,co_0303,renewal,Bespoke,,2025-07-06,2025-07-06,,,monthly,699,1500,1500,GBP,paid,2025-07-06T10:50:00
se_002506,co_0303,renewal,Bespoke,,2025-08-06,2025-08-06,,,monthly,699,1500,1500,GBP,paid,2025-08-06T15:14:00
se_002507,co_0303,renewal,Bespoke,,2025-09-06,2025-09-06,,,monthly,699,1500,1500,GBP,paid,2025-09-06T10:47:00
se_002508,co_0303,renewal,BESPOKE,,2025-10-06,2025-10-06,,,monthly,699,1500,1500,GBP,paid,2025-10-06T17:23:00
se_002509,co_0303,renewal,Bespoke,,2025-11-06,2025-11-06,,,monthly,699,1500,1500,GBP,paid,2025-11-06T08:41:00
se_002510,co_0303,renewal,Bespoke,,2025-12-06,2025-12-06,,,monthly,699,1500,1500,GBP,paid,2025-12-06T13:29:00
se_002511,co_0303,renewal,Bespoke,,2026-01-06,2026-01-06,,,monthly,699,1500,1500,GBP,paid,2026-01-06T10:49:00
se_002512,co_0303,renewal,Bespoke,,2026-02-06,2026-02-06,,,monthly,699,1500,1500,GBP,paid,2026-02-06T17:59:00
se_002513,co_0303,renewal,Bespoke,,2026-03-06,2026-03-06,,,monthly,699,1500,1500,GBP,paid,2026-03-06T19:16:00
se_002514,co_0303,renewal,Bespoke,,2026-04-06,2026-04-06,,,monthly,699,1500,1500,GBP,paid,2026-04-06T14:49:00
se_002515,co_0303,renewal,Bespoke,,2026-05-20,2026-05-06,,,monthly,699,1500,1500,GBP,paid,2026-05-06T11:12:00
se_002516,co_0303,renewal,Bespoke,,2026-06-06,2026-06-06,,,monthly,699,1500,1500,GBP,paid,2026-06-06T11:00:00
se_002517,co_0304,trial_start,Small,,,,,2025-03-21,monthly,22,0,0,GBP,not_applicable,2025-03-14T12:32:00
se_002518,co_0305,trial_start,Small,,,,,2025-09-14,monthly,42,0,0,GBP,not_applicable,2025-09-07T14:27:00
se_002519,co_0305,converted,Small,,2025-09-12,2025-09-12,,,monthly,42,200,200,GBP,paid,2025-09-12T10:54:00
se_002520,co_0305,renewal,Small,,2025-10-12,2025-10-12,,,monthly,42,200,200,GBP,paid,2025-10-12T10:39:00
se_002521,co_0305,renewal,Small,,2025-11-12,2025-11-12,,,monthly,42,200,200,GBP,paid,2025-11-12T10:12:00
se_002522,co_0305,renewal,Small,,2025-12-12,2025-12-12,,,monthly,42,200,200,GBP,paid,2025-12-12T19:47:00
se_002523,co_0305,renewal,Small,,2026-01-12,2026-01-12,,,monthly,42,200,200,GBP,paid,2026-01-12T15:02:00
se_002524,co_0305,renewal,Small,,2026-02-12,2026-02-12,,,monthly,42,200,200,GBP,paid,2026-02-12T16:46:00
se_002525,co_0305,renewal,Small,,2026-03-12,2026-03-12,,,monthly,42,200,200,GBP,paid,2026-03-12T18:08:00
se_002526,co_0305,renewal,Small,,2026-04-12,2026-04-12,,,monthly,42,200,200,GBP,paid,2026-04-12T12:27:00
se_002527,co_0305,renewal,Small,,2026-05-12,2026-05-12,,,monthly,42,200,200,GBP,paid,2026-05-12T12:45:00
se_002528,co_0305,renewal,Small,,2026-06-12,2026-06-12,,,monthly,42,200,200,GBP,paid,2026-06-12T08:50:00
se_002529,co_0306,trial_start,Medium,,,,,2025-05-13,annual,268,0,0,GBP,not_applicable,2025-05-06T18:30:00
se_002530,co_0306,converted,Medium,,2025-05-10,2025-05-10,,,annual,268,750,9000,GBP,paid,2025-05-10T10:58:00
se_002531,co_0306,renewal,Medium,,2026-05-10,2026-05-10,,,annual,268,750,9000,GBP,paid,2026-05-10T12:40:00
se_002532,co_0307,trial_start,Medium,,,,,2023-10-01,annual,229,0,0,GBP,not_applicable,2023-09-24T14:51:00
se_002533,co_0307,converted,Medium,,2023-10-01,2023-10-01,,,annual,229,750,9000,GBP,paid,2023-10-01T19:39:00
se_002534,co_0307,renewal,Medium,,2024-10-01,2024-10-01,,,annual,229,750,9000,GBP,paid,2024-10-01T09:15:00
se_002535,co_0307,renewal,Medium,,2025-10-01,2025-10-01,,,annual,229,750,9000,GBP,paid,2025-10-01T18:59:00
se_002536,co_0308,trial_start,SMALL,,,,,2023-10-30,monthly,93,0,0,GBP,not_applicable,2023-10-23T16:00:00
se_002537,co_0309,trial_start,Medium,,,,,2024-04-26,annual,224,0,0,GBP,not_applicable,2024-04-19T09:24:00
se_002538,co_0309,converted,Medium,,2024-04-28,2024-04-28,,,annual,224,750,9000,GBP,paid,2024-04-28T16:40:00
se_002539,co_0309,renewal,Medium,,2025-04-28,2025-04-28,,,annual,224,750,9000,GBP,paid,2025-04-28T13:43:00
se_002540,co_0309,renewal,Medium,,2026-04-28,2026-04-28,,,annual,224,750,9000,GBP,paid,2026-04-28T09:22:00
se_002541,co_0310,trial_start,Small,,,,,2025-05-04,monthly,20,0,0,GBP,not_applicable,2025-04-27T16:26:00
se_002542,co_0310,converted,Small,,2025-04-30,2025-04-30,,,monthly,20,200,200,GBP,paid,2025-04-30T08:30:00
se_002543,co_0310,renewal,Small,,2025-06-07,2025-05-30,,,monthly,20,200,200,GBP,paid,2025-05-30T11:26:00
se_002544,co_0310,renewal,Small,,2025-06-30,2025-06-30,,,monthly,20,200,200,GBP,paid,2025-06-30T18:16:00
se_002545,co_0310,renewal,Small,,2025-07-30,2025-07-30,,,monthly,20,200,200,GBP,paid,2025-07-30T16:55:00
se_002546,co_0310,renewal,Small,,2025-08-30,2025-08-30,,,monthly,20,200,200,GBP,paid,2025-08-30T17:27:00
se_002547,co_0310,renewal,Small,,2025-09-30,2025-09-30,,,monthly,20,200,200,GBP,paid,2025-09-30T11:50:00
se_002548,co_0310,renewal,Small,,2025-10-30,2025-10-30,,,monthly,20,200,200,GBP,paid,2025-10-30T18:34:00
se_002549,co_0310,renewal,Small,,2025-11-30,2025-11-30,,,monthly,20,200,200,GBP,paid,2025-11-30T08:04:00
se_002550,co_0310,renewal,Small,,2025-12-30,2025-12-30,,,monthly,20,200,200,GBP,paid,2025-12-30T10:43:00
se_002551,co_0310,renewal,Small,,2026-01-30,2026-01-30,,,monthly,20,200,200,GBP,paid,2026-01-30T14:33:00
se_002552,co_0310,renewal,Small,,2026-02-28,2026-02-28,,,monthly,20,200,200,GBP,paid,2026-02-28T14:23:00
se_002553,co_0310,renewal,Small,,2026-03-28,2026-03-28,,,monthly,20,200,200,GBP,paid,2026-03-28T14:49:00
se_002554,co_0310,renewal,Small,,2026-04-28,2026-04-28,,,monthly,20,200,200,GBP,paid,2026-04-28T09:45:00
se_002555,co_0310,renewal,Small,,2026-05-28,2026-05-28,,,monthly,20,200,200,GBP,paid,2026-05-28T09:34:00
se_002556,co_0310,renewal,Small,,2026-06-28,2026-06-28,,,monthly,20,200,200,GBP,paid,2026-06-28T11:15:00
se_002557,co_0311,trial_start,Medium,,,,,2025-11-15,annual,207,0,0,GBP,not_applicable,2025-11-08T17:40:00
se_002558,co_0311,converted,Medium,,2025-11-13,2025-11-13,,,annual,207,750,9000,GBP,paid,2025-11-13T18:39:00
se_002559,co_0312,trial_start,Small,,,,,2023-08-03,annual,49,0,0,GBP,not_applicable,2023-07-27T19:37:00
se_002560,co_0312,converted,Small,,2023-08-04,2023-08-04,,,annual,49,200,2400,GBP,paid,2023-08-04T08:21:00
se_002561,co_0312,renewal,Small,,2024-08-04,2024-08-04,,,annual,49,200,2400,GBP,paid,2024-08-04T10:22:00
se_002562,co_0312,renewal,Small,,2025-08-04,2025-08-04,,,annual,49,200,2400,GBP,paid,2025-08-04T12:55:00
se_002563,co_0313,trial_start,Medium,,,,,2025-11-06,monthly,238,0,0,GBP,not_applicable,2025-10-30T19:35:00
se_002564,co_0313,converted,Medium,,2025-11-03,2025-11-03,,,monthly,238,750,750,GBP,paid,2025-11-03T18:12:00
se_002565,co_0313,renewal,Medium,,2025-12-03,2025-12-03,,,monthly,238,750,750,GBP,paid,2025-12-03T12:07:00
se_002566,co_0313,renewal,Medium ,,2026-01-03,2026-01-03,,,monthly,238,750,750,GBP,paid,2026-01-03T18:01:00
se_002567,co_0313,renewal,Medium,,2026-02-03,2026-02-03,,,monthly,238,750,750,GBP,paid,2026-02-03T09:22:00
se_002568,co_0313,renewal,Medium,,2026-03-03,2026-03-03,,,monthly,238,750,750,GBP,paid,2026-03-03T17:29:00
se_002569,co_0313,renewal,Medium,,2026-04-03,2026-04-03,,,monthly,238,750,750,GBP,paid,2026-04-03T10:21:00
se_002570,co_0313,renewal,Medium,,2026-05-03,2026-05-03,,,monthly,238,750,750,GBP,paid,2026-05-03T10:39:00
se_002571,co_0313,renewal,Medium,,2026-06-20,2026-06-03,,,monthly,238,750,750,GBP,paid,2026-06-03T09:37:00
se_002572,co_0314,trial_start,Medium,,,,,2025-04-06,monthly,123,0,0,GBP,not_applicable,2025-03-30T16:42:00
se_002573,co_0315,trial_start,Medium,,,,,2025-01-22,monthly,139,0,0,GBP,not_applicable,2025-01-15T13:05:00
se_002574,co_0316,trial_start,Small,,,,,2024-06-05,monthly,68,0,0,GBP,not_applicable,2024-05-29T18:55:00
se_002575,co_0316,converted,Small,,2024-06-08,2024-06-08,,,monthly,68,200,200,GBP,paid,2024-06-08T08:23:00
se_002576,co_0316,renewal,Small,,2024-07-08,2024-07-08,,,monthly,68,200,200,GBP,paid,2024-07-08T17:02:00
se_002577,co_0316,renewal,Small,,2024-08-27,2024-08-08,,,monthly,68,200,200,GBP,paid,2024-08-08T13:20:00
se_002578,co_0316,renewal,Small,,2024-09-08,2024-09-08,,,monthly,68,200,200,GBP,paid,2024-09-08T19:38:00
se_002579,co_0316,renewal,Small,,2024-10-08,2024-10-08,,,monthly,68,200,200,GBP,paid,2024-10-08T14:29:00
se_002580,co_0316,renewal,Small,,2024-11-08,2024-11-08,,,monthly,68,200,200,GBP,paid,2024-11-08T14:39:00
se_002581,co_0316,renewal,Small,,2024-12-08,2024-12-08,,,monthly,68,200,200,GBP,paid,2024-12-08T14:00:00
se_002582,co_0316,renewal,Small,,2025-01-08,2025-01-08,,,monthly,68,200,200,GBP,paid,2025-01-08T15:29:00
se_002583,co_0316,renewal,Small,,2025-02-08,2025-02-08,,,monthly,68,200,200,GBP,paid,2025-02-08T08:48:00
se_002584,co_0316,renewal,Small,,2025-03-08,2025-03-08,,,monthly,68,200,200,GBP,paid,2025-03-08T15:19:00
se_002585,co_0316,renewal,Small,,2025-04-08,2025-04-08,,,monthly,68,200,200,GBP,paid,2025-04-08T13:01:00
se_002586,co_0316,renewal,small,,2025-05-08,2025-05-08,,,monthly,68,200,200,GBP,paid,2025-05-08T11:49:00
se_002587,co_0316,renewal,Small,,2025-06-20,2025-06-08,,,monthly,68,200,200,GBP,paid,2025-06-08T09:42:00
se_002588,co_0316,renewal,Small,,2025-07-08,2025-07-08,,,monthly,68,200,200,GBP,paid,2025-07-08T11:54:00
se_002589,co_0316,renewal,Small,,2025-08-08,2025-08-08,,,monthly,68,200,200,GBP,paid,2025-08-08T13:02:00
se_002590,co_0316,renewal,Small,,2025-09-08,2025-09-08,,,monthly,68,200,200,GBP,paid,2025-09-08T17:52:00
se_002591,co_0316,renewal,Small,,2025-10-08,2025-10-08,,,monthly,68,200,200,GBP,paid,2025-10-08T17:32:00
se_002592,co_0316,renewal,Small,,2025-11-08,2025-11-08,,,monthly,68,200,200,GBP,paid,2025-11-08T08:45:00
se_002593,co_0316,renewal,Small,,2025-12-08,2025-12-08,,,monthly,68,200,200,GBP,paid,2025-12-08T11:36:00
se_002594,co_0316,renewal,Small,,2026-01-08,2026-01-08,,,monthly,68,200,200,GBP,paid,2026-01-08T14:52:00
se_002595,co_0316,renewal,Small,,2026-02-16,2026-02-08,,,monthly,68,200,200,GBP,paid,2026-02-08T19:04:00
se_002596,co_0316,renewal,Small,,,2026-03-08,,,monthly,68,200,200,GBP,paid,2026-03-08T16:54:00
se_002597,co_0316,renewal,Small,,2026-04-08,2026-04-08,,,monthly,68,200,200,GBP,paid,2026-04-08T17:55:00
se_002598,co_0316,renewal,Small,,2026-05-08,2026-05-08,,,monthly,68,200,200,GBP,paid,2026-05-08T13:49:00
se_002599,co_0316,renewal,Small,,2026-06-08,2026-06-08,,,monthly,68,200,200,GBP,paid,2026-06-08T17:01:00
se_002600,co_0317,trial_start,Small,,,,,2025-05-04,annual,100,0,0,GBP,not_applicable,2025-04-27T18:27:00
se_002601,co_0318,trial_start,Medium ,,,,,2026-03-16,monthly,162,0,0,GBP,not_applicable,2026-03-09T11:41:00
se_002602,co_0318,converted,Medium,,2026-03-17,2026-03-17,,,monthly,162,750,750,GBP,paid,2026-03-17T13:21:00
se_002603,co_0318,renewal,Medium,,2026-04-17,2026-04-17,,,monthly,162,750,750,GBP,paid,2026-04-17T09:09:00
se_002604,co_0318,renewal,Medium,,2026-05-17,2026-05-17,,,monthly,162,750,750,GBP,paid,2026-05-17T15:34:00
se_002605,co_0318,renewal,Medium,,2026-06-17,2026-06-17,,,monthly,162,750,750,GBP,paid,2026-06-17T18:42:00
se_002606,co_0319,trial_start,Small,,,,,2023-09-27,monthly,71,0,0,GBP,not_applicable,2023-09-20T15:22:00
se_002607,co_0320,trial_start,Medium,,,,,2025-11-24,annual,163,0,0,GBP,not_applicable,2025-11-17T11:08:00
se_002608,co_0320,converted,Medium,,2025-11-27,2025-11-27,,,annual,163,750,9000,GBP,paid,2025-11-27T11:49:00
se_002609,co_0321,trial_start,Medium,,,,,2024-11-24,annual,155,0,0,GBP,not_applicable,2024-11-17T08:55:00
se_002610,co_0321,converted,Medium,,2024-11-26,2024-11-26,,,annual,155,750,9000,GBP,paid,2024-11-26T12:15:00
se_002611,co_0321,renewal,Medium,,2025-11-26,2025-11-26,,,annual,155,750,9000,GBP,paid,2025-11-26T17:49:00
se_002612,co_0322,trial_start,Medium,,,,,2024-03-29,monthly,142,0,0,GBP,not_applicable,2024-03-22T14:17:00
se_002613,co_0323,trial_start,Medium,,,,,2025-09-04,monthly,168,0,0,GBP,not_applicable,2025-08-28T17:02:00
se_002614,co_0324,trial_start,Small,,,,,2025-01-28,annual,87,0,0,GBP,not_applicable,2025-01-21T10:37:00
se_002615,co_0324,converted,Small,,2025-01-29,2025-01-29,,,annual,87,200,2400,GBP,paid,2025-01-29T17:06:00
se_002616,co_0324,renewal,Small,,2026-01-29,2026-01-29,,,annual,87,200,2400,GBP,paid,2026-01-29T09:46:00
se_002617,co_0325,trial_start,Medium,,,,,2024-01-18,monthly,411,0,0,GBP,not_applicable,2024-01-11T19:49:00
se_002618,co_0325,converted,Medium,,2024-01-16,2024-01-16,,,monthly,411,750,750,GBP,paid,2024-01-16T16:47:00
se_002619,co_0325,renewal,Medium,,2024-02-16,2024-02-16,,,monthly,411,750,750,GBP,paid,2024-02-16T18:40:00
se_002620,co_0325,renewal,Medium,,2024-03-16,2024-03-16,,,monthly,411,750,750,GBP,paid,2024-03-16T11:47:00
se_002621,co_0325,payment_failed,Medium,,2024-04-16,2024-04-16,,,monthly,411,750,750,GBP,failed,2024-04-16T19:48:00
se_002622,co_0325,payment_recovered,Medium,,2024-05-03,2024-05-03,,,monthly,411,750,750,GBP,paid,2024-05-03T18:04:00
se_002623,co_0325,renewal,Medium,,2024-05-16,2024-05-16,,,monthly,411,750,750,GBP,paid,2024-05-16T14:51:00
se_002624,co_0325,payment_failed,Medium,,2024-06-16,2024-06-16,,,monthly,411,750,750,GBP,failed,2024-06-16T11:14:00
se_002625,co_0325,renewal,Medium,,2024-07-16,2024-07-16,,,monthly,411,750,750,GBP,paid,2024-07-16T10:44:00
se_002626,co_0325,renewal,Medium,,2024-08-16,2024-08-16,,,monthly,411,750,750,GBP,paid,2024-08-16T13:28:00
se_002627,co_0325,renewal,Medium,,2024-09-16,2024-09-16,,,monthly,411,750,750,GBP,paid,2024-09-16T16:17:00
se_002628,co_0325,renewal,Medium,,,2024-10-16,,,monthly,411,750,750,GBP,paid,2024-10-16T08:09:00
se_002629,co_0325,renewal,Medium,,2024-11-16,2024-11-16,,,monthly,411,750,750,GBP,paid,2024-11-16T11:50:00
se_002630,co_0325,renewal,Medium,,2024-12-16,2024-12-16,,,monthly,411,750,750,GBP,paid,2024-12-16T09:04:00
se_002631,co_0325,renewal,Medium ,,2025-01-16,2025-01-16,,,monthly,411,750,750,GBP,paid,2025-01-16T09:44:00
se_002632,co_0325,downgrade,Small,Medium,2025-01-31,2025-01-31,,,monthly,411,200,200,GBP,paid,2025-01-31T09:19:00
se_002633,co_0325,renewal,Small,,,2025-02-16,,,monthly,411,200,200,GBP,paid,2025-02-16T14:59:00
se_002634,co_0325,payment_failed,Small,,2025-03-16,2025-03-16,,,monthly,411,200,200,GBP,failed,2025-03-16T15:01:00
se_002635,co_0325,payment_recovered,Small,,2025-03-20,2025-03-20,,,monthly,411,200,200,GBP,paid,2025-03-20T14:02:00
se_002636,co_0325,renewal,Small,,2025-04-16,2025-04-16,,,monthly,411,200,200,GBP,paid,2025-04-16T13:48:00
se_002637,co_0325,renewal,Small,,2025-05-16,2025-05-16,,,monthly,411,200,200,GBP,paid,2025-05-16T15:27:00
se_002638,co_0325,renewal,Small,,2025-06-16,2025-06-16,,,monthly,411,200,200,GBP,paid,2025-06-16T14:14:00
se_002639,co_0325,renewal,Small,,2025-07-16,2025-07-16,,,monthly,411,200,200,GBP,paid,2025-07-16T10:47:00
se_002640,co_0325,renewal,Small,,2025-08-28,2025-08-16,,,monthly,411,200,200,GBP,paid,2025-08-16T16:28:00
se_002641,co_0325,renewal,Small,,2025-09-16,2025-09-16,,,monthly,411,200,200,GBP,paid,2025-09-16T13:38:00
se_002642,co_0325,renewal,Small,,2025-10-16,2025-10-16,,,monthly,411,200,200,GBP,paid,2025-10-16T14:26:00
se_002643,co_0325,renewal,Small,,2025-11-16,2025-11-16,,,monthly,411,200,200,GBP,paid,2025-11-16T14:46:00
se_002644,co_0325,renewal,Small,,2025-12-16,2025-12-16,,,monthly,411,200,200,GBP,paid,2025-12-16T10:11:00
se_002645,co_0325,renewal,Small,,2026-01-24,2026-01-16,,,monthly,411,200,200,GBP,paid,2026-01-16T14:12:00
se_002646,co_0325,renewal,Small,,2026-02-16,2026-02-16,,,monthly,411,200,200,GBP,paid,2026-02-16T13:45:00
se_002647,co_0325,renewal,Small,,2026-03-16,2026-03-16,,,monthly,411,200,200,GBP,paid,2026-03-16T10:21:00
se_002648,co_0325,renewal,Small,,2026-04-16,2026-04-16,,,monthly,411,200,200,GBP,paid,2026-04-16T15:31:00
se_002649,co_0325,renewal,Small,,2026-05-16,2026-05-16,,,monthly,411,200,200,GBP,paid,2026-05-16T18:06:00
se_002650,co_0325,renewal,Small,,2026-06-16,2026-06-16,,,monthly,411,200,200,GBP,paid,2026-06-16T18:11:00
se_002651,co_0326,trial_start,Small,,,,,2023-11-09,annual,120,0,0,GBP,not_applicable,2023-11-02T08:03:00
se_002652,co_0326,converted,Small,,2023-11-10,2023-11-10,,,annual,120,200,2400,GBP,paid,2023-11-10T12:24:00
se_002653,co_0326,renewal,Small,,2024-11-10,2024-11-10,,,annual,120,200,2400,GBP,paid,2024-11-10T18:12:00
se_002654,co_0326,renewal,Small,,2025-11-10,2025-11-10,,,annual,120,200,2400,GBP,paid,2025-11-10T17:49:00
se_002655,co_0326,upgrade,Medium,Small,2025-11-12,2025-11-12,,,annual,120,750,9000,GBP,paid,2025-11-12T19:40:00
se_002656,co_0327,trial_start,Medium,,,,,2023-11-05,monthly,161,0,0,GBP,not_applicable,2023-10-29T14:12:00
se_002657,co_0327,converted,Medium,,2023-11-05,2023-11-05,,,monthly,161,750,750,GBP,paid,2023-11-05T16:41:00
se_002658,co_0327,renewal,Medium,,2023-12-05,2023-12-05,,,monthly,161,750,750,GBP,paid,2023-12-05T12:50:00
se_002659,co_0327,renewal,Medium,,2024-01-05,2024-01-05,,,monthly,161,750,750,GBP,paid,2024-01-05T14:14:00
se_002660,co_0327,renewal,Medium,,2024-02-05,2024-02-05,,,monthly,161,750,750,GBP,paid,2024-02-05T12:32:00
se_002661,co_0327,renewal,Medium,,2024-03-05,2024-03-05,,,monthly,161,750,750,GBP,paid,2024-03-05T08:12:00
se_002662,co_0327,renewal,Medium,,2024-04-05,2024-04-05,,,monthly,161,750,750,GBP,paid,2024-04-05T08:01:00
se_002663,co_0327,renewal,Medium,,2024-05-05,2024-05-05,,,monthly,161,750,750,GBP,paid,2024-05-05T12:26:00
se_002664,co_0327,renewal,Medium,,2024-06-05,2024-06-05,,,monthly,161,750,750,GBP,paid,2024-06-05T10:12:00
se_002665,co_0327,renewal,Medium,,2024-07-05,2024-07-05,,,monthly,161,750,750,GBP,paid,2024-07-05T17:16:00
se_002666,co_0327,renewal,Medium,,2024-08-05,2024-08-05,,,monthly,161,750,750,GBP,paid,2024-08-05T14:10:00
se_002667,co_0327,renewal,Medium,,2024-09-05,2024-09-05,,,monthly,161,750,750,GBP,paid,2024-09-05T09:51:00
se_002668,co_0327,renewal,Medium,,2024-10-05,2024-10-05,,,monthly,161,750,750,GBP,paid,2024-10-05T19:45:00
se_002669,co_0327,renewal,Medium,,2024-11-05,2024-11-05,,,monthly,161,750,750,GBP,paid,2024-11-05T17:37:00
se_002670,co_0327,renewal,Medium,,2024-12-05,2024-12-05,,,monthly,161,750,750,GBP,paid,2024-12-05T13:31:00
se_002671,co_0327,renewal,Medium,,2025-01-05,2025-01-05,,,monthly,161,750,750,GBP,paid,2025-01-05T15:08:00
se_002672,co_0327,renewal,Medium,,2025-02-05,2025-02-05,,,monthly,161,750,750,GBP,paid,2025-02-05T18:41:00
se_002673,co_0327,renewal,Medium,,2025-03-05,2025-03-05,,,monthly,161,750,750,GBP,paid,2025-03-05T17:16:00
se_002674,co_0327,renewal,Medium,,2025-04-05,2025-04-05,,,monthly,161,750,750,GBP,paid,2025-04-05T19:17:00
se_002675,co_0327,renewal,Medium,,2025-05-05,2025-05-05,,,monthly,161,750,750,GBP,paid,2025-05-05T15:32:00
se_002676,co_0327,renewal,Medium,,2025-06-05,2025-06-05,,,monthly,161,750,750,GBP,paid,2025-06-05T18:27:00
se_002677,co_0327,renewal,Medium,,2025-07-05,2025-07-05,,,monthly,161,750,750,GBP,paid,2025-07-05T19:46:00
se_002678,co_0327,renewal,Medium,,2025-08-16,2025-08-05,,,monthly,161,750,750,GBP,paid,2025-08-05T09:37:00
se_002679,co_0327,renewal,Medium,,2025-09-05,2025-09-05,,,monthly,161,750,750,GBP,paid,2025-09-05T13:32:00
se_002680,co_0327,renewal,Medium,,2025-10-05,2025-10-05,,,monthly,161,750,750,GBP,paid,2025-10-05T11:15:00
se_002681,co_0327,renewal,Medium,,2025-11-05,2025-11-05,,,monthly,161,750,750,GBP,paid,2025-11-05T16:58:00
se_002682,co_0327,renewal,Medium,,2025-12-05,2025-12-05,,,monthly,161,750,750,GBP,paid,2025-12-05T08:19:00
se_002683,co_0327,renewal,Medium,,2026-01-05,2026-01-05,,,monthly,161,750,750,GBP,paid,2026-01-05T17:54:00
se_002684,co_0327,renewal,Medium,,2026-02-05,2026-02-05,,,monthly,161,750,750,GBP,paid,2026-02-05T15:14:00
se_002685,co_0327,renewal,Medium,,2026-03-05,2026-03-05,,,monthly,161,750,750,GBP,paid,2026-03-05T15:12:00
se_002686,co_0327,renewal,Medium,,2026-04-05,2026-04-05,,,monthly,161,750,750,GBP,paid,2026-04-05T08:21:00
se_002687,co_0327,renewal,Medium,,2026-05-05,2026-05-05,,,monthly,161,750,750,GBP,paid,2026-05-05T10:29:00
se_002688,co_0327,renewal,Medium,,2026-06-05,2026-06-05,,,monthly,161,750,750,GBP,paid,2026-06-05T14:46:00
se_002689,co_0328,trial_start,Medium,,,,,2026-04-18,monthly,137,0,0,GBP,not_applicable,2026-04-11T11:01:00
se_002690,co_0328,converted,Medium,,2026-04-18,2026-04-18,,,monthly,137,750,750,GBP,paid,2026-04-18T08:41:00
se_002691,co_0328,renewal,Medium,,2026-05-18,2026-05-18,,,monthly,137,750,750,GBP,paid,2026-05-18T18:32:00
se_002692,co_0328,renewal,Medium,,2026-06-18,2026-06-18,,,monthly,137,750,750,GBP,paid,2026-06-18T09:47:00
se_002693,co_0329,trial_start,Small,,,,,2025-07-16,annual,55,0,0,GBP,not_applicable,2025-07-09T14:32:00
se_002694,co_0329,converted,Small,,2025-07-19,2025-07-19,,,annual,55,200,2400,GBP,paid,2025-07-19T16:57:00
se_002695,co_0330,trial_start,Medium,,,,,2023-07-31,annual,152,0,0,GBP,not_applicable,2023-07-24T15:19:00
se_002696,co_0331,trial_start,medium,,,,,2024-04-09,monthly,137,0,0,GBP,not_applicable,2024-04-02T11:19:00
se_002697,co_0331,converted,Medium,,2024-04-12,2024-04-12,,,monthly,137,750,750,GBP,paid,2024-04-12T17:16:00
se_002698,co_0331,renewal,Medium,,2024-05-12,2024-05-12,,,monthly,137,750,750,GBP,paid,2024-05-12T13:48:00
se_002699,co_0331,downgrade,Small,,2024-05-19,2024-05-19,,,monthly,137,200,200,GBP,paid,2024-05-19T16:00:00
se_002700,co_0331,renewal,Small,,,2024-06-12,,,monthly,137,200,200,GBP,paid,2024-06-12T15:24:00
se_002701,co_0331,renewal,Small,,2024-07-24,2024-07-12,,,monthly,137,200,200,GBP,paid,2024-07-12T09:29:00
se_002702,co_0331,renewal,Small,,2024-08-12,2024-08-12,,,monthly,137,200,200,GBP,paid,2024-08-12T13:22:00
se_002703,co_0331,renewal,Small,,2024-09-12,2024-09-12,,,monthly,137,200,200,GBP,paid,2024-09-12T10:38:00
se_002704,co_0331,renewal,Small,,2024-10-12,2024-10-12,,,monthly,137,200,200,GBP,paid,2024-10-12T14:26:00
se_002705,co_0331,renewal,Small,,2024-11-12,2024-11-12,,,monthly,137,200,200,GBP,paid,2024-11-12T13:04:00
se_002706,co_0331,renewal,Small,,2024-12-12,2024-12-12,,,monthly,137,200,200,GBP,paid,2024-12-12T08:50:00
se_002707,co_0331,renewal,Small,,2025-01-12,2025-01-12,,,monthly,137,200,200,GBP,paid,2025-01-12T18:42:00
se_002708,co_0331,renewal,Small,,2025-02-12,2025-02-12,,,monthly,137,200,200,GBP,paid,2025-02-12T08:35:00
se_002709,co_0331,renewal,Small,,2025-03-12,2025-03-12,,,monthly,137,200,200,GBP,paid,2025-03-12T11:34:00
se_002710,co_0331,renewal,Small,,2025-04-12,2025-04-12,,,monthly,137,200,200,GBP,paid,2025-04-12T10:14:00
se_002711,co_0331,renewal,Small,,2025-05-12,2025-05-12,,,monthly,137,200,200,GBP,paid,2025-05-12T11:26:00
se_002712,co_0331,renewal,Small,,2025-06-12,2025-06-12,,,monthly,137,200,200,GBP,paid,2025-06-12T12:50:00
se_002713,co_0331,renewal,Small,,2025-07-12,2025-07-12,,,monthly,137,200,200,GBP,paid,2025-07-12T08:04:00
se_002714,co_0331,renewal,Small,,2025-08-12,2025-08-12,,,monthly,137,200,200,GBP,paid,2025-08-12T19:50:00
se_002715,co_0331,renewal,Small,,2025-09-12,2025-09-12,,,monthly,137,200,200,GBP,paid,2025-09-12T10:00:00
se_002716,co_0331,renewal,Small,,2025-10-12,2025-10-12,,,monthly,137,200,200,GBP,paid,2025-10-12T16:39:00
se_002717,co_0331,renewal,Small,,2025-11-12,2025-11-12,,,monthly,137,200,200,GBP,paid,2025-11-12T18:11:00
se_002718,co_0331,renewal,Small,,2025-12-12,2025-12-12,,,monthly,137,200,200,GBP,paid,2025-12-12T13:25:00
se_002719,co_0331,renewal,Small,,2026-01-12,2026-01-12,,,monthly,137,200,200,GBP,paid,2026-01-12T17:43:00
se_002720,co_0331,renewal,Small,,2026-02-12,2026-02-12,,,monthly,137,200,200,GBP,paid,2026-02-12T17:46:00
se_002721,co_0331,renewal,Small,,2026-03-12,2026-03-12,,,monthly,137,200,200,GBP,paid,2026-03-12T16:13:00
se_002722,co_0331,renewal,Small,,2026-04-12,2026-04-12,,,monthly,137,200,200,GBP,paid,2026-04-12T12:28:00
se_002723,co_0331,renewal,Small,,2026-05-12,2026-05-12,,,monthly,137,200,200,GBP,paid,2026-05-12T19:32:00
se_002724,co_0331,renewal,Small,,2026-06-12,2026-06-12,,,monthly,137,200,200,GBP,paid,2026-06-12T09:58:00
se_002725,co_0332,trial_start,Medium,,,,,2024-11-23,annual,178,0,0,GBP,not_applicable,2024-11-16T19:48:00
se_002726,co_0333,trial_start,Small,,,,,2024-04-07,annual,19,0,0,GBP,not_applicable,2024-03-31T08:33:00
se_002727,co_0333,converted,Small,,2024-04-06,2024-04-06,,,annual,19,200,2400,GBP,paid,2024-04-06T15:42:00
se_002728,co_0333,renewal,Small,,2025-04-06,2025-04-06,,,annual,19,200,2400,GBP,paid,2025-04-06T12:00:00
se_002729,co_0333,renewal,Small,,2026-04-06,2026-04-06,,,annual,19,200,2400,GBP,paid,2026-04-06T11:01:00
se_002730,co_0334,trial_start,Medium,,,,,2025-09-07,monthly,138,0,0,GBP,not_applicable,2025-08-31T14:56:00
se_002731,co_0334,converted,Medium,,2025-09-06,2025-09-06,,,monthly,138,750,750,GBP,paid,2025-09-06T10:02:00
se_002732,co_0334,renewal,Medium,,2025-10-06,2025-10-06,,,monthly,138,750,750,GBP,paid,2025-10-06T13:24:00
se_002733,co_0334,renewal,Medium,,2025-11-16,2025-11-06,,,monthly,138,750,750,GBP,paid,2025-11-06T19:52:00
se_002734,co_0334,renewal,Medium,,2025-12-06,2025-12-06,,,monthly,138,750,750,GBP,paid,2025-12-06T15:13:00
se_002735,co_0334,renewal,Medium,,2026-01-06,2026-01-06,,,monthly,138,750,750,GBP,paid,2026-01-06T10:16:00
se_002736,co_0334,renewal,Medium,,2026-02-06,2026-02-06,,,monthly,138,750,750,GBP,paid,2026-02-06T17:13:00
se_002737,co_0334,renewal,Medium,,2026-03-06,2026-03-06,,,monthly,138,750,750,GBP,paid,2026-03-06T19:10:00
se_002738,co_0334,renewal,Medium,,2026-04-06,2026-04-06,,,monthly,138,750,750,GBP,paid,2026-04-06T11:39:00
se_002739,co_0334,downgrade,Small,Medium,2026-04-24,2026-04-24,,,monthly,138,200,200,GBP,paid,2026-04-24T09:24:00
se_002740,co_0334,payment_failed,Small,,2026-05-06,2026-05-06,,,monthly,138,200,200,GBP,failed,2026-05-06T08:17:00
se_002741,co_0334,payment_recovered,Small,,2026-05-14,2026-05-14,,,monthly,138,200,200,GBP,paid,2026-05-14T14:17:00
se_002742,co_0334,renewal,Small,,2026-06-06,2026-06-06,,,monthly,138,200,200,GBP,paid,2026-06-06T08:57:00
se_002743,co_0335,trial_start,Small,,,,,2024-08-17,annual,59,0,0,GBP,not_applicable,2024-08-10T08:41:00
se_002744,co_0336,trial_start,Medium,,,,,2024-06-06,monthly,212,0,0,GBP,not_applicable,2024-05-30T13:22:00
se_002745,co_0336,converted,Medium,,2024-06-01,2024-06-01,,,monthly,212,750,750,GBP,paid,2024-06-01T19:38:00
se_002746,co_0336,renewal,Medium,,2024-07-10,2024-07-01,,,monthly,212,750,750,GBP,paid,2024-07-01T08:12:00
se_002747,co_0336,renewal,Medium,,2024-08-01,2024-08-01,,,monthly,212,750,750,GBP,paid,2024-08-01T12:45:00
se_002748,co_0336,renewal,Medium,,2024-09-01,2024-09-01,,,monthly,212,750,750,GBP,paid,2024-09-01T18:42:00
se_002749,co_0336,renewal,Medium,,2024-10-01,2024-10-01,,,monthly,212,750,750,GBP,paid,2024-10-01T17:46:00
se_002750,co_0336,renewal,Medium,,2024-11-01,2024-11-01,,,monthly,212,750,750,GBP,paid,2024-11-01T14:55:00
se_002751,co_0336,renewal,Medium,,2024-12-01,2024-12-01,,,monthly,212,750,750,GBP,paid,2024-12-01T19:29:00
se_002752,co_0336,renewal,Medium,,2025-01-01,2025-01-01,,,monthly,212,750,750,GBP,paid,2025-01-01T09:46:00
se_002753,co_0336,renewal,Medium,,2025-02-01,2025-02-01,,,monthly,212,750,750,GBP,paid,2025-02-01T12:05:00
se_002754,co_0336,renewal,Medium,,2025-03-01,2025-03-01,,,monthly,212,750,750,GBP,paid,2025-03-01T16:20:00
se_002755,co_0336,renewal,Medium,,2025-04-01,2025-04-01,,,monthly,212,750,750,GBP,paid,2025-04-01T13:38:00
se_002756,co_0336,renewal,Medium,,2025-05-01,2025-05-01,,,monthly,212,750,750,GBP,paid,2025-05-01T15:59:00
se_002757,co_0336,renewal,Medium,,2025-06-01,2025-06-01,,,monthly,212,750,750,GBP,paid,2025-06-01T17:20:00
se_002758,co_0336,renewal,Medium,,2025-07-01,2025-07-01,,,monthly,212,750,750,GBP,paid,2025-07-01T11:36:00
se_002759,co_0336,renewal,Medium,,2025-08-01,2025-08-01,,,monthly,212,750,750,GBP,paid,2025-08-01T10:35:00
se_002760,co_0336,payment_failed,Medium,,2025-09-01,2025-09-01,,,monthly,212,750,750,GBP,failed,2025-09-01T14:59:00
se_002761,co_0336,payment_recovered,Medium,,2025-09-04,2025-09-04,,,monthly,212,750,750,GBP,paid,2025-09-04T16:10:00
se_002762,co_0336,renewal,Medium,,2025-10-21,2025-10-01,,,monthly,212,750,750,GBP,paid,2025-10-01T13:59:00
se_002763,co_0336,renewal,Medium,,2025-11-01,2025-11-01,,,monthly,212,750,750,GBP,paid,2025-11-01T15:59:00
se_002764,co_0336,renewal,Medium,,2025-12-01,2025-12-01,,,monthly,212,750,750,GBP,paid,2025-12-01T09:14:00
se_002765,co_0336,renewal,Medium,,2026-01-01,2026-01-01,,,monthly,212,750,750,GBP,paid,2026-01-01T13:20:00
se_002766,co_0336,renewal,Medium,,2026-02-01,2026-02-01,,,monthly,212,750,750,GBP,paid,2026-02-01T17:30:00
se_002767,co_0336,renewal,Medium,,2026-03-01,2026-03-01,,,monthly,212,750,750,GBP,paid,2026-03-01T13:36:00
se_002768,co_0336,renewal,Medium,,2026-04-01,2026-04-01,,,monthly,212,750,750,GBP,paid,2026-04-01T18:58:00
se_002769,co_0336,renewal,Medium,,2026-05-01,2026-05-01,,,monthly,212,750,750,GBP,paid,2026-05-01T11:51:00
se_002770,co_0336,renewal,Medium,,2026-06-01,2026-06-01,,,monthly,212,750,750,GBP,paid,2026-06-01T18:05:00
se_002771,co_0337,trial_start,Small,,,,,2025-08-24,annual,56,0,0,GBP,not_applicable,2025-08-17T19:04:00
se_002772,co_0337,converted,Small,,2025-08-25,2025-08-25,,,annual,56,200,2400,GBP,paid,2025-08-25T11:38:00
se_002773,co_0338,trial_start,Small,,,,,2023-12-26,annual,61,0,0,GBP,not_applicable,2023-12-19T12:00:00
se_002774,co_0339,trial_start,Medium,,,,,2024-10-04,annual,462,0,0,GBP,not_applicable,2024-09-27T13:43:00
se_002775,co_0339,converted,Medium,,2024-10-04,2024-10-04,,,annual,462,750,9000,GBP,paid,2024-10-04T19:37:00
se_002776,co_0339,renewal,Medium,,2025-10-22,2025-10-04,,,annual,462,750,9000,GBP,paid,2025-10-04T15:22:00
se_002777,co_0340,trial_start,Large,,,,,2026-05-29,monthly,642,0,0,GBP,not_applicable,2026-05-22T18:16:00
se_002778,co_0341,trial_start,Medium,,,,,2025-07-30,annual,446,0,0,GBP,not_applicable,2025-07-23T19:29:00
se_002779,co_0341,converted,Medium,,2025-07-26,2025-07-26,,,annual,446,750,9000,GBP,paid,2025-07-26T13:34:00
se_002780,co_0342,trial_start,Small,,,,,2024-09-08,monthly,56,0,0,GBP,not_applicable,2024-09-01T17:46:00
se_002781,co_0343,trial_start,Medium,,,,,2024-04-01,annual,324,0,0,GBP,not_applicable,2024-03-25T11:28:00
se_002782,co_0343,converted,Medium,,2024-04-04,2024-04-04,,,annual,324,750,9000,GBP,paid,2024-04-04T10:49:00
se_002783,co_0343,renewal,Medium,,2025-04-04,2025-04-04,,,annual,324,750,9000,GBP,paid,2025-04-04T14:21:00
se_002784,co_0343,renewal,Medium,,2026-04-04,2026-04-04,,,annual,324,750,9000,GBP,paid,2026-04-04T16:06:00
se_002785,co_0344,trial_start,Medium,,,,,2024-04-11,annual,117,0,0,GBP,not_applicable,2024-04-04T14:25:00
se_002786,co_0344,converted,Medium,,2024-04-06,2024-04-06,,,annual,117,750,9000,GBP,paid,2024-04-06T18:14:00
se_002787,co_0344,renewal,Medium,,2025-04-06,2025-04-06,,,annual,117,750,9000,GBP,paid,2025-04-06T14:00:00
se_002788,co_0344,renewal,Medium,,2026-04-06,2026-04-06,,,annual,117,750,9000,GBP,paid,2026-04-06T11:03:00
se_002789,co_0345,trial_start,Small,,,,,2023-10-23,annual,64,0,0,GBP,not_applicable,2023-10-16T08:53:00
se_002790,co_0345,converted,Small,,2023-10-18,2023-10-18,,,annual,64,200,2400,GBP,paid,2023-10-18T09:44:00
se_002791,co_0345,renewal,Small,,2024-10-18,2024-10-18,,,annual,64,200,2400,GBP,paid,2024-10-18T11:55:00
se_002792,co_0345,renewal,Small,,2025-10-18,2025-10-18,,,annual,64,200,2400,GBP,paid,2025-10-18T18:09:00
se_002793,co_0346,trial_start,Small,,,,,2025-01-16,monthly,122,0,0,GBP,not_applicable,2025-01-09T12:50:00
se_002794,co_0346,converted,Small,,2025-01-12,2025-01-12,,,monthly,122,200,200,GBP,paid,2025-01-12T15:46:00
se_002795,co_0346,renewal,small,,2025-02-12,2025-02-12,,,monthly,122,200,200,GBP,paid,2025-02-12T10:32:00
se_002796,co_0346,renewal,Small,,2025-03-12,2025-03-12,,,monthly,122,200,200,GBP,paid,2025-03-12T13:48:00
se_002797,co_0346,renewal,Small,,,2025-04-12,,,monthly,122,200,200,GBP,paid,2025-04-12T17:30:00
se_002798,co_0346,renewal,Small,,2025-05-12,2025-05-12,,,monthly,122,200,200,GBP,paid,2025-05-12T14:55:00
se_002799,co_0346,renewal,Small,,2025-06-12,2025-06-12,,,monthly,122,200,200,GBP,paid,2025-06-12T16:16:00
se_002800,co_0346,renewal,Small,,2025-07-12,2025-07-12,,,monthly,122,200,200,GBP,paid,2025-07-12T14:00:00
se_002801,co_0346,renewal,Small,,2025-08-12,2025-08-12,,,monthly,122,200,200,GBP,paid,2025-08-12T10:29:00
se_002802,co_0346,renewal,Small,,2025-09-12,2025-09-12,,,monthly,122,200,200,GBP,paid,2025-09-12T19:12:00
se_002803,co_0346,renewal,Small,,2025-10-12,2025-10-12,,,monthly,122,200,200,GBP,paid,2025-10-12T11:18:00
se_002804,co_0346,renewal,Small,,2025-11-12,2025-11-12,,,monthly,122,200,200,GBP,paid,2025-11-12T13:58:00
se_002805,co_0346,renewal,Small,,2025-12-12,2025-12-12,,,monthly,122,200,200,GBP,paid,2025-12-12T12:52:00
se_002806,co_0346,renewal,Small,,2026-01-12,2026-01-12,,,monthly,122,200,200,GBP,paid,2026-01-12T09:58:00
se_002807,co_0346,renewal,Small,,2026-02-12,2026-02-12,,,monthly,122,200,200,GBP,paid,2026-02-12T14:24:00
se_002808,co_0346,renewal,Small,,2026-03-12,2026-03-12,,,monthly,122,200,200,GBP,paid,2026-03-12T12:40:00
se_002809,co_0346,renewal,Small,,2026-04-12,2026-04-12,,,monthly,122,200,200,GBP,paid,2026-04-12T10:17:00
se_002810,co_0346,renewal,Small,,2026-05-15,2026-05-12,,,monthly,122,200,200,GBP,paid,2026-05-12T18:15:00
se_002811,co_0346,renewal,Small,,2026-06-12,2026-06-12,,,monthly,122,200,200,GBP,paid,2026-06-12T19:41:00
se_002812,co_0347,trial_start,Medium,,,,,2025-04-25,monthly,167,0,0,GBP,not_applicable,2025-04-18T09:35:00
se_002813,co_0347,converted,Medium,,2025-04-20,2025-04-20,,,monthly,167,750,750,GBP,paid,2025-04-20T14:37:00
se_002814,co_0347,renewal,Medium,,2025-05-20,2025-05-20,,,monthly,167,750,750,GBP,paid,2025-05-20T08:19:00
se_002815,co_0347,payment_failed,Medium,,2025-06-20,2025-06-20,,,monthly,167,750,750,GBP,failed,2025-06-20T08:40:00
se_002816,co_0347,payment_recovered,Medium,,2025-07-02,2025-07-02,,,monthly,167,750,750,GBP,paid,2025-07-02T09:16:00
se_002817,co_0347,renewal,Medium,,2025-07-20,2025-07-20,,,monthly,167,750,750,GBP,paid,2025-07-20T15:10:00
se_002818,co_0347,renewal,Medium,,2025-08-20,2025-08-20,,,monthly,167,750,750,GBP,paid,2025-08-20T10:56:00
se_002819,co_0347,renewal,Medium,,2025-09-20,2025-09-20,,,monthly,167,750,750,GBP,paid,2025-09-20T13:38:00
se_002820,co_0347,renewal,Medium,,2025-10-20,2025-10-20,,,monthly,167,750,750,GBP,paid,2025-10-20T19:10:00
se_002821,co_0347,renewal,Medium,,2025-12-05,2025-11-20,,,monthly,167,750,750,GBP,paid,2025-11-20T16:27:00
se_002822,co_0347,renewal,Medium,,2025-12-20,2025-12-20,,,monthly,167,750,750,GBP,paid,2025-12-20T13:09:00
se_002823,co_0347,renewal,Medium,,2026-01-20,2026-01-20,,,monthly,167,750,750,GBP,paid,2026-01-20T13:09:00
se_002824,co_0347,renewal,Medium,,2026-02-20,2026-02-20,,,monthly,167,750,750,GBP,paid,2026-02-20T14:22:00
se_002825,co_0347,renewal,Medium,,2026-03-20,2026-03-20,,,monthly,167,750,750,GBP,paid,2026-03-20T18:19:00
se_002826,co_0347,payment_failed,Medium,,2026-04-20,2026-04-20,,,monthly,167,750,750,GBP,failed,2026-04-20T17:30:00
se_002827,co_0347,payment_recovered,Medium,,2026-05-07,2026-05-07,,,monthly,167,750,750,GBP,paid,2026-05-07T18:34:00
se_002828,co_0347,renewal,Medium,,2026-05-20,2026-05-20,,,monthly,167,750,750,GBP,paid,2026-05-20T13:16:00
se_002829,co_0347,renewal,Medium,,2026-06-20,2026-06-20,,,monthly,167,750,750,GBP,paid,2026-06-20T18:48:00
se_002830,co_0348,trial_start,Medium,,,,,2023-10-05,monthly,453,0,0,GBP,not_applicable,2023-09-28T17:35:00
se_002831,co_0349,trial_start,Large,,,,,2026-03-11,monthly,971,0,0,GBP,not_applicable,2026-03-04T08:21:00
se_002832,co_0350,trial_start,Small,,,,,2026-06-07,monthly,48,0,0,GBP,not_applicable,2026-05-31T17:22:00
se_002833,co_0350,converted,Small,,2026-06-08,2026-06-08,,,monthly,48,200,200,GBP,paid,2026-06-08T13:16:00
se_002834,co_0351,trial_start,Medium,,,,,2023-12-15,annual,168,0,0,GBP,not_applicable,2023-12-08T09:56:00
se_002835,co_0351,converted,Medium,,2023-12-17,2023-12-17,,,annual,168,750,9000,GBP,paid,2023-12-17T12:42:00
se_002836,co_0351,renewal,Medium,,2024-12-17,2024-12-17,,,annual,168,750,9000,GBP,paid,2024-12-17T14:35:00
se_002837,co_0351,renewal,Medium,,2025-12-17,2025-12-17,,,annual,168,750,9000,GBP,paid,2025-12-17T17:51:00
se_002838,co_0352,trial_start,Small,,,,,2026-05-14,annual,67,0,0,GBP,not_applicable,2026-05-07T08:06:00
se_002839,co_0352,converted,Small,,2026-05-16,2026-05-16,,,annual,67,200,2400,GBP,paid,2026-05-16T08:31:00
se_002840,co_0353,trial_start,Small,,,,,2025-04-07,monthly,91,0,0,GBP,not_applicable,2025-03-31T16:57:00
se_002841,co_0354,trial_start,Small,,,,,2024-01-14,monthly,48,0,0,GBP,not_applicable,2024-01-07T16:55:00
se_002842,co_0354,converted,Small,,2024-01-09,2024-01-09,,,monthly,48,200,200,GBP,paid,2024-01-09T19:36:00
se_002843,co_0354,renewal,Small,,2024-02-09,2024-02-09,,,monthly,48,200,200,GBP,paid,2024-02-09T18:59:00
se_002844,co_0354,renewal,Small,,2024-03-09,2024-03-09,,,monthly,48,200,200,GBP,paid,2024-03-09T13:10:00
se_002845,co_0354,renewal,Small,,2024-04-09,2024-04-09,,,monthly,48,200,200,GBP,paid,2024-04-09T09:27:00
se_002846,co_0354,renewal,Small,,2024-05-09,2024-05-09,,,monthly,48,200,200,GBP,paid,2024-05-09T09:29:00
se_002847,co_0354,renewal,Small,,2024-06-09,2024-06-09,,,monthly,48,200,200,GBP,paid,2024-06-09T17:12:00
se_002848,co_0354,renewal,Small,,2024-07-09,2024-07-09,,,monthly,48,200,200,GBP,paid,2024-07-09T09:00:00
se_002849,co_0354,renewal,Small,,2024-08-09,2024-08-09,,,monthly,48,200,200,GBP,paid,2024-08-09T10:59:00
se_002850,co_0354,renewal,Small,,2024-09-09,2024-09-09,,,monthly,48,200,200,GBP,paid,2024-09-09T11:48:00
se_002851,co_0354,renewal,Small,,2024-10-25,2024-10-09,,,monthly,48,200,200,GBP,paid,2024-10-09T15:09:00
se_002852,co_0354,renewal,Small,,2024-11-09,2024-11-09,,,monthly,48,200,200,GBP,paid,2024-11-09T14:03:00
se_002853,co_0354,renewal,Small,,2024-12-09,2024-12-09,,,monthly,48,200,200,GBP,paid,2024-12-09T09:08:00
se_002854,co_0354,renewal,Small,,2025-01-09,2025-01-09,,,monthly,48,200,200,GBP,paid,2025-01-09T18:49:00
se_002855,co_0354,renewal,Small,,2025-02-09,2025-02-09,,,monthly,48,200,200,GBP,paid,2025-02-09T13:31:00
se_002856,co_0354,renewal,Small,,2025-03-09,2025-03-09,,,monthly,48,200,200,GBP,paid,2025-03-09T10:21:00
se_002857,co_0354,renewal,Small,,2025-04-09,2025-04-09,,,monthly,48,200,200,GBP,paid,2025-04-09T08:07:00
se_002858,co_0354,renewal,Small,,2025-05-09,2025-05-09,,,monthly,48,200,200,GBP,paid,2025-05-09T15:34:00
se_002859,co_0354,renewal,Small,,2025-06-09,2025-06-09,,,monthly,48,200,200,GBP,paid,2025-06-09T18:17:00
se_002860,co_0354,renewal,Small,,2025-07-09,2025-07-09,,,monthly,48,200,200,GBP,paid,2025-07-09T16:40:00
se_002861,co_0354,renewal,Small,,2025-08-09,2025-08-09,,,monthly,48,200,200,GBP,paid,2025-08-09T11:39:00
se_002862,co_0354,renewal,Small,,2025-09-09,2025-09-09,,,monthly,48,200,200,GBP,paid,2025-09-09T09:00:00
se_002863,co_0354,renewal,Small,,2025-10-09,2025-10-09,,,monthly,48,200,200,GBP,paid,2025-10-09T16:35:00
se_002864,co_0354,renewal,Small,,2025-11-09,2025-11-09,,,monthly,48,200,200,GBP,paid,2025-11-09T16:51:00
se_002865,co_0354,renewal,Small,,2025-12-09,2025-12-09,,,monthly,48,200,200,GBP,paid,2025-12-09T16:38:00
se_002866,co_0354,renewal,Small,,2026-01-19,2026-01-09,,,monthly,48,200,200,GBP,paid,2026-01-09T15:20:00
se_002867,co_0354,renewal,Small,,2026-02-09,2026-02-09,,,monthly,48,200,200,GBP,paid,2026-02-09T15:21:00
se_002868,co_0354,renewal,Small,,2026-03-09,2026-03-09,,,monthly,48,200,200,GBP,paid,2026-03-09T08:24:00
se_002869,co_0354,renewal,Small,,2026-04-09,2026-04-09,,,monthly,48,200,200,GBP,paid,2026-04-09T18:09:00
se_002870,co_0354,renewal,Small,,2026-05-09,2026-05-09,,,monthly,48,200,200,GBP,paid,2026-05-09T11:12:00
se_002871,co_0354,renewal,Small,,2026-06-09,2026-06-09,,,monthly,48,200,200,GBP,paid,2026-06-09T11:18:00
se_002872,co_0355,trial_start,Medium,,,,,2023-12-03,annual,164,0,0,GBP,not_applicable,2023-11-26T10:42:00
se_002873,co_0355,converted,Medium,,2023-12-04,2023-12-04,,,annual,164,750,9000,GBP,paid,2023-12-04T09:41:00
se_002874,co_0355,renewal,Medium,,2024-12-23,2024-12-04,,,annual,164,750,9000,GBP,paid,2024-12-04T08:06:00
se_002875,co_0355,renewal,Medium,,2025-12-04,2025-12-04,,,annual,164,750,9000,GBP,paid,2025-12-04T11:04:00
se_002876,co_0356,trial_start,Large,,,,,2024-11-05,monthly,969,0,0,GBP,not_applicable,2024-10-29T11:41:00
se_002877,co_0356,converted,Large,,2024-11-08,2024-11-08,,,monthly,969,1500,1500,GBP,paid,2024-11-08T11:19:00
se_002878,co_0356,renewal,Large,,2024-12-08,2024-12-08,,,monthly,969,1500,1500,GBP,paid,2024-12-08T14:13:00
se_002879,co_0356,renewal,Large,,2025-01-08,2025-01-08,,,monthly,969,1500,1500,GBP,paid,2025-01-08T17:38:00
se_002880,co_0356,renewal,Large,,2025-02-15,2025-02-08,,,monthly,969,1500,1500,GBP,paid,2025-02-08T15:29:00
se_002881,co_0356,renewal,Large,,2025-03-08,2025-03-08,,,monthly,969,1500,1500,GBP,paid,2025-03-08T12:16:00
se_002882,co_0356,renewal,Large,,2025-04-08,2025-04-08,,,monthly,969,1500,1500,GBP,paid,2025-04-08T18:55:00
se_002883,co_0356,renewal,Large,,2025-05-08,2025-05-08,,,monthly,969,1500,1500,GBP,paid,2025-05-08T18:33:00
se_002884,co_0356,renewal,Large,,2025-06-08,2025-06-08,,,monthly,969,1500,1500,GBP,paid,2025-06-08T13:25:00
se_002885,co_0356,renewal,Large,,2025-07-08,2025-07-08,,,monthly,969,1500,1500,GBP,paid,2025-07-08T08:38:00
se_002886,co_0356,renewal,Large,,2025-08-08,2025-08-08,,,monthly,969,1500,1500,GBP,paid,2025-08-08T09:20:00
se_002887,co_0356,renewal,Large,,2025-09-08,2025-09-08,,,monthly,969,1500,1500,GBP,paid,2025-09-08T11:06:00
se_002888,co_0356,renewal,Large,,2025-10-08,2025-10-08,,,monthly,969,1500,1500,GBP,paid,2025-10-08T16:14:00
se_002889,co_0356,renewal,Large,,2025-11-08,2025-11-08,,,monthly,969,1500,1500,GBP,paid,2025-11-08T08:32:00
se_002890,co_0356,renewal,Large,,2025-12-08,2025-12-08,,,monthly,969,1500,1500,GBP,paid,2025-12-08T09:52:00
se_002891,co_0356,renewal,Large,,2026-01-08,2026-01-08,,,monthly,969,1500,1500,GBP,paid,2026-01-08T09:55:00
se_002892,co_0356,renewal,Large,,2026-02-08,2026-02-08,,,monthly,969,1500,1500,GBP,paid,2026-02-08T09:54:00
se_002893,co_0356,renewal,Large,,,2026-03-08,,,monthly,969,1500,1500,GBP,paid,2026-03-08T19:09:00
se_002894,co_0356,renewal,Large,,2026-04-08,2026-04-08,,,monthly,969,1500,1500,GBP,paid,2026-04-08T10:45:00
se_002895,co_0356,renewal,Large,,2026-05-08,2026-05-08,,,monthly,969,1500,1500,GBP,paid,2026-05-08T18:07:00
se_002896,co_0356,renewal,Large,,2026-06-08,2026-06-08,,,monthly,969,1500,1500,GBP,paid,2026-06-08T14:15:00
se_002897,co_0357,trial_start,Small,,,,,2024-07-07,annual,95,0,0,GBP,not_applicable,2024-06-30T15:08:00
se_002898,co_0358,trial_start,Small,,,,,2025-02-11,monthly,70,0,0,GBP,not_applicable,2025-02-04T11:21:00
se_002899,co_0358,converted,Small,,2025-02-09,2025-02-09,,,monthly,70,200,200,GBP,paid,2025-02-09T08:30:00
se_002900,co_0358,renewal,Small,,2025-03-09,2025-03-09,,,monthly,70,200,200,GBP,paid,2025-03-09T08:05:00
se_002901,co_0358,renewal,Small,,2025-04-09,2025-04-09,,,monthly,70,200,200,GBP,paid,2025-04-09T11:02:00
se_002902,co_0358,renewal,Small,,2025-05-26,2025-05-09,,,monthly,70,200,200,GBP,paid,2025-05-09T08:34:00
se_002903,co_0358,renewal,Small,,2025-06-09,2025-06-09,,,monthly,70,200,200,GBP,paid,2025-06-09T18:27:00
se_002904,co_0358,renewal,Small,,2025-07-09,2025-07-09,,,monthly,70,200,200,GBP,paid,2025-07-09T19:11:00
se_002905,co_0358,renewal,Small,,2025-08-09,2025-08-09,,,monthly,70,200,200,GBP,paid,2025-08-09T14:45:00
se_002906,co_0358,renewal,Small,,2025-09-09,2025-09-09,,,monthly,70,200,200,GBP,paid,2025-09-09T19:09:00
se_002907,co_0358,renewal,Small,,2025-10-09,2025-10-09,,,monthly,70,200,200,GBP,paid,2025-10-09T17:04:00
se_002908,co_0358,renewal,Small,,2025-11-09,2025-11-09,,,monthly,70,200,200,GBP,paid,2025-11-09T09:25:00
se_002909,co_0358,renewal,Small,,2025-12-09,2025-12-09,,,monthly,70,200,200,GBP,paid,2025-12-09T12:30:00
se_002910,co_0358,renewal,Small,,2026-01-27,2026-01-09,,,monthly,70,200,200,GBP,paid,2026-01-09T18:47:00
se_002911,co_0358,renewal,Small,,2026-02-09,2026-02-09,,,monthly,70,200,200,GBP,paid,2026-02-09T09:46:00
se_002912,co_0358,upgrade,Medium,Small,2026-02-15,2026-02-15,,,monthly,70,750,750,GBP,paid,2026-02-15T11:56:00
se_002913,co_0358,renewal,Medium,,2026-03-09,2026-03-09,,,monthly,70,750,750,GBP,paid,2026-03-09T11:58:00
se_002914,co_0358,renewal,Medium,,2026-04-09,2026-04-09,,,monthly,70,750,750,GBP,paid,2026-04-09T18:52:00
se_002915,co_0358,renewal,Medium,,2026-05-09,2026-05-09,,,monthly,70,750,750,GBP,paid,2026-05-09T18:54:00
se_002916,co_0358,renewal,Medium,,2026-06-09,2026-06-09,,,monthly,70,750,750,GBP,paid,2026-06-09T16:57:00
se_002917,co_0359,trial_start,Medium,,,,,2026-06-12,monthly,215,0,0,GBP,not_applicable,2026-06-05T13:27:00
se_002918,co_0360,trial_start,Medium,,,,,2026-04-24,monthly,153,0,0,EUR,not_applicable,2026-04-17T16:35:00
se_002919,co_0360,converted,Medium,,2026-04-19,2026-04-19,,,monthly,153,750,750,EUR,paid,2026-04-19T12:54:00
se_002920,co_0360,renewal,Medium,,2026-05-19,2026-05-19,,,monthly,153,750,750,EUR,paid,2026-05-19T08:06:00
se_002921,co_0360,renewal,Medium,,2026-06-19,2026-06-19,,,monthly,153,750,750,EUR,paid,2026-06-19T11:33:00
se_002922,co_0361,trial_start,Small,,,,,2026-03-10,monthly,47,0,0,GBP,not_applicable,2026-03-03T18:25:00
se_002923,co_0361,converted,Small,,2026-03-12,2026-03-12,,,monthly,47,200,200,GBP,paid,2026-03-12T12:46:00
se_002924,co_0361,payment_failed,Small,,2026-04-12,2026-04-12,,,monthly,47,200,200,GBP,failed,2026-04-12T15:17:00
se_002925,co_0361,renewal,Small,,2026-05-12,2026-05-12,,,monthly,47,200,200,GBP,paid,2026-05-12T18:38:00
se_002926,co_0361,renewal,Small,,2026-06-12,2026-06-12,,,monthly,47,200,200,GBP,paid,2026-06-12T15:16:00
se_002927,co_0362,trial_start,Small,,,,,2025-07-25,monthly,53,0,0,GBP,not_applicable,2025-07-18T09:34:00
se_002928,co_0362,converted,Small,,2025-07-23,2025-07-23,,,monthly,53,200,200,GBP,paid,2025-07-23T14:53:00
se_002929,co_0362,renewal,Small,,2025-08-23,2025-08-23,,,monthly,53,200,200,GBP,paid,2025-08-23T19:03:00
se_002930,co_0362,renewal,Small,,2025-09-23,2025-09-23,,,monthly,53,200,200,GBP,paid,2025-09-23T18:41:00
se_002931,co_0362,renewal,Small,,2025-10-23,2025-10-23,,,monthly,53,200,200,GBP,paid,2025-10-23T14:44:00
se_002932,co_0362,renewal,Small,,2025-11-23,2025-11-23,,,monthly,53,200,200,GBP,paid,2025-11-23T19:13:00
se_002933,co_0362,renewal,Small,,2025-12-23,2025-12-23,,,monthly,53,200,200,GBP,paid,2025-12-23T09:49:00
se_002934,co_0362,renewal,Small,,2026-01-23,2026-01-23,,,monthly,53,200,200,GBP,paid,2026-01-23T14:19:00
se_002935,co_0362,renewal,Small,,2026-02-23,2026-02-23,,,monthly,53,200,200,GBP,paid,2026-02-23T11:39:00
se_002936,co_0362,renewal,Small,,2026-03-23,2026-03-23,,,monthly,53,200,200,GBP,paid,2026-03-23T10:09:00
se_002937,co_0362,renewal,Small,,2026-04-23,2026-04-23,,,monthly,53,200,200,GBP,paid,2026-04-23T10:13:00
se_002938,co_0362,renewal,Small,,2026-05-23,2026-05-23,,,monthly,53,200,200,GBP,paid,2026-05-23T09:33:00
se_002939,co_0362,renewal,Small,,2026-06-23,2026-06-23,,,monthly,53,200,200,GBP,paid,2026-06-23T13:11:00
se_002940,co_0363,trial_start,Large,,,,,2024-11-12,monthly,619,0,0,GBP,not_applicable,2024-11-05T10:37:00
se_002941,co_0363,converted,Large,,2024-11-14,2024-11-14,,,monthly,619,1500,1500,GBP,paid,2024-11-14T13:07:00
se_002942,co_0363,renewal,Large,,2024-12-14,2024-12-14,,,monthly,619,1500,1500,GBP,paid,2024-12-14T11:57:00
se_002943,co_0363,renewal,Large,,2025-01-14,2025-01-14,,,monthly,619,1500,1500,GBP,paid,2025-01-14T14:34:00
se_002944,co_0363,renewal,Large,,2025-02-14,2025-02-14,,,monthly,619,1500,1500,GBP,paid,2025-02-14T13:54:00
se_002945,co_0363,renewal,Large,,2025-03-14,2025-03-14,,,monthly,619,1500,1500,GBP,paid,2025-03-14T16:47:00
se_002946,co_0363,renewal,Large,,2025-04-14,2025-04-14,,,monthly,619,1500,1500,GBP,paid,2025-04-14T18:16:00
se_002947,co_0363,renewal,Large,,2025-05-14,2025-05-14,,,monthly,619,1500,1500,GBP,paid,2025-05-14T10:16:00
se_002948,co_0363,renewal,Large,,2025-06-14,2025-06-14,,,monthly,619,1500,1500,GBP,paid,2025-06-14T14:32:00
se_002949,co_0363,renewal,Large,,2025-07-14,2025-07-14,,,monthly,619,1500,1500,GBP,paid,2025-07-14T10:25:00
se_002950,co_0363,renewal,Large,,2025-08-14,2025-08-14,,,monthly,619,1500,1500,GBP,paid,2025-08-14T19:16:00
se_002951,co_0363,renewal,Large,,2025-09-14,2025-09-14,,,monthly,619,1500,1500,GBP,paid,2025-09-14T18:10:00
se_002952,co_0363,renewal,Large,,2025-10-14,2025-10-14,,,monthly,619,1500,1500,GBP,paid,2025-10-14T14:21:00
se_002953,co_0363,renewal,large,,2025-11-14,2025-11-14,,,monthly,619,1500,1500,GBP,paid,2025-11-14T15:44:00
se_002954,co_0363,renewal,Large,,2025-12-14,2025-12-14,,,monthly,619,1500,1500,GBP,paid,2025-12-14T10:40:00
se_002955,co_0363,renewal,Large,,2026-01-14,2026-01-14,,,monthly,619,1500,1500,GBP,paid,2026-01-14T14:18:00
se_002956,co_0363,renewal,Large,,2026-02-14,2026-02-14,,,monthly,619,1500,1500,GBP,paid,2026-02-14T08:45:00
se_002957,co_0363,renewal,Large,,2026-03-14,2026-03-14,,,monthly,619,1500,1500,GBP,paid,2026-03-14T09:02:00
se_002958,co_0363,renewal,Large,,2026-04-14,2026-04-14,,,monthly,619,1500,1500,GBP,paid,2026-04-14T14:04:00
se_002959,co_0363,renewal,Large,,2026-05-14,2026-05-14,,,monthly,619,1500,1500,GBP,paid,2026-05-14T19:05:00
se_002960,co_0363,renewal,Large,,2026-06-14,2026-06-14,,,monthly,619,1500,1500,GBP,paid,2026-06-14T09:35:00
se_002961,co_0364,trial_start,Small,,,,,2024-05-14,annual,62,0,0,GBP,not_applicable,2024-05-07T13:35:00
se_002962,co_0364,converted,Small,,2024-05-12,2024-05-12,,,annual,62,200,2400,GBP,paid,2024-05-12T14:25:00
se_002963,co_0364,renewal,Small,,2025-05-12,2025-05-12,,,annual,62,200,2400,GBP,paid,2025-05-12T18:17:00
se_002964,co_0364,renewal,Small,,2026-05-12,2026-05-12,,,annual,62,200,2400,GBP,paid,2026-05-12T12:07:00
se_002965,co_0365,trial_start,Small,,,,,2024-06-12,monthly,93,0,0,GBP,not_applicable,2024-06-05T19:07:00
se_002966,co_0365,converted,Small,,2024-06-08,2024-06-08,,,monthly,93,200,200,GBP,paid,2024-06-08T19:33:00
se_002967,co_0365,renewal,Small,,2024-07-08,2024-07-08,,,monthly,93,200,200,GBP,paid,2024-07-08T18:57:00
se_002968,co_0365,renewal,Small,,2024-08-08,2024-08-08,,,monthly,93,200,200,GBP,paid,2024-08-08T14:30:00
se_002969,co_0365,renewal,Small,,2024-09-08,2024-09-08,,,monthly,93,200,200,GBP,paid,2024-09-08T10:20:00
se_002970,co_0365,renewal,Small,,2024-10-08,2024-10-08,,,monthly,93,200,200,GBP,paid,2024-10-08T13:28:00
se_002971,co_0365,renewal,Small,,2024-11-08,2024-11-08,,,monthly,93,200,200,GBP,paid,2024-11-08T12:05:00
se_002972,co_0365,renewal,Small,,2024-12-08,2024-12-08,,,monthly,93,200,200,GBP,paid,2024-12-08T14:46:00
se_002973,co_0365,renewal,Small,,2025-01-08,2025-01-08,,,monthly,93,200,200,GBP,paid,2025-01-08T08:54:00
se_002974,co_0365,renewal,Small,,2025-02-08,2025-02-08,,,monthly,93,200,200,GBP,paid,2025-02-08T08:50:00
se_002975,co_0365,renewal,Small,,2025-03-08,2025-03-08,,,monthly,93,200,200,GBP,paid,2025-03-08T08:24:00
se_002976,co_0365,renewal,Small,,2025-04-08,2025-04-08,,,monthly,93,200,200,GBP,paid,2025-04-08T10:06:00
se_002977,co_0365,renewal,Small,,2025-05-08,2025-05-08,,,monthly,93,200,200,GBP,paid,2025-05-08T11:06:00
se_002978,co_0365,renewal,Small,,2025-06-08,2025-06-08,,,monthly,93,200,200,GBP,paid,2025-06-08T14:24:00
se_002979,co_0365,upgrade,Medium,Small,2025-06-29,2025-06-29,,,monthly,93,750,750,GBP,paid,2025-06-29T16:41:00
se_002980,co_0365,renewal,Medium,,2025-07-08,2025-07-08,,,monthly,93,750,750,GBP,paid,2025-07-08T14:34:00
se_002981,co_0365,renewal,Medium,,2025-08-08,2025-08-08,,,monthly,93,750,750,GBP,paid,2025-08-08T13:57:00
se_002982,co_0365,renewal,Medium,,2025-09-08,2025-09-08,,,monthly,93,750,750,GBP,paid,2025-09-08T13:31:00
se_002983,co_0365,renewal,Medium,,2025-10-15,2025-10-08,,,monthly,93,750,750,GBP,paid,2025-10-08T19:42:00
se_002984,co_0365,renewal,Medium,,2025-11-08,2025-11-08,,,monthly,93,750,750,GBP,paid,2025-11-08T10:38:00
se_002985,co_0365,renewal,Medium,,2025-12-08,2025-12-08,,,monthly,93,750,750,GBP,paid,2025-12-08T11:23:00
se_002986,co_0365,renewal,Medium,,2026-01-28,2026-01-08,,,monthly,93,750,750,GBP,paid,2026-01-08T11:30:00
se_002987,co_0365,renewal,Medium,,2026-02-08,2026-02-08,,,monthly,93,750,750,GBP,paid,2026-02-08T16:39:00
se_002988,co_0365,payment_failed,Medium,,2026-03-08,2026-03-08,,,monthly,93,750,750,GBP,failed,2026-03-08T17:31:00
se_002989,co_0365,payment_recovered,Medium,,2026-03-17,2026-03-17,,,monthly,93,750,750,GBP,paid,2026-03-17T18:31:00
se_002990,co_0365,renewal,Medium,,2026-04-08,2026-04-08,,,monthly,93,750,750,GBP,paid,2026-04-08T09:13:00
se_002991,co_0365,renewal,Medium,,2026-05-08,2026-05-08,,,monthly,93,750,750,GBP,paid,2026-05-08T13:25:00
se_002992,co_0365,renewal,Medium,,2026-06-08,2026-06-08,,,monthly,93,750,750,GBP,paid,2026-06-08T09:27:00
se_002993,co_0366,trial_start,Medium,,,,,2024-03-07,annual,314,0,0,GBP,not_applicable,2024-02-29T13:56:00
se_002994,co_0367,trial_start,Small,,,,,2025-03-29,monthly,47,0,0,GBP,not_applicable,2025-03-22T09:19:00
se_002995,co_0367,converted,Small,,2025-03-24,2025-03-24,,,monthly,47,200,200,GBP,paid,2025-03-24T08:17:00
se_002996,co_0367,renewal,Small,,2025-04-24,2025-04-24,,,monthly,47,200,200,GBP,paid,2025-04-24T18:32:00
se_002997,co_0367,renewal,Small,,2025-06-05,2025-05-24,,,monthly,47,200,200,GBP,paid,2025-05-24T12:38:00
se_002998,co_0367,renewal,Small,,2025-06-24,2025-06-24,,,monthly,47,200,200,GBP,paid,2025-06-24T18:45:00
se_002999,co_0367,renewal,Small,,,2025-07-24,,,monthly,47,200,200,GBP,paid,2025-07-24T12:52:00
se_003000,co_0367,renewal,Small,,2025-08-24,2025-08-24,,,monthly,47,200,200,GBP,paid,2025-08-24T19:48:00
se_003001,co_0367,cancellation_scheduled,Small,,,2025-08-24,,,monthly,47,200,200,GBP,not_applicable,2025-08-24T14:04:00
se_003002,co_0367,voluntary_churn,Small,,,2025-09-12,2025-09-12,,monthly,47,200,0,GBP,not_applicable,2025-09-12T09:13:00
se_003003,co_0368,trial_start,Small,,,,,2025-07-27,monthly,57,0,0,GBP,not_applicable,2025-07-20T19:46:00
se_003004,co_0369,trial_start,Small,,,,,2025-10-29,annual,49,0,0,GBP,not_applicable,2025-10-22T11:50:00
se_003005,co_0370,trial_start,Small,,,,,2024-06-29,annual,104,0,0,GBP,not_applicable,2024-06-22T11:57:00
se_003006,co_0370,converted,Small,,2024-06-25,2024-06-25,,,annual,104,200,2400,GBP,paid,2024-06-25T13:37:00
se_003007,co_0370,renewal,Small,,2025-06-25,2025-06-25,,,annual,104,200,2400,GBP,paid,2025-06-25T17:33:00
se_003008,co_0370,renewal,Small,,2026-06-25,2026-06-25,,,annual,104,200,2400,GBP,paid,2026-06-25T15:40:00
se_003009,co_0371,trial_start,Medium,,,,,2025-11-25,monthly,235,0,0,GBP,not_applicable,2025-11-18T12:37:00
se_003010,co_0372,trial_start,Medium,,,,,2025-02-12,monthly,200,0,0,GBP,not_applicable,2025-02-05T08:10:00
se_003011,co_0373,trial_start,Medium,,,,,2025-06-21,monthly,200,0,0,GBP,not_applicable,2025-06-14T08:01:00
se_003012,co_0373,converted,Medium,,2025-06-20,2025-06-20,,,monthly,200,750,750,GBP,paid,2025-06-20T16:26:00
se_003013,co_0373,renewal,Medium,,2025-07-20,2025-07-20,,,monthly,200,750,750,GBP,paid,2025-07-20T08:57:00
se_003014,co_0373,renewal,Medium,,2025-08-20,2025-08-20,,,monthly,200,750,750,GBP,paid,2025-08-20T18:39:00
se_003015,co_0373,renewal,Medium,,2025-09-20,2025-09-20,,,monthly,200,750,750,GBP,paid,2025-09-20T18:15:00
se_003016,co_0373,renewal,Medium,,2025-10-20,2025-10-20,,,monthly,200,750,750,GBP,paid,2025-10-20T17:13:00
se_003017,co_0373,renewal,Medium,,2025-11-20,2025-11-20,,,monthly,200,750,750,GBP,paid,2025-11-20T14:21:00
se_003018,co_0373,renewal,Medium,,2025-12-20,2025-12-20,,,monthly,200,750,750,GBP,paid,2025-12-20T12:56:00
se_003019,co_0373,renewal,Medium,,2026-01-20,2026-01-20,,,monthly,200,750,750,GBP,paid,2026-01-20T15:31:00
se_003020,co_0373,renewal,Medium,,2026-02-20,2026-02-20,,,monthly,200,750,750,GBP,paid,2026-02-20T09:33:00
se_003021,co_0373,renewal,Medium,,2026-03-20,2026-03-20,,,monthly,200,750,750,GBP,paid,2026-03-20T12:32:00
se_003022,co_0373,renewal,Medium,,2026-04-20,2026-04-20,,,monthly,200,750,750,GBP,paid,2026-04-20T11:36:00
se_003023,co_0373,renewal,Medium,,2026-05-20,2026-05-20,,,monthly,200,750,750,GBP,paid,2026-05-20T19:56:00
se_003024,co_0373,renewal,Medium,,2026-06-29,2026-06-20,,,monthly,200,750,750,GBP,paid,2026-06-20T12:55:00
se_003025,co_0374,trial_start,Medium,,,,,2024-12-30,annual,176,0,0,GBP,not_applicable,2024-12-23T17:27:00
se_003026,co_0375,trial_start,Medium,,,,,2024-02-10,monthly,427,0,0,GBP,not_applicable,2024-02-03T12:22:00
se_003027,co_0376,trial_start,Small,,,,,2023-11-18,annual,102,0,0,GBP,not_applicable,2023-11-11T18:10:00
se_003028,co_0376,converted,Small,,2023-11-18,2023-11-18,,,annual,102,200,2400,GBP,paid,2023-11-18T12:32:00
se_003029,co_0376,renewal,Small,,2024-11-18,2024-11-18,,,annual,102,200,2400,GBP,paid,2024-11-18T19:28:00
se_003030,co_0376,renewal,Small,,2025-11-18,2025-11-18,,,annual,102,200,2400,GBP,paid,2025-11-18T10:30:00
se_003031,co_0377,trial_start,Large,,,,,2026-01-04,annual,756,0,0,GBP,not_applicable,2025-12-28T10:41:00
se_003032,co_0377,converted,Large,,,2026-01-04,,,annual,756,1500,18000,GBP,paid,2026-01-04T13:27:00
se_003033,co_0378,trial_start,Small,,,,,2025-02-10,monthly,64,0,0,GBP,not_applicable,2025-02-03T10:13:00
se_003034,co_0378,converted,Small,,2025-02-08,2025-02-08,,,monthly,64,200,200,GBP,paid,2025-02-08T16:10:00
se_003035,co_0378,renewal,Small,,2025-03-08,2025-03-08,,,monthly,64,200,200,GBP,paid,2025-03-08T11:28:00
se_003036,co_0378,renewal,Small,,2025-04-08,2025-04-08,,,monthly,64,200,200,GBP,paid,2025-04-08T12:14:00
se_003037,co_0378,renewal,Small,,2025-05-08,2025-05-08,,,monthly,64,200,200,GBP,paid,2025-05-08T17:58:00
se_003038,co_0378,payment_failed,Small,,2025-06-08,2025-06-08,,,monthly,64,200,200,GBP,failed,2025-06-08T08:49:00
se_003039,co_0378,renewal,Small,,2025-07-08,2025-07-08,,,monthly,64,200,200,GBP,paid,2025-07-08T17:04:00
se_003040,co_0378,renewal,Small,,2025-08-08,2025-08-08,,,monthly,64,200,200,GBP,paid,2025-08-08T09:57:00
se_003041,co_0378,renewal,Small,,2025-09-08,2025-09-08,,,monthly,64,200,200,GBP,paid,2025-09-08T12:55:00
se_003042,co_0378,renewal,Small,,2025-10-28,2025-10-08,,,monthly,64,200,200,GBP,paid,2025-10-08T10:29:00
se_003043,co_0378,renewal,Small,,2025-11-08,2025-11-08,,,monthly,64,200,200,GBP,paid,2025-11-08T17:07:00
se_003044,co_0378,renewal,Small,,2025-12-08,2025-12-08,,,monthly,64,200,200,GBP,paid,2025-12-08T12:29:00
se_003045,co_0378,renewal,Small,,2026-01-08,2026-01-08,,,monthly,64,200,200,GBP,paid,2026-01-08T19:49:00
se_003046,co_0378,renewal,Small,,2026-02-08,2026-02-08,,,monthly,64,200,200,GBP,paid,2026-02-08T12:11:00
se_003047,co_0378,renewal,Small,,,2026-03-08,,,monthly,64,200,200,GBP,paid,2026-03-08T13:21:00
se_003048,co_0378,renewal,Small,,2026-04-08,2026-04-08,,,monthly,64,200,200,GBP,paid,2026-04-08T11:13:00
se_003049,co_0378,renewal,Small,,2026-05-08,2026-05-08,,,monthly,64,200,200,GBP,paid,2026-05-08T14:36:00
se_003050,co_0378,renewal,Small,,2026-06-08,2026-06-08,,,monthly,64,200,200,GBP,paid,2026-06-08T16:05:00
se_003051,co_0379,trial_start,Small,,,,,2024-02-18,monthly,94,0,0,GBP,not_applicable,2024-02-11T09:26:00
se_003052,co_0379,converted,Small,,2024-02-18,2024-02-18,,,monthly,94,200,200,GBP,paid,2024-02-18T17:31:00
se_003053,co_0379,renewal,Small,,2024-03-18,2024-03-18,,,monthly,94,200,200,GBP,paid,2024-03-18T15:29:00
se_003054,co_0379,renewal,Small,,2024-04-18,2024-04-18,,,monthly,94,200,200,GBP,paid,2024-04-18T13:28:00
se_003055,co_0379,renewal,Small,,2024-05-18,2024-05-18,,,monthly,94,200,200,GBP,paid,2024-05-18T08:51:00
se_003056,co_0379,renewal,Small,,2024-06-18,2024-06-18,,,monthly,94,200,200,GBP,paid,2024-06-18T11:48:00
se_003057,co_0379,renewal,Small,,2024-07-18,2024-07-18,,,monthly,94,200,200,GBP,paid,2024-07-18T11:13:00
se_003058,co_0379,renewal,Small,,2024-08-18,2024-08-18,,,monthly,94,200,200,GBP,paid,2024-08-18T11:28:00
se_003059,co_0379,renewal,Small,,2024-10-06,2024-09-18,,,monthly,94,200,200,GBP,paid,2024-09-18T17:00:00
se_003060,co_0379,renewal,Small,,2024-10-18,2024-10-18,,,monthly,94,200,200,GBP,paid,2024-10-18T10:54:00
se_003061,co_0379,renewal,Small,,2024-11-18,2024-11-18,,,monthly,94,200,200,GBP,paid,2024-11-18T19:13:00
se_003062,co_0379,renewal,Small,,2024-12-18,2024-12-18,,,monthly,94,200,200,GBP,paid,2024-12-18T12:26:00
se_003063,co_0379,renewal,Small,,2025-01-18,2025-01-18,,,monthly,94,200,200,GBP,paid,2025-01-18T09:23:00
se_003064,co_0379,renewal,Small,,2025-02-18,2025-02-18,,,monthly,94,200,200,GBP,paid,2025-02-18T15:10:00
se_003065,co_0379,renewal,Small,,2025-03-18,2025-03-18,,,monthly,94,200,200,GBP,paid,2025-03-18T10:40:00
se_003066,co_0379,renewal,Small,,2025-04-18,2025-04-18,,,monthly,94,200,200,GBP,paid,2025-04-18T08:13:00
se_003067,co_0379,renewal,Small,,2025-05-18,2025-05-18,,,monthly,94,200,200,GBP,paid,2025-05-18T16:58:00
se_003068,co_0379,renewal,Small,,2025-06-18,2025-06-18,,,monthly,94,200,200,GBP,paid,2025-06-18T10:22:00
se_003069,co_0379,renewal,Small,,2025-07-18,2025-07-18,,,monthly,94,200,200,GBP,paid,2025-07-18T18:47:00
se_003070,co_0379,renewal,Small,,2025-08-18,2025-08-18,,,monthly,94,200,200,GBP,paid,2025-08-18T09:22:00
se_003071,co_0379,renewal,Small,,2025-09-18,2025-09-18,,,monthly,94,200,200,GBP,paid,2025-09-18T11:11:00
se_003072,co_0379,renewal,Small,,2025-10-18,2025-10-18,,,monthly,94,200,200,GBP,paid,2025-10-18T19:56:00
se_003073,co_0379,renewal,Small,,2025-11-18,2025-11-18,,,monthly,94,200,200,GBP,paid,2025-11-18T16:20:00
se_003074,co_0379,renewal,Small,,2025-12-18,2025-12-18,,,monthly,94,200,200,GBP,paid,2025-12-18T09:47:00
se_003075,co_0379,renewal,Small,,2026-01-18,2026-01-18,,,monthly,94,200,200,GBP,paid,2026-01-18T13:33:00
se_003076,co_0379,renewal,Small,,2026-02-18,2026-02-18,,,monthly,94,200,200,GBP,paid,2026-02-18T10:37:00
se_003077,co_0379,renewal,Small,,2026-03-18,2026-03-18,,,monthly,94,200,200,GBP,paid,2026-03-18T15:56:00
se_003078,co_0379,renewal,Small,,2026-04-18,2026-04-18,,,monthly,94,200,200,GBP,paid,2026-04-18T12:05:00
se_003079,co_0379,payment_failed,Small,,2026-05-18,2026-05-18,,,monthly,94,200,200,GBP,failed,2026-05-18T18:18:00
se_003080,co_0379,payment_recovered,Small,,2026-05-22,2026-05-22,,,monthly,94,200,200,GBP,paid,2026-05-22T10:41:00
se_003081,co_0379,renewal,Small,,2026-06-18,2026-06-18,,,monthly,94,200,200,GBP,paid,2026-06-18T08:49:00
se_003082,co_0380,trial_start,Small,,,,,2024-04-27,monthly,94,0,0,GBP,not_applicable,2024-04-20T12:55:00
se_003083,co_0380,converted,Small,,2024-04-22,2024-04-22,,,monthly,94,200,200,GBP,paid,2024-04-22T10:34:00
se_003084,co_0380,renewal,Small,,2024-05-22,2024-05-22,,,monthly,94,200,200,GBP,paid,2024-05-22T12:56:00
se_003085,co_0380,renewal,Small,,2024-06-22,2024-06-22,,,monthly,94,200,200,GBP,paid,2024-06-22T15:40:00
se_003086,co_0380,renewal,Small,,2024-07-22,2024-07-22,,,monthly,94,200,200,GBP,paid,2024-07-22T19:31:00
se_003087,co_0380,renewal,Small,,2024-08-22,2024-08-22,,,monthly,94,200,200,GBP,paid,2024-08-22T11:22:00
se_003088,co_0380,renewal,Small,,2024-09-22,2024-09-22,,,monthly,94,200,200,GBP,paid,2024-09-22T09:42:00
se_003089,co_0380,renewal,SMALL,,2024-10-22,2024-10-22,,,monthly,94,200,200,GBP,paid,2024-10-22T11:06:00
se_003090,co_0380,renewal,Small,,2024-11-22,2024-11-22,,,monthly,94,200,200,GBP,paid,2024-11-22T12:32:00
se_003091,co_0380,renewal,Small,,2024-12-22,2024-12-22,,,monthly,94,200,200,GBP,paid,2024-12-22T17:36:00
se_003092,co_0380,renewal,Small,,2025-01-22,2025-01-22,,,monthly,94,200,200,GBP,paid,2025-01-22T14:05:00
se_003093,co_0380,renewal,Small,,2025-02-22,2025-02-22,,,monthly,94,200,200,GBP,paid,2025-02-22T19:13:00
se_003094,co_0380,renewal,Small,,2025-03-22,2025-03-22,,,monthly,94,200,200,GBP,paid,2025-03-22T11:15:00
se_003095,co_0380,renewal,Small,,2025-04-22,2025-04-22,,,monthly,94,200,200,GBP,paid,2025-04-22T15:14:00
se_003096,co_0380,renewal,Small,,2025-05-22,2025-05-22,,,monthly,94,200,200,GBP,paid,2025-05-22T16:15:00
se_003097,co_0380,renewal,Small,,2025-06-22,2025-06-22,,,monthly,94,200,200,GBP,paid,2025-06-22T14:55:00
se_003098,co_0380,renewal,Small,,2025-07-22,2025-07-22,,,monthly,94,200,200,GBP,paid,2025-07-22T15:30:00
se_003099,co_0380,renewal,Small,,2025-08-22,2025-08-22,,,monthly,94,200,200,GBP,paid,2025-08-22T08:51:00
se_003100,co_0380,renewal,Small,,2025-09-22,2025-09-22,,,monthly,94,200,200,GBP,paid,2025-09-22T15:47:00
se_003101,co_0380,renewal,Small,,2025-10-22,2025-10-22,,,monthly,94,200,200,GBP,paid,2025-10-22T13:28:00
se_003102,co_0380,renewal,Small,,2025-11-22,2025-11-22,,,monthly,94,200,200,GBP,paid,2025-11-22T16:51:00
se_003103,co_0380,renewal,Small,,2025-12-22,2025-12-22,,,monthly,94,200,200,GBP,paid,2025-12-22T18:59:00
se_003104,co_0380,renewal,Small,,2026-01-22,2026-01-22,,,monthly,94,200,200,GBP,paid,2026-01-22T15:31:00
se_003105,co_0380,renewal,Small,,2026-02-22,2026-02-22,,,monthly,94,200,200,GBP,paid,2026-02-22T15:04:00
se_003106,co_0380,renewal,Small,,2026-03-22,2026-03-22,,,monthly,94,200,200,GBP,paid,2026-03-22T16:08:00
se_003107,co_0380,renewal,Small,,2026-04-22,2026-04-22,,,monthly,94,200,200,GBP,paid,2026-04-22T14:46:00
se_003108,co_0380,renewal,Small,,2026-05-22,2026-05-22,,,monthly,94,200,200,GBP,paid,2026-05-22T11:55:00
se_003109,co_0380,renewal,Small,,2026-06-22,2026-06-22,,,monthly,94,200,200,GBP,paid,2026-06-22T19:23:00
se_003110,co_0381,trial_start,Small,,,,,2024-05-21,monthly,73,0,0,GBP,not_applicable,2024-05-14T16:28:00
se_003111,co_0381,converted,Small,,2024-05-22,2024-05-22,,,monthly,73,200,200,GBP,paid,2024-05-22T10:08:00
se_003112,co_0381,renewal,Small,,2024-06-22,2024-06-22,,,monthly,73,200,200,GBP,paid,2024-06-22T12:22:00
se_003113,co_0381,renewal,Small,,2024-07-22,2024-07-22,,,monthly,73,200,200,GBP,paid,2024-07-22T15:54:00
se_003114,co_0381,renewal,Small,,2024-08-22,2024-08-22,,,monthly,73,200,200,GBP,paid,2024-08-22T19:42:00
se_003115,co_0381,renewal,Small,,2024-09-22,2024-09-22,,,monthly,73,200,200,GBP,paid,2024-09-22T16:49:00
se_003116,co_0381,renewal,Small,,2024-10-22,2024-10-22,,,monthly,73,200,200,GBP,paid,2024-10-22T15:43:00
se_003117,co_0381,renewal,Small,,2024-11-22,2024-11-22,,,monthly,73,200,200,GBP,paid,2024-11-22T17:19:00
se_003118,co_0381,renewal,Small,,2024-12-22,2024-12-22,,,monthly,73,200,200,GBP,paid,2024-12-22T10:54:00
se_003119,co_0381,renewal,Small,,2025-02-07,2025-01-22,,,monthly,73,200,200,GBP,paid,2025-01-22T19:49:00
se_003120,co_0381,renewal,Small,,2025-02-22,2025-02-22,,,monthly,73,200,200,GBP,paid,2025-02-22T17:55:00
se_003121,co_0381,renewal,Small,,2025-03-22,2025-03-22,,,monthly,73,200,200,GBP,paid,2025-03-22T08:55:00
se_003122,co_0381,renewal,Small,,2025-04-22,2025-04-22,,,monthly,73,200,200,GBP,paid,2025-04-22T19:15:00
se_003123,co_0381,renewal,Small,,2025-05-22,2025-05-22,,,monthly,73,200,200,GBP,paid,2025-05-22T16:29:00
se_003124,co_0381,renewal,Small,,2025-06-22,2025-06-22,,,monthly,73,200,200,GBP,paid,2025-06-22T19:55:00
se_003125,co_0381,renewal,Small,,2025-07-22,2025-07-22,,,monthly,73,200,200,GBP,paid,2025-07-22T13:18:00
se_003126,co_0381,renewal,Small,,2025-08-22,2025-08-22,,,monthly,73,200,200,GBP,paid,2025-08-22T17:21:00
se_003127,co_0381,renewal,Small,,2025-09-22,2025-09-22,,,monthly,73,200,200,GBP,paid,2025-09-22T13:25:00
se_003128,co_0381,renewal,Small,,2025-10-22,2025-10-22,,,monthly,73,200,200,GBP,paid,2025-10-22T10:39:00
se_003129,co_0381,renewal,Small,,2025-11-22,2025-11-22,,,monthly,73,200,200,GBP,paid,2025-11-22T08:16:00
se_003130,co_0381,renewal,SMALL,,2025-12-22,2025-12-22,,,monthly,73,200,200,GBP,paid,2025-12-22T16:48:00
se_003131,co_0381,payment_failed,Small,,2026-01-22,2026-01-22,,,monthly,73,200,200,GBP,failed,2026-01-22T13:22:00
se_003132,co_0381,payment_recovered,Small,,2026-02-01,2026-02-01,,,monthly,73,200,200,GBP,paid,2026-02-01T10:20:00
se_003133,co_0381,renewal,Small,,2026-02-22,2026-02-22,,,monthly,73,200,200,GBP,paid,2026-02-22T14:32:00
se_003134,co_0381,renewal,Small,,2026-03-22,2026-03-22,,,monthly,73,200,200,GBP,paid,2026-03-22T13:55:00
se_003135,co_0381,renewal,Small,,2026-04-22,2026-04-22,,,monthly,73,200,200,GBP,paid,2026-04-22T12:24:00
se_003136,co_0381,renewal,Small,,2026-05-26,2026-05-22,,,monthly,73,200,200,GBP,paid,2026-05-22T11:42:00
se_003137,co_0381,renewal,Small,,2026-06-22,2026-06-22,,,monthly,73,200,200,GBP,paid,2026-06-22T10:45:00
se_003138,co_0382,trial_start,Small,,,,,2023-08-25,monthly,47,0,0,GBP,not_applicable,2023-08-18T11:13:00
se_003139,co_0382,converted,Small,,2023-08-21,2023-08-21,,,monthly,47,200,200,GBP,paid,2023-08-21T13:04:00
se_003140,co_0382,renewal,Small,,2023-09-21,2023-09-21,,,monthly,47,200,200,GBP,paid,2023-09-21T09:39:00
se_003141,co_0382,renewal,Small,,2023-10-21,2023-10-21,,,monthly,47,200,200,GBP,paid,2023-10-21T16:49:00
se_003142,co_0382,renewal,Small,,2023-11-21,2023-11-21,,,monthly,47,200,200,GBP,paid,2023-11-21T16:55:00
se_003143,co_0382,payment_failed,Small,,2023-12-21,2023-12-21,,,monthly,47,200,200,GBP,failed,2023-12-21T15:19:00
se_003144,co_0382,renewal,Small,,2024-02-05,2024-01-21,,,monthly,47,200,200,GBP,paid,2024-01-21T08:19:00
se_003145,co_0382,renewal,Small,,2024-02-21,2024-02-21,,,monthly,47,200,200,GBP,paid,2024-02-21T17:51:00
se_003146,co_0382,renewal,Small,,2024-03-21,2024-03-21,,,monthly,47,200,200,GBP,paid,2024-03-21T14:09:00
se_003147,co_0382,renewal,Small,,,2024-04-21,,,monthly,47,200,200,GBP,paid,2024-04-21T10:48:00
se_003148,co_0382,renewal,Small,,2024-05-21,2024-05-21,,,monthly,47,200,200,GBP,paid,2024-05-21T13:40:00
se_003149,co_0382,renewal,Small,,2024-06-21,2024-06-21,,,monthly,47,200,200,GBP,paid,2024-06-21T12:55:00
se_003150,co_0382,renewal,Small,,2024-07-21,2024-07-21,,,monthly,47,200,200,GBP,paid,2024-07-21T19:42:00
se_003151,co_0382,renewal,Small,,2024-08-21,2024-08-21,,,monthly,47,200,200,GBP,paid,2024-08-21T10:49:00
se_003152,co_0382,renewal,Small,,2024-09-21,2024-09-21,,,monthly,47,200,200,GBP,paid,2024-09-21T12:26:00
se_003153,co_0382,renewal,Small,,2024-10-21,2024-10-21,,,monthly,47,200,200,GBP,paid,2024-10-21T16:13:00
se_003154,co_0382,renewal,Small,,2024-11-21,2024-11-21,,,monthly,47,200,200,GBP,paid,2024-11-21T10:31:00
se_003155,co_0382,renewal,Small,,2024-12-21,2024-12-21,,,monthly,47,200,200,GBP,paid,2024-12-21T14:05:00
se_003156,co_0382,renewal,Small,,2025-01-21,2025-01-21,,,monthly,47,200,200,GBP,paid,2025-01-21T13:12:00
se_003157,co_0382,payment_failed,Small,,2025-02-21,2025-02-21,,,monthly,47,200,200,GBP,failed,2025-02-21T10:37:00
se_003158,co_0382,payment_recovered,Small,,2025-03-01,2025-03-01,,,monthly,47,200,200,GBP,paid,2025-03-01T13:07:00
se_003159,co_0382,renewal,Small,,2025-03-21,2025-03-21,,,monthly,47,200,200,GBP,paid,2025-03-21T12:58:00
se_003160,co_0382,renewal,Small ,,2025-04-21,2025-04-21,,,monthly,47,200,200,GBP,paid,2025-04-21T12:30:00
se_003161,co_0382,renewal,Small,,2025-05-21,2025-05-21,,,monthly,47,200,200,GBP,paid,2025-05-21T09:41:00
se_003162,co_0382,renewal,Small,,2025-06-21,2025-06-21,,,monthly,47,200,200,GBP,paid,2025-06-21T13:51:00
se_003163,co_0382,renewal,Small,,2025-07-21,2025-07-21,,,monthly,47,200,200,GBP,paid,2025-07-21T12:53:00
se_003164,co_0382,renewal,Small,,2025-08-21,2025-08-21,,,monthly,47,200,200,GBP,paid,2025-08-21T13:10:00
se_003165,co_0382,upgrade,Medium ,Small,2025-08-23,2025-08-23,,,monthly,47,750,750,GBP,paid,2025-08-23T09:18:00
se_003166,co_0382,renewal,Medium,,2025-09-21,2025-09-21,,,monthly,47,750,750,GBP,paid,2025-09-21T11:03:00
se_003167,co_0382,renewal,Medium,,2025-10-21,2025-10-21,,,monthly,47,750,750,GBP,paid,2025-10-21T17:26:00
se_003168,co_0382,renewal,Medium,,2025-11-21,2025-11-21,,,monthly,47,750,750,GBP,paid,2025-11-21T13:08:00
se_003169,co_0382,renewal,Medium,,2026-01-11,2025-12-21,,,monthly,47,750,750,GBP,paid,2025-12-21T16:41:00
se_003170,co_0382,renewal,Medium,,2026-01-21,2026-01-21,,,monthly,47,750,750,GBP,paid,2026-01-21T15:04:00
se_003171,co_0382,renewal,Medium,,2026-03-11,2026-02-21,,,monthly,47,750,750,GBP,paid,2026-02-21T09:36:00
se_003172,co_0382,renewal,Medium,,2026-03-21,2026-03-21,,,monthly,47,750,750,GBP,paid,2026-03-21T18:13:00
se_003173,co_0382,renewal,Medium,,2026-04-21,2026-04-21,,,monthly,47,750,750,GBP,paid,2026-04-21T13:49:00
se_003174,co_0382,renewal,Medium,,2026-05-21,2026-05-21,,,monthly,47,750,750,GBP,paid,2026-05-21T18:51:00
se_003175,co_0382,renewal,Medium,,2026-06-21,2026-06-21,,,monthly,47,750,750,GBP,paid,2026-06-21T16:15:00
se_003176,co_0383,trial_start,Small,,,,,2025-05-14,monthly,35,0,0,GBP,not_applicable,2025-05-07T12:37:00
se_003177,co_0384,trial_start,Medium,,,,,2023-11-25,monthly,114,0,0,GBP,not_applicable,2023-11-18T19:33:00
se_003178,co_0384,converted,Medium,,2023-11-25,2023-11-25,,,monthly,114,750,750,GBP,paid,2023-11-25T19:24:00
se_003179,co_0384,renewal,Medium ,,2023-12-25,2023-12-25,,,monthly,114,750,750,GBP,paid,2023-12-25T16:18:00
se_003180,co_0384,renewal,Medium,,2024-01-25,2024-01-25,,,monthly,114,750,750,GBP,paid,2024-01-25T19:06:00
se_003181,co_0384,renewal,Medium,,2024-02-25,2024-02-25,,,monthly,114,750,750,GBP,paid,2024-02-25T15:34:00
se_003182,co_0384,renewal,Medium,,2024-04-04,2024-03-25,,,monthly,114,750,750,GBP,paid,2024-03-25T10:02:00
se_003183,co_0384,renewal,Medium,,2024-04-25,2024-04-25,,,monthly,114,750,750,GBP,paid,2024-04-25T15:05:00
se_003184,co_0384,renewal,Medium,,2024-05-25,2024-05-25,,,monthly,114,750,750,GBP,paid,2024-05-25T11:14:00
se_003185,co_0384,payment_failed,Medium,,2024-06-25,2024-06-25,,,monthly,114,750,750,GBP,failed,2024-06-25T10:11:00
se_003186,co_0384,payment_recovered,Medium,,2024-07-10,2024-07-10,,,monthly,114,750,750,GBP,paid,2024-07-10T12:52:00
se_003187,co_0384,renewal,Medium,,2024-07-25,2024-07-25,,,monthly,114,750,750,GBP,paid,2024-07-25T14:18:00
se_003188,co_0384,renewal,Medium,,2024-08-25,2024-08-25,,,monthly,114,750,750,GBP,paid,2024-08-25T16:23:00
se_003189,co_0384,renewal,Medium,,2024-09-25,2024-09-25,,,monthly,114,750,750,GBP,paid,2024-09-25T19:24:00
se_003190,co_0384,renewal,Medium,,2024-10-25,2024-10-25,,,monthly,114,750,750,GBP,paid,2024-10-25T11:03:00
se_003191,co_0384,renewal,Medium,,2024-11-25,2024-11-25,,,monthly,114,750,750,GBP,paid,2024-11-25T18:09:00
se_003192,co_0384,renewal,Medium,,2024-12-25,2024-12-25,,,monthly,114,750,750,GBP,paid,2024-12-25T09:27:00
se_003193,co_0384,renewal,Medium,,2025-01-25,2025-01-25,,,monthly,114,750,750,GBP,paid,2025-01-25T15:02:00
se_003194,co_0384,renewal,Medium,,2025-02-25,2025-02-25,,,monthly,114,750,750,GBP,paid,2025-02-25T08:32:00
se_003195,co_0384,renewal,Medium,,2025-03-25,2025-03-25,,,monthly,114,750,750,GBP,paid,2025-03-25T16:04:00
se_003196,co_0384,renewal,Medium,,2025-04-25,2025-04-25,,,monthly,114,750,750,GBP,paid,2025-04-25T08:01:00
se_003197,co_0384,renewal,Medium,,2025-05-25,2025-05-25,,,monthly,114,750,750,GBP,paid,2025-05-25T14:47:00
se_003198,co_0384,renewal,Medium,,2025-06-25,2025-06-25,,,monthly,114,750,750,GBP,paid,2025-06-25T13:06:00
se_003199,co_0384,renewal,Medium,,2025-07-25,2025-07-25,,,monthly,114,750,750,GBP,paid,2025-07-25T10:47:00
se_003200,co_0384,renewal,Medium,,2025-08-25,2025-08-25,,,monthly,114,750,750,GBP,paid,2025-08-25T11:29:00
se_003201,co_0384,renewal,Medium,,2025-09-25,2025-09-25,,,monthly,114,750,750,GBP,paid,2025-09-25T13:04:00
se_003202,co_0384,renewal,Medium,,2025-11-15,2025-10-25,,,monthly,114,750,750,GBP,paid,2025-10-25T16:10:00
se_003203,co_0384,renewal,Medium,,2025-11-25,2025-11-25,,,monthly,114,750,750,GBP,paid,2025-11-25T17:35:00
se_003204,co_0384,renewal,Medium,,2025-12-25,2025-12-25,,,monthly,114,750,750,GBP,paid,2025-12-25T12:24:00
se_003205,co_0384,renewal,Medium,,2026-01-25,2026-01-25,,,monthly,114,750,750,GBP,paid,2026-01-25T15:35:00
se_003206,co_0384,renewal,Medium,,,2026-02-25,,,monthly,114,750,750,GBP,paid,2026-02-25T13:15:00
se_003207,co_0384,renewal,Medium,,2026-03-25,2026-03-25,,,monthly,114,750,750,GBP,paid,2026-03-25T08:04:00
se_003208,co_0384,renewal,Medium,,2026-04-25,2026-04-25,,,monthly,114,750,750,GBP,paid,2026-04-25T11:28:00
se_003209,co_0384,payment_failed,Medium,,2026-05-25,2026-05-25,,,monthly,114,750,750,GBP,failed,2026-05-25T11:30:00
se_003210,co_0384,payment_recovered,Medium,,2026-06-10,2026-06-10,,,monthly,114,750,750,GBP,paid,2026-06-10T16:10:00
se_003211,co_0384,renewal,Medium,,2026-06-25,2026-06-25,,,monthly,114,750,750,GBP,paid,2026-06-25T12:07:00
se_003212,co_0385,trial_start,Medium,,,,,2026-02-17,annual,185,0,0,GBP,not_applicable,2026-02-10T10:08:00
se_003213,co_0385,converted,Medium,,2026-02-15,2026-02-15,,,annual,185,750,9000,GBP,paid,2026-02-15T08:46:00
se_003214,co_0386,trial_start,Small,,,,,2025-12-03,annual,75,0,0,GBP,not_applicable,2025-11-26T18:06:00
se_003215,co_0386,converted,Small,,2025-12-04,2025-12-04,,,annual,75,200,2400,GBP,paid,2025-12-04T19:39:00
se_003216,co_0387,trial_start,Medium,,,,,2024-03-25,annual,179,0,0,GBP,not_applicable,2024-03-18T08:13:00
se_003217,co_0387,converted,Medium,,2024-03-20,2024-03-20,,,annual,179,750,9000,GBP,paid,2024-03-20T10:56:00
se_003218,co_0387,renewal,Medium,,2025-03-20,2025-03-20,,,annual,179,750,9000,GBP,paid,2025-03-20T15:24:00
se_003219,co_0387,renewal,Medium,,2026-03-20,2026-03-20,,,annual,179,750,9000,GBP,paid,2026-03-20T13:34:00
se_003220,co_0388,trial_start,Small,,,,,2026-06-01,monthly,47,0,0,GBP,not_applicable,2026-05-25T13:04:00
se_003221,co_0388,converted,Small,,2026-05-29,2026-05-29,,,monthly,47,200,200,GBP,paid,2026-05-29T16:22:00
se_003222,co_0388,renewal,Small,,2026-06-29,2026-06-29,,,monthly,47,200,200,GBP,paid,2026-06-29T09:18:00
se_003223,co_0389,trial_start,Medium,,,,,2025-09-16,monthly,284,0,0,GBP,not_applicable,2025-09-09T19:22:00
se_003224,co_0389,converted,Medium,,2025-09-15,2025-09-15,,,monthly,284,750,750,GBP,paid,2025-09-15T16:18:00
se_003225,co_0389,renewal,Medium,,2025-10-21,2025-10-15,,,monthly,284,750,750,GBP,paid,2025-10-15T15:37:00
se_003226,co_0389,renewal,Medium,,2025-12-03,2025-11-15,,,monthly,284,750,750,GBP,paid,2025-11-15T12:51:00
se_003227,co_0389,renewal,Medium,,2025-12-15,2025-12-15,,,monthly,284,750,750,GBP,paid,2025-12-15T11:26:00
se_003228,co_0389,renewal,Medium,,2026-01-15,2026-01-15,,,monthly,284,750,750,GBP,paid,2026-01-15T16:29:00
se_003229,co_0389,renewal,Medium,,2026-02-15,2026-02-15,,,monthly,284,750,750,GBP,paid,2026-02-15T11:20:00
se_003230,co_0389,renewal,Medium,,2026-03-15,2026-03-15,,,monthly,284,750,750,GBP,paid,2026-03-15T08:14:00
se_003231,co_0389,renewal,Medium,,2026-04-15,2026-04-15,,,monthly,284,750,750,GBP,paid,2026-04-15T13:34:00
se_003232,co_0389,renewal,Medium,,2026-05-19,2026-05-15,,,monthly,284,750,750,GBP,paid,2026-05-15T09:13:00
se_003233,co_0389,renewal,Medium,,2026-06-15,2026-06-15,,,monthly,284,750,750,GBP,paid,2026-06-15T18:16:00
se_003234,co_0390,trial_start,Small,,,,,2024-10-16,monthly,77,0,0,GBP,not_applicable,2024-10-09T11:06:00
se_003235,co_0391,trial_start,Small,,,,,2023-07-22,monthly,63,0,0,GBP,not_applicable,2023-07-15T09:53:00
se_003236,co_0392,trial_start,MEDIUM,,,,,2026-04-07,monthly,207,0,0,GBP,not_applicable,2026-03-31T16:41:00
se_003237,co_0392,converted,Medium,,2026-04-08,2026-04-08,,,monthly,207,750,750,GBP,paid,2026-04-08T12:32:00
se_003238,co_0392,renewal,medium,,2026-05-08,2026-05-08,,,monthly,207,750,750,GBP,paid,2026-05-08T15:25:00
se_003239,co_0392,renewal,Medium,,2026-06-08,2026-06-08,,,monthly,207,750,750,GBP,paid,2026-06-08T19:49:00
se_003240,co_0393,trial_start,Small,,,,,2024-05-28,monthly,130,0,0,GBP,not_applicable,2024-05-21T08:52:00
se_003241,co_0393,converted,Small,,2024-05-26,2024-05-26,,,monthly,130,200,200,GBP,paid,2024-05-26T11:14:00
se_003242,co_0393,renewal,Small,,2024-06-26,2024-06-26,,,monthly,130,200,200,GBP,paid,2024-06-26T09:16:00
se_003243,co_0393,renewal,Small,,2024-07-26,2024-07-26,,,monthly,130,200,200,GBP,paid,2024-07-26T18:37:00
se_003244,co_0393,renewal,Small,,2024-09-07,2024-08-26,,,monthly,130,200,200,GBP,paid,2024-08-26T10:09:00
se_003245,co_0393,renewal,Small,,2024-09-26,2024-09-26,,,monthly,130,200,200,GBP,paid,2024-09-26T10:40:00
se_003246,co_0393,renewal,Small,,2024-10-26,2024-10-26,,,monthly,130,200,200,GBP,paid,2024-10-26T14:33:00
se_003247,co_0393,renewal,Small,,2024-11-26,2024-11-26,,,monthly,130,200,200,GBP,paid,2024-11-26T19:39:00
se_003248,co_0393,renewal,Small,,2024-12-26,2024-12-26,,,monthly,130,200,200,GBP,paid,2024-12-26T08:26:00
se_003249,co_0393,renewal,Small,,2025-02-01,2025-01-26,,,monthly,130,200,200,GBP,paid,2025-01-26T19:54:00
se_003250,co_0393,renewal,Small ,,2025-02-26,2025-02-26,,,monthly,130,200,200,GBP,paid,2025-02-26T11:37:00
se_003251,co_0393,renewal,Small,,2025-03-26,2025-03-26,,,monthly,130,200,200,GBP,paid,2025-03-26T12:53:00
se_003252,co_0393,renewal,Small,,2025-04-26,2025-04-26,,,monthly,130,200,200,GBP,paid,2025-04-26T12:11:00
se_003253,co_0393,renewal,Small,,2025-05-26,2025-05-26,,,monthly,130,200,200,GBP,paid,2025-05-26T12:03:00
se_003254,co_0393,renewal,Small,,2025-06-26,2025-06-26,,,monthly,130,200,200,GBP,paid,2025-06-26T13:28:00
se_003255,co_0393,renewal,Small,,2025-07-26,2025-07-26,,,monthly,130,200,200,GBP,paid,2025-07-26T14:06:00
se_003256,co_0393,renewal,Small,,2025-08-26,2025-08-26,,,monthly,130,200,200,GBP,paid,2025-08-26T09:16:00
se_003257,co_0393,renewal,Small,,2025-09-26,2025-09-26,,,monthly,130,200,200,GBP,paid,2025-09-26T09:37:00
se_003258,co_0393,renewal,Small,,2025-10-26,2025-10-26,,,monthly,130,200,200,GBP,paid,2025-10-26T13:55:00
se_003259,co_0393,renewal,Small,,2025-11-26,2025-11-26,,,monthly,130,200,200,GBP,paid,2025-11-26T16:09:00
se_003260,co_0393,renewal,Small,,2025-12-26,2025-12-26,,,monthly,130,200,200,GBP,paid,2025-12-26T16:51:00
se_003261,co_0393,renewal,Small,,2026-01-26,2026-01-26,,,monthly,130,200,200,GBP,paid,2026-01-26T13:17:00
se_003262,co_0393,renewal,Small,,2026-03-09,2026-02-26,,,monthly,130,200,200,GBP,paid,2026-02-26T19:02:00
se_003263,co_0393,renewal,Small,,2026-03-26,2026-03-26,,,monthly,130,200,200,GBP,paid,2026-03-26T13:01:00
se_003264,co_0393,payment_failed,Small,,2026-04-26,2026-04-26,,,monthly,130,200,200,GBP,failed,2026-04-26T15:21:00
se_003265,co_0393,payment_recovered,Small,,2026-04-29,2026-04-29,,,monthly,130,200,200,GBP,paid,2026-04-29T14:19:00
se_003266,co_0393,renewal,Small,,2026-05-26,2026-05-26,,,monthly,130,200,200,GBP,paid,2026-05-26T17:19:00
se_003267,co_0393,renewal,Small,,2026-06-26,2026-06-26,,,monthly,130,200,200,GBP,paid,2026-06-26T19:11:00
se_003268,co_0394,trial_start,Medium,,,,,2025-09-10,annual,165,0,0,GBP,not_applicable,2025-09-03T16:18:00
se_003269,co_0394,converted,Medium,,2025-09-08,2025-09-08,,,annual,165,750,9000,GBP,paid,2025-09-08T10:40:00
se_003270,co_0395,trial_start,Small,,,,,2023-11-05,monthly,111,0,0,GBP,not_applicable,2023-10-29T18:48:00
se_003271,co_0395,converted,Small,,2023-11-03,2023-11-03,,,monthly,111,200,200,GBP,paid,2023-11-03T11:50:00
se_003272,co_0395,renewal,Small,,2023-12-03,2023-12-03,,,monthly,111,200,200,GBP,paid,2023-12-03T10:54:00
se_003273,co_0395,payment_failed,Small,,2024-01-03,2024-01-03,,,monthly,111,200,200,GBP,failed,2024-01-03T11:55:00
se_003274,co_0395,payment_recovered,Small,,2024-01-19,2024-01-19,,,monthly,111,200,200,GBP,paid,2024-01-19T11:35:00
se_003275,co_0395,renewal,Small,,2024-02-03,2024-02-03,,,monthly,111,200,200,GBP,paid,2024-02-03T09:53:00
se_003276,co_0395,payment_failed,Small,,2024-03-03,2024-03-03,,,monthly,111,200,200,GBP,failed,2024-03-03T15:21:00
se_003277,co_0395,payment_recovered,Small,,2024-03-20,2024-03-20,,,monthly,111,200,200,GBP,paid,2024-03-20T19:43:00
se_003278,co_0395,renewal,Small,,2024-04-03,2024-04-03,,,monthly,111,200,200,GBP,paid,2024-04-03T14:21:00
se_003279,co_0395,renewal,Small,,2024-05-03,2024-05-03,,,monthly,111,200,200,GBP,paid,2024-05-03T19:29:00
se_003280,co_0395,renewal,Small,,2024-06-03,2024-06-03,,,monthly,111,200,200,GBP,paid,2024-06-03T16:53:00
se_003281,co_0395,renewal,Small,,2024-07-03,2024-07-03,,,monthly,111,200,200,GBP,paid,2024-07-03T08:13:00
se_003282,co_0395,renewal,Small,,2024-08-03,2024-08-03,,,monthly,111,200,200,GBP,paid,2024-08-03T12:32:00
se_003283,co_0395,renewal,Small,,2024-09-03,2024-09-03,,,monthly,111,200,200,GBP,paid,2024-09-03T13:45:00
se_003284,co_0395,renewal,Small,,2024-10-03,2024-10-03,,,monthly,111,200,200,GBP,paid,2024-10-03T19:51:00
se_003285,co_0395,renewal,Small,,2024-11-03,2024-11-03,,,monthly,111,200,200,GBP,paid,2024-11-03T16:39:00
se_003286,co_0395,renewal,Small,,2024-12-03,2024-12-03,,,monthly,111,200,200,GBP,paid,2024-12-03T09:51:00
se_003287,co_0395,renewal,Small,,2025-01-03,2025-01-03,,,monthly,111,200,200,GBP,paid,2025-01-03T11:39:00
se_003288,co_0395,renewal,Small,,2025-02-03,2025-02-03,,,monthly,111,200,200,GBP,paid,2025-02-03T12:58:00
se_003289,co_0395,renewal,Small,,2025-03-03,2025-03-03,,,monthly,111,200,200,GBP,paid,2025-03-03T12:03:00
se_003290,co_0395,renewal,Small,,2025-04-03,2025-04-03,,,monthly,111,200,200,GBP,paid,2025-04-03T19:15:00
se_003291,co_0395,renewal,Small,,2025-05-03,2025-05-03,,,monthly,111,200,200,GBP,paid,2025-05-03T16:58:00
se_003292,co_0395,renewal,Small,,2025-06-24,2025-06-03,,,monthly,111,200,200,GBP,paid,2025-06-03T14:30:00
se_003293,co_0395,renewal,Small,,2025-07-03,2025-07-03,,,monthly,111,200,200,GBP,paid,2025-07-03T19:22:00
se_003294,co_0395,renewal,Small,,2025-08-03,2025-08-03,,,monthly,111,200,200,GBP,paid,2025-08-03T16:53:00
se_003295,co_0395,renewal,Small,,2025-09-03,2025-09-03,,,monthly,111,200,200,GBP,paid,2025-09-03T15:51:00
se_003296,co_0395,payment_failed,Small,,2025-10-03,2025-10-03,,,monthly,111,200,200,GBP,failed,2025-10-03T16:13:00
se_003297,co_0395,payment_recovered,Small,,,2025-10-12,,,monthly,111,200,200,GBP,paid,2025-10-12T17:37:00
se_003298,co_0395,renewal,Small,,2025-11-03,2025-11-03,,,monthly,111,200,200,GBP,paid,2025-11-03T10:26:00
se_003299,co_0395,renewal,Small,,2025-12-03,2025-12-03,,,monthly,111,200,200,GBP,paid,2025-12-03T14:18:00
se_003300,co_0395,renewal,Small,,2026-01-03,2026-01-03,,,monthly,111,200,200,GBP,paid,2026-01-03T19:26:00
se_003301,co_0395,renewal,Small,,2026-02-03,2026-02-03,,,monthly,111,200,200,GBP,paid,2026-02-03T09:25:00
se_003302,co_0395,renewal,Small,,2026-03-03,2026-03-03,,,monthly,111,200,200,GBP,paid,2026-03-03T14:41:00
se_003303,co_0395,renewal,Small,,2026-04-03,2026-04-03,,,monthly,111,200,200,GBP,paid,2026-04-03T14:38:00
se_003304,co_0395,renewal,Small,,2026-05-03,2026-05-03,,,monthly,111,200,200,GBP,paid,2026-05-03T17:35:00
se_003305,co_0395,renewal,Small,,2026-06-03,2026-06-03,,,monthly,111,200,200,GBP,paid,2026-06-03T15:02:00
se_003306,co_0396,trial_start,Medium,,,,,2025-10-31,monthly,139,0,0,GBP,not_applicable,2025-10-24T13:34:00
se_003307,co_0396,converted,Medium,,2025-11-02,2025-11-02,,,monthly,139,750,750,GBP,paid,2025-11-02T12:30:00
se_003308,co_0396,renewal,Medium,,2025-12-02,2025-12-02,,,monthly,139,750,750,GBP,paid,2025-12-02T16:38:00
se_003309,co_0396,renewal,Medium,,2026-01-02,2026-01-02,,,monthly,139,750,750,GBP,paid,2026-01-02T14:24:00
se_003310,co_0396,renewal,Medium,,2026-02-02,2026-02-02,,,monthly,139,750,750,GBP,paid,2026-02-02T14:17:00
se_003311,co_0396,payment_failed,Medium,,2026-03-02,2026-03-02,,,monthly,139,750,750,GBP,failed,2026-03-02T08:39:00
se_003312,co_0396,payment_recovered,Medium,,2026-03-04,2026-03-04,,,monthly,139,750,750,GBP,paid,2026-03-04T10:03:00
se_003313,co_0396,renewal,Medium,,2026-04-02,2026-04-02,,,monthly,139,750,750,GBP,paid,2026-04-02T11:51:00
se_003314,co_0396,renewal,Medium,,2026-05-02,2026-05-02,,,monthly,139,750,750,GBP,paid,2026-05-02T13:12:00
se_003315,co_0396,renewal,Medium,,2026-06-02,2026-06-02,,,monthly,139,750,750,GBP,paid,2026-06-02T14:23:00
se_003316,co_0397,trial_start,Medium,,,,,2025-07-16,monthly,425,0,0,GBP,not_applicable,2025-07-09T11:39:00
se_003317,co_0398,trial_start,Small,,,,,2025-08-01,annual,61,0,0,GBP,not_applicable,2025-07-25T17:42:00
se_003318,co_0399,trial_start,Small,,,,,2024-01-07,monthly,90,0,0,GBP,not_applicable,2023-12-31T12:36:00
se_003319,co_0399,converted,Small,,2024-01-10,2024-01-10,,,monthly,90,200,200,GBP,paid,2024-01-10T12:21:00
se_003320,co_0399,renewal,Small,,2024-02-10,2024-02-10,,,monthly,90,200,200,GBP,paid,2024-02-10T18:38:00
se_003321,co_0399,renewal,Small,,2024-03-10,2024-03-10,,,monthly,90,200,200,GBP,paid,2024-03-10T16:40:00
se_003322,co_0399,renewal,Small,,2024-04-10,2024-04-10,,,monthly,90,200,200,GBP,paid,2024-04-10T14:02:00
se_003323,co_0399,renewal,Small,,2024-05-10,2024-05-10,,,monthly,90,200,200,GBP,paid,2024-05-10T16:51:00
se_003324,co_0399,renewal,Small,,2024-06-10,2024-06-10,,,monthly,90,200,200,GBP,paid,2024-06-10T11:48:00
se_003325,co_0399,renewal,Small,,2024-07-10,2024-07-10,,,monthly,90,200,200,GBP,paid,2024-07-10T08:46:00
se_003326,co_0399,renewal,Small,,2024-08-10,2024-08-10,,,monthly,90,200,200,GBP,paid,2024-08-10T18:58:00
se_003327,co_0399,renewal,Small,,2024-09-10,2024-09-10,,,monthly,90,200,200,GBP,paid,2024-09-10T14:39:00
se_003328,co_0399,renewal,Small,,2024-10-10,2024-10-10,,,monthly,90,200,200,GBP,paid,2024-10-10T16:05:00
se_003329,co_0399,renewal,Small,,2024-11-10,2024-11-10,,,monthly,90,200,200,GBP,paid,2024-11-10T08:14:00
se_003330,co_0399,renewal,Small,,2024-12-10,2024-12-10,,,monthly,90,200,200,GBP,paid,2024-12-10T17:28:00
se_003331,co_0399,renewal,Small,,2025-01-16,2025-01-10,,,monthly,90,200,200,GBP,paid,2025-01-10T11:42:00
se_003332,co_0399,renewal,Small,,2025-02-10,2025-02-10,,,monthly,90,200,200,GBP,paid,2025-02-10T08:41:00
se_003333,co_0399,renewal,Small,,2025-03-10,2025-03-10,,,monthly,90,200,200,GBP,paid,2025-03-10T08:42:00
se_003334,co_0399,renewal,Small,,2025-04-10,2025-04-10,,,monthly,90,200,200,GBP,paid,2025-04-10T18:50:00
se_003335,co_0399,renewal,Small,,2025-05-10,2025-05-10,,,monthly,90,200,200,GBP,paid,2025-05-10T13:41:00
se_003336,co_0399,renewal,Small,,2025-06-10,2025-06-10,,,monthly,90,200,200,GBP,paid,2025-06-10T09:34:00
se_003337,co_0399,renewal,Small,,2025-07-10,2025-07-10,,,monthly,90,200,200,GBP,paid,2025-07-10T15:26:00
se_003338,co_0399,renewal,Small,,2025-08-10,2025-08-10,,,monthly,90,200,200,GBP,paid,2025-08-10T19:28:00
se_003339,co_0399,renewal,Small,,2025-09-10,2025-09-10,,,monthly,90,200,200,GBP,paid,2025-09-10T09:14:00
se_003340,co_0399,renewal,Small,,2025-10-14,2025-10-10,,,monthly,90,200,200,GBP,paid,2025-10-10T10:05:00
se_003341,co_0399,renewal,Small,,2025-11-10,2025-11-10,,,monthly,90,200,200,GBP,paid,2025-11-10T16:46:00
se_003342,co_0399,renewal,Small,,2025-12-10,2025-12-10,,,monthly,90,200,200,GBP,paid,2025-12-10T18:34:00
se_003343,co_0399,renewal,Small,,2026-01-10,2026-01-10,,,monthly,90,200,200,GBP,paid,2026-01-10T13:27:00
se_003344,co_0399,renewal,Small,,2026-02-21,2026-02-10,,,monthly,90,200,200,GBP,paid,2026-02-10T09:58:00
se_003345,co_0399,renewal,Small,,2026-03-10,2026-03-10,,,monthly,90,200,200,GBP,paid,2026-03-10T08:17:00
se_003346,co_0399,renewal,Small,,2026-04-10,2026-04-10,,,monthly,90,200,200,GBP,paid,2026-04-10T18:14:00
se_003347,co_0399,renewal,Small,,2026-05-10,2026-05-10,,,monthly,90,200,200,GBP,paid,2026-05-10T14:49:00
se_003348,co_0399,renewal,Small,,2026-06-10,2026-06-10,,,monthly,90,200,200,GBP,paid,2026-06-10T08:23:00
se_003349,co_0400,trial_start,Small,,,,,2025-10-12,annual,64,0,0,GBP,not_applicable,2025-10-05T09:51:00
se_003350,co_0400,converted,Small,,2025-10-15,2025-10-15,,,annual,64,200,2400,GBP,paid,2025-10-15T08:03:00
se_003351,co_0401,trial_start,Small,,,,,2023-10-07,monthly,111,0,0,GBP,not_applicable,2023-09-30T16:31:00
se_003352,co_0401,converted,Small,,2023-10-02,2023-10-02,,,monthly,111,200,200,GBP,paid,2023-10-02T19:03:00
se_003353,co_0401,renewal,Small,,2023-11-02,2023-11-02,,,monthly,111,200,200,GBP,paid,2023-11-02T12:31:00
se_003354,co_0401,renewal,Small,,2023-12-02,2023-12-02,,,monthly,111,200,200,GBP,paid,2023-12-02T09:36:00
se_003355,co_0401,renewal,Small,,2024-01-02,2024-01-02,,,monthly,111,200,200,GBP,paid,2024-01-02T18:40:00
se_003356,co_0401,renewal,Small,,2024-02-02,2024-02-02,,,monthly,111,200,200,GBP,paid,2024-02-02T15:38:00
se_003357,co_0401,renewal,Small,,2024-03-02,2024-03-02,,,monthly,111,200,200,GBP,paid,2024-03-02T08:37:00
se_003358,co_0401,renewal,Small,,2024-04-02,2024-04-02,,,monthly,111,200,200,GBP,paid,2024-04-02T13:45:00
se_003359,co_0401,renewal,Small,,2024-05-02,2024-05-02,,,monthly,111,200,200,GBP,paid,2024-05-02T14:25:00
se_003360,co_0401,renewal,Small,,2024-06-02,2024-06-02,,,monthly,111,200,200,GBP,paid,2024-06-02T18:54:00
se_003361,co_0401,renewal,Small,,2024-07-02,2024-07-02,,,monthly,111,200,200,GBP,paid,2024-07-02T16:13:00
se_003362,co_0401,renewal,Small,,2024-08-02,2024-08-02,,,monthly,111,200,200,GBP,paid,2024-08-02T14:27:00
se_003363,co_0401,renewal,small,,2024-09-02,2024-09-02,,,monthly,111,200,200,GBP,paid,2024-09-02T10:58:00
se_003364,co_0401,renewal,Small,,2024-10-02,2024-10-02,,,monthly,111,200,200,GBP,paid,2024-10-02T12:36:00
se_003365,co_0401,renewal,Small,,2024-11-02,2024-11-02,,,monthly,111,200,200,GBP,paid,2024-11-02T08:48:00
se_003366,co_0401,renewal,Small,,2024-12-02,2024-12-02,,,monthly,111,200,200,GBP,paid,2024-12-02T18:15:00
se_003367,co_0401,renewal,Small,,2025-01-02,2025-01-02,,,monthly,111,200,200,GBP,paid,2025-01-02T11:23:00
se_003368,co_0401,renewal,Small,,2025-02-02,2025-02-02,,,monthly,111,200,200,GBP,paid,2025-02-02T18:52:00
se_003369,co_0401,renewal,Small,,2025-03-02,2025-03-02,,,monthly,111,200,200,GBP,paid,2025-03-02T11:41:00
se_003370,co_0401,renewal,Small,,2025-04-02,2025-04-02,,,monthly,111,200,200,GBP,paid,2025-04-02T19:59:00
se_003371,co_0401,renewal,Small,,2025-05-05,2025-05-02,,,monthly,111,200,200,GBP,paid,2025-05-02T13:55:00
se_003372,co_0401,renewal,Small,,2025-06-02,2025-06-02,,,monthly,111,200,200,GBP,paid,2025-06-02T09:47:00
se_003373,co_0401,renewal,Small,,2025-07-02,2025-07-02,,,monthly,111,200,200,GBP,paid,2025-07-02T12:08:00
se_003374,co_0401,renewal,Small,,2025-08-02,2025-08-02,,,monthly,111,200,200,GBP,paid,2025-08-02T08:48:00
se_003375,co_0401,renewal,Small,,2025-09-02,2025-09-02,,,monthly,111,200,200,GBP,paid,2025-09-02T10:16:00
se_003376,co_0401,renewal,Small,,2025-10-02,2025-10-02,,,monthly,111,200,200,GBP,paid,2025-10-02T14:27:00
se_003377,co_0401,renewal,small,,2025-11-02,2025-11-02,,,monthly,111,200,200,GBP,paid,2025-11-02T14:23:00
se_003378,co_0401,renewal,Small,,2025-12-02,2025-12-02,,,monthly,111,200,200,GBP,paid,2025-12-02T14:48:00
se_003379,co_0401,renewal,Small,,2026-01-02,2026-01-02,,,monthly,111,200,200,GBP,paid,2026-01-02T18:20:00
se_003380,co_0401,renewal,Small,,2026-02-02,2026-02-02,,,monthly,111,200,200,GBP,paid,2026-02-02T13:58:00
se_003381,co_0401,renewal,Small,,2026-03-11,2026-03-02,,,monthly,111,200,200,GBP,paid,2026-03-02T12:53:00
se_003382,co_0401,renewal,Small,,2026-04-02,2026-04-02,,,monthly,111,200,200,GBP,paid,2026-04-02T09:54:00
se_003383,co_0401,renewal,SMALL,,2026-05-02,2026-05-02,,,monthly,111,200,200,GBP,paid,2026-05-02T08:35:00
se_003384,co_0401,renewal,Small,,2026-06-02,2026-06-02,,,monthly,111,200,200,GBP,paid,2026-06-02T12:48:00
se_003385,co_0402,trial_start,Small,,,,,2024-02-29,annual,96,0,0,GBP,not_applicable,2024-02-22T17:33:00
se_003386,co_0402,converted,Small,,2024-02-29,2024-02-29,,,annual,96,200,2400,GBP,paid,2024-02-29T08:26:00
se_003387,co_0402,renewal,Small,,2025-02-28,2025-02-28,,,annual,96,200,2400,GBP,paid,2025-02-28T08:30:00
se_003388,co_0402,renewal,Small,,2026-02-28,2026-02-28,,,annual,96,200,2400,GBP,paid,2026-02-28T16:22:00
se_003389,co_0403,trial_start,Medium,,,,,2024-11-28,monthly,415,0,0,GBP,not_applicable,2024-11-21T10:43:00
se_003390,co_0403,converted,Medium,,2024-12-01,2024-12-01,,,monthly,415,750,750,GBP,paid,2024-12-01T15:16:00
se_003391,co_0403,renewal,Medium,,2025-01-01,2025-01-01,,,monthly,415,750,750,GBP,paid,2025-01-01T09:53:00
se_003392,co_0403,payment_failed,MEDIUM,,2025-02-01,2025-02-01,,,monthly,415,750,750,GBP,failed,2025-02-01T13:35:00
se_003393,co_0403,payment_recovered,Medium,,,2025-02-12,,,monthly,415,750,750,GBP,paid,2025-02-12T17:00:00
se_003394,co_0403,renewal,Medium,,2025-03-01,2025-03-01,,,monthly,415,750,750,GBP,paid,2025-03-01T18:25:00
se_003395,co_0403,renewal,Medium,,2025-04-01,2025-04-01,,,monthly,415,750,750,GBP,paid,2025-04-01T16:15:00
se_003396,co_0403,renewal,Medium,,2025-05-01,2025-05-01,,,monthly,415,750,750,GBP,paid,2025-05-01T18:35:00
se_003397,co_0403,renewal,Medium,,2025-06-19,2025-06-01,,,monthly,415,750,750,GBP,paid,2025-06-01T16:49:00
se_003398,co_0403,renewal,Medium,,2025-07-01,2025-07-01,,,monthly,415,750,750,GBP,paid,2025-07-01T12:12:00
se_003399,co_0403,renewal,Medium,,2025-08-01,2025-08-01,,,monthly,415,750,750,GBP,paid,2025-08-01T11:10:00
se_003400,co_0403,renewal,Medium,,2025-09-01,2025-09-01,,,monthly,415,750,750,GBP,paid,2025-09-01T17:22:00
se_003401,co_0403,renewal,Medium,,2025-10-01,2025-10-01,,,monthly,415,750,750,GBP,paid,2025-10-01T14:43:00
se_003402,co_0403,renewal,Medium,,2025-11-01,2025-11-01,,,monthly,415,750,750,GBP,paid,2025-11-01T16:46:00
se_003403,co_0403,renewal,Medium,,2025-12-01,2025-12-01,,,monthly,415,750,750,GBP,paid,2025-12-01T18:18:00
se_003404,co_0403,renewal,Medium,,2026-01-01,2026-01-01,,,monthly,415,750,750,GBP,paid,2026-01-01T11:39:00
se_003405,co_0403,payment_failed,Medium,,2026-02-01,2026-02-01,,,monthly,415,750,750,GBP,failed,2026-02-01T08:42:00
se_003406,co_0403,payment_recovered,Medium,,2026-02-18,2026-02-18,,,monthly,415,750,750,GBP,paid,2026-02-18T16:06:00
se_003407,co_0403,renewal,Medium,,2026-03-01,2026-03-01,,,monthly,415,750,750,GBP,paid,2026-03-01T13:50:00
se_003408,co_0403,renewal,Medium,,2026-04-01,2026-04-01,,,monthly,415,750,750,GBP,paid,2026-04-01T09:56:00
se_003409,co_0403,payment_failed,Medium,,2026-05-01,2026-05-01,,,monthly,415,750,750,GBP,failed,2026-05-01T12:24:00
se_003410,co_0403,payment_recovered,Medium,,2026-05-08,2026-05-08,,,monthly,415,750,750,GBP,paid,2026-05-08T18:23:00
se_003411,co_0403,renewal,Medium,,2026-06-16,2026-06-01,,,monthly,415,750,750,GBP,paid,2026-06-01T11:12:00
se_003412,co_0404,trial_start,Medium,,,,,2024-04-01,monthly,186,0,0,GBP,not_applicable,2024-03-25T17:19:00
se_003413,co_0405,trial_start,Small,,,,,2024-05-16,annual,108,0,0,GBP,not_applicable,2024-05-09T12:22:00
se_003414,co_0405,converted,Small,,2024-05-12,2024-05-12,,,annual,108,200,2400,GBP,paid,2024-05-12T11:04:00
se_003415,co_0405,renewal,Small,,2025-05-12,2025-05-12,,,annual,108,200,2400,GBP,paid,2025-05-12T16:57:00
se_003416,co_0405,renewal,Small,,2026-05-12,2026-05-12,,,annual,108,200,2400,GBP,paid,2026-05-12T09:50:00
se_003417,co_0405,upgrade,Medium,Small,2026-05-16,2026-05-16,,,annual,108,750,9000,GBP,paid,2026-05-16T09:19:00
se_003418,co_0406,trial_start,Medium,,,,,2024-04-02,annual,507,0,0,GBP,not_applicable,2024-03-26T09:02:00
se_003419,co_0406,converted,Medium,,2024-03-30,2024-03-30,,,annual,507,750,9000,GBP,paid,2024-03-30T11:03:00
se_003420,co_0406,renewal,Medium,,2025-04-12,2025-03-30,,,annual,507,750,9000,GBP,paid,2025-03-30T08:39:00
se_003421,co_0406,renewal,Medium,,2026-03-30,2026-03-30,,,annual,507,750,9000,GBP,paid,2026-03-30T12:04:00
se_003422,co_0407,trial_start,Medium,,,,,2025-08-17,monthly,172,0,0,GBP,not_applicable,2025-08-10T16:59:00
se_003423,co_0407,converted,Medium,,2025-08-17,2025-08-17,,,monthly,172,750,750,GBP,paid,2025-08-17T15:55:00
se_003424,co_0407,renewal,Medium,,2025-09-17,2025-09-17,,,monthly,172,750,750,GBP,paid,2025-09-17T10:31:00
se_003425,co_0407,renewal,Medium,,2025-10-17,2025-10-17,,,monthly,172,750,750,GBP,paid,2025-10-17T13:06:00
se_003426,co_0407,renewal,Medium,,2025-11-17,2025-11-17,,,monthly,172,750,750,GBP,paid,2025-11-17T19:06:00
se_003427,co_0407,renewal,Medium,,2026-01-06,2025-12-17,,,monthly,172,750,750,GBP,paid,2025-12-17T11:30:00
se_003428,co_0407,renewal,Medium,,2026-01-17,2026-01-17,,,monthly,172,750,750,GBP,paid,2026-01-17T11:00:00
se_003429,co_0407,renewal,Medium,,2026-02-17,2026-02-17,,,monthly,172,750,750,GBP,paid,2026-02-17T10:18:00
se_003430,co_0407,renewal,Medium,,2026-03-17,2026-03-17,,,monthly,172,750,750,GBP,paid,2026-03-17T10:22:00
se_003431,co_0407,renewal,Medium,,2026-04-17,2026-04-17,,,monthly,172,750,750,GBP,paid,2026-04-17T10:04:00
se_003432,co_0407,renewal,Medium,,2026-05-17,2026-05-17,,,monthly,172,750,750,GBP,paid,2026-05-17T13:43:00
se_003433,co_0407,renewal,Medium,,2026-06-17,2026-06-17,,,monthly,172,750,750,GBP,paid,2026-06-17T14:46:00
se_003434,co_0408,trial_start,Medium,,,,,2026-03-23,monthly,409,0,0,GBP,not_applicable,2026-03-16T08:47:00
se_003435,co_0408,converted,Medium,,2026-03-20,2026-03-20,,,monthly,409,750,750,GBP,paid,2026-03-20T12:56:00
se_003436,co_0408,renewal,Medium,,2026-04-20,2026-04-20,,,monthly,409,750,750,GBP,paid,2026-04-20T09:53:00
se_003437,co_0408,renewal,Medium,,2026-05-20,2026-05-20,,,monthly,409,750,750,GBP,paid,2026-05-20T14:27:00
se_003438,co_0408,renewal,Medium,,2026-06-20,2026-06-20,,,monthly,409,750,750,GBP,paid,2026-06-20T12:35:00
se_003439,co_0409,trial_start,Small,,,,,2025-10-06,monthly,80,0,0,GBP,not_applicable,2025-09-29T10:08:00
se_003440,co_0410,trial_start,Small,,,,,2026-05-10,monthly,52,0,0,GBP,not_applicable,2026-05-03T16:41:00
se_003441,co_0410,converted,Small,,2026-05-12,2026-05-12,,,monthly,52,200,200,GBP,paid,2026-05-12T10:23:00
se_003442,co_0410,renewal,Small,,2026-06-12,2026-06-12,,,monthly,52,200,200,GBP,paid,2026-06-12T13:58:00
se_003443,co_0411,trial_start,Small,,,,,2025-12-05,annual,92,0,0,GBP,not_applicable,2025-11-28T19:49:00
se_003444,co_0411,converted,Small,,2025-12-04,2025-12-04,,,annual,92,200,2400,GBP,paid,2025-12-04T10:05:00
se_003445,co_0412,trial_start,Medium,,,,,2024-04-07,monthly,169,0,0,GBP,not_applicable,2024-03-31T16:29:00
se_003446,co_0412,converted,Medium,,2024-04-04,2024-04-04,,,monthly,169,750,750,GBP,paid,2024-04-04T14:57:00
se_003447,co_0412,renewal,Medium,,2024-05-04,2024-05-04,,,monthly,169,750,750,GBP,paid,2024-05-04T17:05:00
se_003448,co_0412,renewal,Medium,,2024-06-04,2024-06-04,,,monthly,169,750,750,GBP,paid,2024-06-04T12:58:00
se_003449,co_0412,renewal,Medium,,2024-07-04,2024-07-04,,,monthly,169,750,750,GBP,paid,2024-07-04T12:02:00
se_003450,co_0412,renewal,Medium,,2024-08-04,2024-08-04,,,monthly,169,750,750,GBP,paid,2024-08-04T12:01:00
se_003451,co_0412,renewal,Medium,,2024-09-04,2024-09-04,,,monthly,169,750,750,GBP,paid,2024-09-04T14:57:00
se_003452,co_0412,renewal,Medium,,2024-10-04,2024-10-04,,,monthly,169,750,750,GBP,paid,2024-10-04T10:22:00
se_003453,co_0412,renewal,Medium,,2024-11-04,2024-11-04,,,monthly,169,750,750,GBP,paid,2024-11-04T11:58:00
se_003454,co_0412,renewal,Medium,,2024-12-04,2024-12-04,,,monthly,169,750,750,GBP,paid,2024-12-04T08:13:00
se_003455,co_0412,renewal,Medium,,2025-01-04,2025-01-04,,,monthly,169,750,750,GBP,paid,2025-01-04T09:01:00
se_003456,co_0412,renewal,Medium,,2025-02-17,2025-02-04,,,monthly,169,750,750,GBP,paid,2025-02-04T19:04:00
se_003457,co_0412,renewal,Medium,,2025-03-04,2025-03-04,,,monthly,169,750,750,GBP,paid,2025-03-04T12:24:00
se_003458,co_0412,renewal,Medium,,2025-04-04,2025-04-04,,,monthly,169,750,750,GBP,paid,2025-04-04T10:45:00
se_003459,co_0412,renewal,Medium,,2025-05-04,2025-05-04,,,monthly,169,750,750,GBP,paid,2025-05-04T13:02:00
se_003460,co_0412,renewal,Medium,,2025-06-04,2025-06-04,,,monthly,169,750,750,GBP,paid,2025-06-04T14:55:00
se_003461,co_0412,renewal,Medium,,2025-07-04,2025-07-04,,,monthly,169,750,750,GBP,paid,2025-07-04T09:09:00
se_003462,co_0412,renewal,Medium,,2025-08-04,2025-08-04,,,monthly,169,750,750,GBP,paid,2025-08-04T08:24:00
se_003463,co_0412,renewal,Medium,,2025-09-04,2025-09-04,,,monthly,169,750,750,GBP,paid,2025-09-04T16:36:00
se_003464,co_0412,renewal,Medium,,2025-10-16,2025-10-04,,,monthly,169,750,750,GBP,paid,2025-10-04T13:40:00
se_003465,co_0412,renewal,Medium,,2025-11-04,2025-11-04,,,monthly,169,750,750,GBP,paid,2025-11-04T08:21:00
se_003466,co_0412,renewal,Medium,,2025-12-04,2025-12-04,,,monthly,169,750,750,GBP,paid,2025-12-04T09:15:00
se_003467,co_0412,renewal,Medium,,2026-01-04,2026-01-04,,,monthly,169,750,750,GBP,paid,2026-01-04T13:05:00
se_003468,co_0412,renewal,Medium,,2026-02-23,2026-02-04,,,monthly,169,750,750,GBP,paid,2026-02-04T14:47:00
se_003469,co_0412,renewal,Medium,,2026-03-04,2026-03-04,,,monthly,169,750,750,GBP,paid,2026-03-04T08:33:00
se_003470,co_0412,downgrade,Small,Medium,2026-03-15,2026-03-15,,,monthly,169,200,200,GBP,paid,2026-03-15T15:11:00
se_003471,co_0412,renewal,Small,,2026-04-04,2026-04-04,,,monthly,169,200,200,GBP,paid,2026-04-04T15:43:00
se_003472,co_0412,renewal,Small,,2026-05-04,2026-05-04,,,monthly,169,200,200,GBP,paid,2026-05-04T09:16:00
se_003473,co_0412,renewal,Small,,2026-06-18,2026-06-04,,,monthly,169,200,200,GBP,paid,2026-06-04T14:32:00
se_003474,co_0413,trial_start,Medium,,,,,2023-09-06,annual,181,0,0,GBP,not_applicable,2023-08-30T15:38:00
se_003475,co_0413,converted,Medium,,2023-09-04,2023-09-04,,,annual,181,750,9000,GBP,paid,2023-09-04T08:07:00
se_003476,co_0413,renewal,Medium,,2024-09-04,2024-09-04,,,annual,181,750,9000,GBP,paid,2024-09-04T12:57:00
se_003477,co_0413,renewal,Medium,,2025-09-04,2025-09-04,,,annual,181,750,9000,GBP,paid,2025-09-04T15:02:00
se_003478,co_0414,trial_start,Small,,,,,2024-03-13,monthly,50,0,0,GBP,not_applicable,2024-03-06T15:35:00
se_003479,co_0415,trial_start,Small,,,,,2025-12-05,annual,33,0,0,GBP,not_applicable,2025-11-28T12:31:00
se_003480,co_0415,converted,Small,,2025-12-07,2025-12-07,,,annual,33,200,2400,GBP,paid,2025-12-07T15:37:00
se_003481,co_0416,trial_start,Medium,,,,,2023-10-24,monthly,137,0,0,GBP,not_applicable,2023-10-17T09:05:00
se_003482,co_0416,converted,Medium,,2023-10-26,2023-10-26,,,monthly,137,750,750,GBP,paid,2023-10-26T10:15:00
se_003483,co_0416,renewal,Medium,,2023-11-26,2023-11-26,,,monthly,137,750,750,GBP,paid,2023-11-26T13:00:00
se_003484,co_0416,renewal,Medium,,2023-12-26,2023-12-26,,,monthly,137,750,750,GBP,paid,2023-12-26T12:43:00
se_003485,co_0416,renewal,Medium,,2024-01-26,2024-01-26,,,monthly,137,750,750,GBP,paid,2024-01-26T17:04:00
se_003486,co_0416,renewal,Medium,,2024-02-26,2024-02-26,,,monthly,137,750,750,GBP,paid,2024-02-26T12:13:00
se_003487,co_0416,renewal,Medium,,2024-03-26,2024-03-26,,,monthly,137,750,750,GBP,paid,2024-03-26T10:45:00
se_003488,co_0416,renewal,Medium,,2024-04-26,2024-04-26,,,monthly,137,750,750,GBP,paid,2024-04-26T10:17:00
se_003489,co_0416,renewal,Medium,,2024-05-26,2024-05-26,,,monthly,137,750,750,GBP,paid,2024-05-26T17:43:00
se_003490,co_0416,renewal,Medium,,2024-06-26,2024-06-26,,,monthly,137,750,750,GBP,paid,2024-06-26T08:45:00
se_003491,co_0416,renewal,Medium,,2024-07-26,2024-07-26,,,monthly,137,750,750,GBP,paid,2024-07-26T08:36:00
se_003492,co_0416,renewal,Medium,,2024-08-26,2024-08-26,,,monthly,137,750,750,GBP,paid,2024-08-26T15:07:00
se_003493,co_0416,renewal,Medium,,2024-09-26,2024-09-26,,,monthly,137,750,750,GBP,paid,2024-09-26T18:13:00
se_003494,co_0416,renewal,Medium,,2024-10-26,2024-10-26,,,monthly,137,750,750,GBP,paid,2024-10-26T15:41:00
se_003495,co_0416,renewal,Medium,,2024-11-26,2024-11-26,,,monthly,137,750,750,GBP,paid,2024-11-26T19:21:00
se_003496,co_0416,renewal,Medium,,2024-12-26,2024-12-26,,,monthly,137,750,750,GBP,paid,2024-12-26T10:31:00
se_003497,co_0416,renewal,Medium,,2025-01-26,2025-01-26,,,monthly,137,750,750,GBP,paid,2025-01-26T15:37:00
se_003498,co_0416,renewal,Medium,,2025-02-26,2025-02-26,,,monthly,137,750,750,GBP,paid,2025-02-26T10:43:00
se_003499,co_0416,renewal,Medium,,2025-03-26,2025-03-26,,,monthly,137,750,750,GBP,paid,2025-03-26T15:43:00
se_003500,co_0416,renewal,Medium,,2025-04-26,2025-04-26,,,monthly,137,750,750,GBP,paid,2025-04-26T12:15:00
se_003501,co_0416,renewal,Medium,,2025-06-13,2025-05-26,,,monthly,137,750,750,GBP,paid,2025-05-26T10:56:00
se_003502,co_0416,renewal,Medium,,2025-06-26,2025-06-26,,,monthly,137,750,750,GBP,paid,2025-06-26T19:10:00
se_003503,co_0416,renewal,Medium,,2025-07-26,2025-07-26,,,monthly,137,750,750,GBP,paid,2025-07-26T09:30:00
se_003504,co_0416,renewal,Medium,,2025-09-01,2025-08-26,,,monthly,137,750,750,GBP,paid,2025-08-26T11:17:00
se_003505,co_0416,renewal,Medium,,2025-09-26,2025-09-26,,,monthly,137,750,750,GBP,paid,2025-09-26T11:19:00
se_003506,co_0416,renewal,Medium,,2025-10-26,2025-10-26,,,monthly,137,750,750,GBP,paid,2025-10-26T10:55:00
se_003507,co_0416,renewal,Medium,,2025-11-26,2025-11-26,,,monthly,137,750,750,GBP,paid,2025-11-26T09:40:00
se_003508,co_0416,renewal,Medium,,2025-12-26,2025-12-26,,,monthly,137,750,750,GBP,paid,2025-12-26T18:36:00
se_003509,co_0416,renewal,Medium,,2026-01-26,2026-01-26,,,monthly,137,750,750,GBP,paid,2026-01-26T08:01:00
se_003510,co_0416,renewal,Medium,,,2026-02-26,,,monthly,137,750,750,GBP,paid,2026-02-26T10:05:00
se_003511,co_0416,renewal,Medium,,2026-03-26,2026-03-26,,,monthly,137,750,750,GBP,paid,2026-03-26T15:08:00
se_003512,co_0416,renewal,Medium ,,2026-04-26,2026-04-26,,,monthly,137,750,750,GBP,paid,2026-04-26T16:25:00
se_003513,co_0416,renewal,Medium,,2026-05-26,2026-05-26,,,monthly,137,750,750,GBP,paid,2026-05-26T16:32:00
se_003514,co_0416,renewal,Medium,,2026-06-26,2026-06-26,,,monthly,137,750,750,GBP,paid,2026-06-26T15:52:00
se_003515,co_0417,trial_start,Small,,,,,2024-06-23,monthly,122,0,0,GBP,not_applicable,2024-06-16T16:19:00
se_003516,co_0417,converted,Small,,2024-06-18,2024-06-18,,,monthly,122,200,200,GBP,paid,2024-06-18T16:10:00
se_003517,co_0417,renewal,Small,,2024-07-18,2024-07-18,,,monthly,122,200,200,GBP,paid,2024-07-18T18:49:00
se_003518,co_0417,renewal,Small,,2024-08-18,2024-08-18,,,monthly,122,200,200,GBP,paid,2024-08-18T13:41:00
se_003519,co_0417,renewal,Small,,2024-09-18,2024-09-18,,,monthly,122,200,200,GBP,paid,2024-09-18T11:43:00
se_003520,co_0417,renewal,Small,,2024-10-18,2024-10-18,,,monthly,122,200,200,GBP,paid,2024-10-18T16:22:00
se_003521,co_0417,renewal,Small,,2024-11-18,2024-11-18,,,monthly,122,200,200,GBP,paid,2024-11-18T16:51:00
se_003522,co_0417,renewal,Small,,2024-12-18,2024-12-18,,,monthly,122,200,200,GBP,paid,2024-12-18T12:36:00
se_003523,co_0417,renewal,Small,,2025-01-18,2025-01-18,,,monthly,122,200,200,GBP,paid,2025-01-18T09:25:00
se_003524,co_0417,renewal,Small,,2025-02-18,2025-02-18,,,monthly,122,200,200,GBP,paid,2025-02-18T11:12:00
se_003525,co_0417,renewal,Small,,2025-03-18,2025-03-18,,,monthly,122,200,200,GBP,paid,2025-03-18T18:09:00
se_003526,co_0417,renewal,Small,,2025-04-18,2025-04-18,,,monthly,122,200,200,GBP,paid,2025-04-18T14:57:00
se_003527,co_0417,renewal,Small,,2025-05-18,2025-05-18,,,monthly,122,200,200,GBP,paid,2025-05-18T15:11:00
se_003528,co_0417,renewal,Small,,2025-06-18,2025-06-18,,,monthly,122,200,200,GBP,paid,2025-06-18T11:59:00
se_003529,co_0417,renewal,Small,,2025-07-18,2025-07-18,,,monthly,122,200,200,GBP,paid,2025-07-18T09:07:00
se_003530,co_0417,renewal,Small,,2025-08-18,2025-08-18,,,monthly,122,200,200,GBP,paid,2025-08-18T15:50:00
se_003531,co_0417,renewal,Small,,2025-09-18,2025-09-18,,,monthly,122,200,200,GBP,paid,2025-09-18T15:10:00
se_003532,co_0417,renewal,Small,,2025-10-18,2025-10-18,,,monthly,122,200,200,GBP,paid,2025-10-18T15:36:00
se_003533,co_0417,renewal,Small,,2025-11-18,2025-11-18,,,monthly,122,200,200,GBP,paid,2025-11-18T09:27:00
se_003534,co_0417,renewal,Small,,2025-12-18,2025-12-18,,,monthly,122,200,200,GBP,paid,2025-12-18T18:12:00
se_003535,co_0417,renewal,Small,,2026-01-18,2026-01-18,,,monthly,122,200,200,GBP,paid,2026-01-18T09:37:00
se_003536,co_0417,renewal,Small,,2026-02-18,2026-02-18,,,monthly,122,200,200,GBP,paid,2026-02-18T14:11:00
se_003537,co_0417,renewal,Small,,2026-03-18,2026-03-18,,,monthly,122,200,200,GBP,paid,2026-03-18T15:14:00
se_003538,co_0417,renewal,Small,,2026-04-18,2026-04-18,,,monthly,122,200,200,GBP,paid,2026-04-18T14:38:00
se_003539,co_0417,renewal,Small,,2026-05-18,2026-05-18,,,monthly,122,200,200,GBP,paid,2026-05-18T08:47:00
se_003540,co_0417,renewal,Small,,2026-06-18,2026-06-18,,,monthly,122,200,200,GBP,paid,2026-06-18T08:07:00
se_003541,co_0418,trial_start,Medium,,,,,2023-11-17,annual,229,0,0,GBP,not_applicable,2023-11-10T19:23:00
se_003542,co_0418,converted,Medium,,2023-11-14,2023-11-14,,,annual,229,750,9000,GBP,paid,2023-11-14T12:38:00
se_003543,co_0418,renewal,Medium,,2024-11-14,2024-11-14,,,annual,229,750,9000,GBP,paid,2024-11-14T16:12:00
se_003544,co_0418,renewal,Medium,,2025-11-14,2025-11-14,,,annual,229,750,9000,GBP,paid,2025-11-14T11:45:00
se_003545,co_0419,trial_start,Medium,,,,,2025-10-19,monthly,157,0,0,GBP,not_applicable,2025-10-12T12:58:00
se_003546,co_0419,converted,Medium,,2025-10-20,2025-10-20,,,monthly,157,750,750,GBP,paid,2025-10-20T15:06:00
se_003547,co_0419,renewal,Medium,,2025-11-20,2025-11-20,,,monthly,157,750,750,GBP,paid,2025-11-20T14:51:00
se_003548,co_0419,renewal,Medium,,2025-12-20,2025-12-20,,,monthly,157,750,750,GBP,paid,2025-12-20T15:54:00
se_003549,co_0419,renewal,Medium,,2026-01-20,2026-01-20,,,monthly,157,750,750,GBP,paid,2026-01-20T11:22:00
se_003550,co_0419,renewal,Medium,,2026-02-20,2026-02-20,,,monthly,157,750,750,GBP,paid,2026-02-20T09:24:00
se_003551,co_0419,renewal,Medium,,2026-03-20,2026-03-20,,,monthly,157,750,750,GBP,paid,2026-03-20T13:52:00
se_003552,co_0419,renewal,Medium,,2026-04-20,2026-04-20,,,monthly,157,750,750,GBP,paid,2026-04-20T14:25:00
se_003553,co_0419,renewal,Medium,,2026-05-20,2026-05-20,,,monthly,157,750,750,GBP,paid,2026-05-20T10:44:00
se_003554,co_0419,renewal,Medium,,2026-06-20,2026-06-20,,,monthly,157,750,750,GBP,paid,2026-06-20T13:28:00
se_003555,co_0420,trial_start,Medium,,,,,2024-07-26,monthly,285,0,0,GBP,not_applicable,2024-07-19T12:24:00
se_003556,co_0420,converted,Medium,,2024-07-27,2024-07-27,,,monthly,285,750,750,GBP,paid,2024-07-27T14:49:00
se_003557,co_0420,renewal,MEDIUM,,2024-08-27,2024-08-27,,,monthly,285,750,750,GBP,paid,2024-08-27T11:22:00
se_003558,co_0420,renewal,Medium,,2024-09-27,2024-09-27,,,monthly,285,750,750,GBP,paid,2024-09-27T17:55:00
se_003559,co_0420,renewal,Medium,,2024-10-27,2024-10-27,,,monthly,285,750,750,GBP,paid,2024-10-27T12:57:00
se_003560,co_0420,renewal,Medium,,2024-11-27,2024-11-27,,,monthly,285,750,750,GBP,paid,2024-11-27T16:10:00
se_003561,co_0420,renewal,Medium,,2024-12-27,2024-12-27,,,monthly,285,750,750,GBP,paid,2024-12-27T17:55:00
se_003562,co_0420,renewal,Medium,,2025-01-27,2025-01-27,,,monthly,285,750,750,GBP,paid,2025-01-27T12:02:00
se_003563,co_0420,renewal,Medium,,2025-02-27,2025-02-27,,,monthly,285,750,750,GBP,paid,2025-02-27T16:06:00
se_003564,co_0420,renewal,Medium,,2025-04-11,2025-03-27,,,monthly,285,750,750,GBP,paid,2025-03-27T14:26:00
se_003565,co_0420,renewal,Medium,,2025-04-27,2025-04-27,,,monthly,285,750,750,GBP,paid,2025-04-27T15:24:00
se_003566,co_0420,renewal,Medium,,2025-06-03,2025-05-27,,,monthly,285,750,750,GBP,paid,2025-05-27T12:37:00
se_003567,co_0420,renewal,Medium,,2025-06-27,2025-06-27,,,monthly,285,750,750,GBP,paid,2025-06-27T08:31:00
se_003568,co_0420,renewal,Medium,,2025-07-27,2025-07-27,,,monthly,285,750,750,GBP,paid,2025-07-27T11:46:00
se_003569,co_0420,renewal,Medium,,2025-08-27,2025-08-27,,,monthly,285,750,750,GBP,paid,2025-08-27T15:08:00
se_003570,co_0420,renewal,Medium,,2025-09-27,2025-09-27,,,monthly,285,750,750,GBP,paid,2025-09-27T12:47:00
se_003571,co_0420,renewal,Medium,,2025-10-27,2025-10-27,,,monthly,285,750,750,GBP,paid,2025-10-27T14:03:00
se_003572,co_0420,renewal,Medium,,2025-11-27,2025-11-27,,,monthly,285,750,750,GBP,paid,2025-11-27T11:07:00
se_003573,co_0420,renewal,Medium,,2025-12-31,2025-12-27,,,monthly,285,750,750,GBP,paid,2025-12-27T13:18:00
se_003574,co_0420,renewal,Medium,,2026-01-27,2026-01-27,,,monthly,285,750,750,GBP,paid,2026-01-27T15:17:00
se_003575,co_0420,renewal,Medium,,2026-02-27,2026-02-27,,,monthly,285,750,750,GBP,paid,2026-02-27T14:10:00
se_003576,co_0420,renewal,Medium,,2026-03-27,2026-03-27,,,monthly,285,750,750,GBP,paid,2026-03-27T19:56:00
se_003577,co_0420,renewal,Medium,,2026-04-27,2026-04-27,,,monthly,285,750,750,GBP,paid,2026-04-27T10:22:00
se_003578,co_0420,renewal,Medium,,2026-05-27,2026-05-27,,,monthly,285,750,750,GBP,paid,2026-05-27T19:00:00
se_003579,co_0420,renewal,Medium,,2026-06-27,2026-06-27,,,monthly,285,750,750,GBP,paid,2026-06-27T12:21:00
se_003580,co_0421,trial_start,Large,,,,,2025-12-11,monthly,893,0,0,GBP,not_applicable,2025-12-04T17:26:00
se_003581,co_0421,converted,Large,,2025-12-11,2025-12-11,,,monthly,893,1500,1500,GBP,paid,2025-12-11T09:32:00
se_003582,co_0421,renewal,Large,,2026-01-11,2026-01-11,,,monthly,893,1500,1500,GBP,paid,2026-01-11T08:19:00
se_003583,co_0421,renewal,Large,,2026-02-11,2026-02-11,,,monthly,893,1500,1500,GBP,paid,2026-02-11T11:41:00
se_003584,co_0421,renewal,Large,,2026-03-11,2026-03-11,,,monthly,893,1500,1500,GBP,paid,2026-03-11T14:12:00
se_003585,co_0421,renewal,Large,,2026-04-11,2026-04-11,,,monthly,893,1500,1500,GBP,paid,2026-04-11T13:30:00
se_003586,co_0421,renewal,Large,,2026-05-11,2026-05-11,,,monthly,893,1500,1500,GBP,paid,2026-05-11T15:50:00
se_003587,co_0421,payment_failed,Large,,2026-06-11,2026-06-11,,,monthly,893,1500,1500,GBP,failed,2026-06-11T19:18:00
se_003588,co_0422,trial_start,Medium,,,,,2026-01-06,monthly,161,0,0,GBP,not_applicable,2025-12-30T11:39:00
se_003589,co_0423,trial_start,Medium,,,,,2024-07-20,annual,166,0,0,GBP,not_applicable,2024-07-13T19:06:00
se_003590,co_0423,converted,Medium,,2024-07-23,2024-07-23,,,annual,166,750,9000,GBP,paid,2024-07-23T18:07:00
se_003591,co_0423,renewal,Medium,,2025-07-23,2025-07-23,,,annual,166,750,9000,GBP,paid,2025-07-23T10:08:00
se_003592,co_0424,trial_start,Small,,,,,2024-09-01,monthly,68,0,0,GBP,not_applicable,2024-08-25T16:55:00
se_003593,co_0424,converted,Small,,2024-08-27,2024-08-27,,,monthly,68,200,200,GBP,paid,2024-08-27T09:37:00
se_003594,co_0424,renewal,Small,,2024-09-27,2024-09-27,,,monthly,68,200,200,GBP,paid,2024-09-27T10:43:00
se_003595,co_0424,renewal,Small,,2024-10-27,2024-10-27,,,monthly,68,200,200,GBP,paid,2024-10-27T14:25:00
se_003596,co_0424,renewal,Small,,2024-11-27,2024-11-27,,,monthly,68,200,200,GBP,paid,2024-11-27T14:39:00
se_003597,co_0424,renewal,Small,,2024-12-27,2024-12-27,,,monthly,68,200,200,GBP,paid,2024-12-27T08:04:00
se_003598,co_0424,renewal,Small,,2025-01-27,2025-01-27,,,monthly,68,200,200,GBP,paid,2025-01-27T09:41:00
se_003599,co_0424,renewal,Small,,2025-02-27,2025-02-27,,,monthly,68,200,200,GBP,paid,2025-02-27T08:39:00
se_003600,co_0424,renewal,Small,,2025-03-27,2025-03-27,,,monthly,68,200,200,GBP,paid,2025-03-27T15:41:00
se_003601,co_0424,renewal,Small,,2025-04-27,2025-04-27,,,monthly,68,200,200,GBP,paid,2025-04-27T12:16:00
se_003602,co_0424,renewal,Small,,2025-05-27,2025-05-27,,,monthly,68,200,200,GBP,paid,2025-05-27T17:34:00
se_003603,co_0424,renewal,Small,,2025-06-27,2025-06-27,,,monthly,68,200,200,GBP,paid,2025-06-27T10:55:00
se_003604,co_0424,renewal,small,,2025-07-27,2025-07-27,,,monthly,68,200,200,GBP,paid,2025-07-27T09:20:00
se_003605,co_0424,renewal,Small,,2025-08-27,2025-08-27,,,monthly,68,200,200,GBP,paid,2025-08-27T10:43:00
se_003606,co_0424,renewal,Small,,2025-09-27,2025-09-27,,,monthly,68,200,200,GBP,paid,2025-09-27T10:55:00
se_003607,co_0424,renewal,Small,,2025-10-27,2025-10-27,,,monthly,68,200,200,GBP,paid,2025-10-27T08:24:00
se_003608,co_0424,renewal,Small,,2025-11-27,2025-11-27,,,monthly,68,200,200,GBP,paid,2025-11-27T11:26:00
se_003609,co_0424,renewal,Small,,2025-12-27,2025-12-27,,,monthly,68,200,200,GBP,paid,2025-12-27T11:56:00
se_003610,co_0424,renewal,Small,,2026-01-27,2026-01-27,,,monthly,68,200,200,GBP,paid,2026-01-27T15:52:00
se_003611,co_0424,renewal,Small,,2026-02-27,2026-02-27,,,monthly,68,200,200,GBP,paid,2026-02-27T17:06:00
se_003612,co_0424,renewal,Small,,2026-03-27,2026-03-27,,,monthly,68,200,200,GBP,paid,2026-03-27T19:02:00
se_003613,co_0424,renewal,Small,,2026-04-27,2026-04-27,,,monthly,68,200,200,GBP,paid,2026-04-27T10:31:00
se_003614,co_0424,renewal,Small,,2026-05-27,2026-05-27,,,monthly,68,200,200,GBP,paid,2026-05-27T12:21:00
se_003615,co_0424,renewal,Small,,2026-06-27,2026-06-27,,,monthly,68,200,200,GBP,paid,2026-06-27T18:20:00
se_003616,co_0425,trial_start,Small,,,,,2024-10-05,annual,61,0,0,GBP,not_applicable,2024-09-28T08:00:00
se_003617,co_0426,trial_start,Small,,,,,2025-12-14,annual,78,0,0,GBP,not_applicable,2025-12-07T10:56:00
se_003618,co_0426,converted,Small,,2025-12-15,2025-12-15,,,annual,78,200,2400,GBP,paid,2025-12-15T10:50:00
se_003619,co_0427,trial_start,Small,,,,,2025-05-11,annual,79,0,0,GBP,not_applicable,2025-05-04T11:40:00
se_003620,co_0428,trial_start,Medium,,,,,2026-06-24,annual,126,0,0,GBP,not_applicable,2026-06-17T19:21:00
se_003621,co_0428,converted,Medium,,2026-06-24,2026-06-24,,,annual,126,750,9000,GBP,paid,2026-06-24T08:57:00
se_003622,co_0429,trial_start,Small,,,,,2025-05-03,annual,29,0,0,GBP,not_applicable,2025-04-26T09:14:00
se_003623,co_0430,trial_start,Small,,,,,2024-07-04,monthly,36,0,0,GBP,not_applicable,2024-06-27T11:41:00
se_003624,co_0431,trial_start,Medium,,,,,2025-05-02,annual,394,0,0,GBP,not_applicable,2025-04-25T12:46:00
se_003625,co_0431,converted,Medium,,2025-05-04,2025-05-04,,,annual,394,750,9000,GBP,paid,2025-05-04T10:35:00
se_003626,co_0431,renewal,Medium,,2026-05-04,2026-05-04,,,annual,394,750,9000,GBP,paid,2026-05-04T10:41:00
se_003627,co_0432,trial_start,Small,,,,,2025-07-04,annual,56,0,0,GBP,not_applicable,2025-06-27T10:22:00
se_003628,co_0433,trial_start,Small,,,,,2025-03-13,monthly,66,0,0,GBP,not_applicable,2025-03-06T14:12:00
se_003629,co_0433,converted,Small,,2025-03-09,2025-03-09,,,monthly,66,200,200,GBP,paid,2025-03-09T09:28:00
se_003630,co_0433,renewal,Small,,2025-04-09,2025-04-09,,,monthly,66,200,200,GBP,paid,2025-04-09T18:24:00
se_003631,co_0433,renewal,Small,,2025-05-09,2025-05-09,,,monthly,66,200,200,GBP,paid,2025-05-09T18:19:00
se_003632,co_0433,renewal,Small,,2025-06-09,2025-06-09,,,monthly,66,200,200,GBP,paid,2025-06-09T11:17:00
se_003633,co_0433,renewal,Small,,2025-07-09,2025-07-09,,,monthly,66,200,200,GBP,paid,2025-07-09T18:38:00
se_003634,co_0433,renewal,Small,,2025-08-09,2025-08-09,,,monthly,66,200,200,GBP,paid,2025-08-09T19:44:00
se_003635,co_0433,renewal,Small,,2025-09-09,2025-09-09,,,monthly,66,200,200,GBP,paid,2025-09-09T19:06:00
se_003636,co_0433,renewal,Small,,2025-10-09,2025-10-09,,,monthly,66,200,200,GBP,paid,2025-10-09T14:02:00
se_003637,co_0433,renewal,Small,,2025-11-09,2025-11-09,,,monthly,66,200,200,GBP,paid,2025-11-09T08:51:00
se_003638,co_0433,renewal,Small,,2025-12-09,2025-12-09,,,monthly,66,200,200,GBP,paid,2025-12-09T15:14:00
se_003639,co_0433,renewal,Small,,2026-01-09,2026-01-09,,,monthly,66,200,200,GBP,paid,2026-01-09T19:11:00
se_003640,co_0433,renewal,Small,,2026-02-09,2026-02-09,,,monthly,66,200,200,GBP,paid,2026-02-09T10:11:00
se_003641,co_0433,renewal,Small,,2026-03-09,2026-03-09,,,monthly,66,200,200,GBP,paid,2026-03-09T10:58:00
se_003642,co_0433,renewal,Small,,2026-04-09,2026-04-09,,,monthly,66,200,200,GBP,paid,2026-04-09T13:47:00
se_003643,co_0433,renewal,Small ,,2026-05-09,2026-05-09,,,monthly,66,200,200,GBP,paid,2026-05-09T17:36:00
se_003644,co_0433,renewal,Small,,2026-06-09,2026-06-09,,,monthly,66,200,200,GBP,paid,2026-06-09T14:36:00
se_003645,co_0434,trial_start,Large,,,,,2024-02-22,monthly,734,0,0,GBP,not_applicable,2024-02-15T15:24:00
se_003646,co_0434,converted,Large,,2024-02-19,2024-02-19,,,monthly,734,1500,1500,GBP,paid,2024-02-19T17:31:00
se_003647,co_0434,renewal,Large,,2024-03-19,2024-03-19,,,monthly,734,1500,1500,GBP,paid,2024-03-19T17:41:00
se_003648,co_0434,renewal,Large,,2024-04-19,2024-04-19,,,monthly,734,1500,1500,GBP,paid,2024-04-19T08:23:00
se_003649,co_0434,renewal,Large,,2024-05-19,2024-05-19,,,monthly,734,1500,1500,GBP,paid,2024-05-19T12:56:00
se_003650,co_0434,payment_failed,Large,,2024-06-19,2024-06-19,,,monthly,734,1500,1500,GBP,failed,2024-06-19T15:54:00
se_003651,co_0434,payment_recovered,Large,,2024-07-03,2024-07-03,,,monthly,734,1500,1500,GBP,paid,2024-07-03T08:33:00
se_003652,co_0434,renewal,Large,,2024-08-01,2024-07-19,,,monthly,734,1500,1500,GBP,paid,2024-07-19T14:01:00
se_003653,co_0434,renewal,Large,,2024-08-19,2024-08-19,,,monthly,734,1500,1500,GBP,paid,2024-08-19T14:27:00
se_003654,co_0434,renewal,Large,,2024-09-19,2024-09-19,,,monthly,734,1500,1500,GBP,paid,2024-09-19T08:22:00
se_003655,co_0434,renewal,Large,,2024-10-19,2024-10-19,,,monthly,734,1500,1500,GBP,paid,2024-10-19T14:03:00
se_003656,co_0434,renewal,Large,,2024-11-19,2024-11-19,,,monthly,734,1500,1500,GBP,paid,2024-11-19T13:08:00
se_003657,co_0434,renewal,Large,,2024-12-19,2024-12-19,,,monthly,734,1500,1500,GBP,paid,2024-12-19T09:03:00
se_003658,co_0434,renewal,Large,,2025-01-19,2025-01-19,,,monthly,734,1500,1500,GBP,paid,2025-01-19T14:47:00
se_003659,co_0434,renewal,Large,,2025-02-19,2025-02-19,,,monthly,734,1500,1500,GBP,paid,2025-02-19T17:11:00
se_003660,co_0434,renewal,Large,,2025-03-19,2025-03-19,,,monthly,734,1500,1500,GBP,paid,2025-03-19T16:43:00
se_003661,co_0434,renewal,Large,,2025-04-19,2025-04-19,,,monthly,734,1500,1500,GBP,paid,2025-04-19T15:51:00
se_003662,co_0434,renewal,Large,,2025-05-19,2025-05-19,,,monthly,734,1500,1500,GBP,paid,2025-05-19T15:44:00
se_003663,co_0434,renewal,Large,,2025-07-10,2025-06-19,,,monthly,734,1500,1500,GBP,paid,2025-06-19T13:11:00
se_003664,co_0434,renewal,Large,,2025-07-19,2025-07-19,,,monthly,734,1500,1500,GBP,paid,2025-07-19T16:54:00
se_003665,co_0434,renewal,Large,,2025-08-19,2025-08-19,,,monthly,734,1500,1500,GBP,paid,2025-08-19T13:15:00
se_003666,co_0434,renewal,Large,,2025-09-19,2025-09-19,,,monthly,734,1500,1500,GBP,paid,2025-09-19T16:17:00
se_003667,co_0434,renewal,Large,,2025-11-09,2025-10-19,,,monthly,734,1500,1500,GBP,paid,2025-10-19T10:29:00
se_003668,co_0434,renewal,Large,,2025-11-25,2025-11-19,,,monthly,734,1500,1500,GBP,paid,2025-11-19T11:30:00
se_003669,co_0434,renewal,Large,,2025-12-19,2025-12-19,,,monthly,734,1500,1500,GBP,paid,2025-12-19T14:16:00
se_003670,co_0434,renewal,Large,,2026-01-30,2026-01-19,,,monthly,734,1500,1500,GBP,paid,2026-01-19T10:34:00
se_003671,co_0434,renewal,Large,,2026-02-19,2026-02-19,,,monthly,734,1500,1500,GBP,paid,2026-02-19T13:20:00
se_003672,co_0434,renewal,Large,,2026-03-19,2026-03-19,,,monthly,734,1500,1500,GBP,paid,2026-03-19T16:19:00
se_003673,co_0434,renewal,Large,,2026-04-19,2026-04-19,,,monthly,734,1500,1500,GBP,paid,2026-04-19T13:27:00
se_003674,co_0434,payment_failed,Large,,2026-05-19,2026-05-19,,,monthly,734,1500,1500,GBP,failed,2026-05-19T11:23:00
se_003675,co_0434,renewal,Large,,2026-06-19,2026-06-19,,,monthly,734,1500,1500,GBP,paid,2026-06-19T13:12:00
se_003676,co_0435,trial_start,Small,,,,,2023-11-07,monthly,64,0,0,GBP,not_applicable,2023-10-31T09:41:00
se_003677,co_0435,converted,Small,,2023-11-10,2023-11-10,,,monthly,64,200,200,GBP,paid,2023-11-10T10:07:00
se_003678,co_0435,renewal,Small,,2023-12-10,2023-12-10,,,monthly,64,200,200,GBP,paid,2023-12-10T18:31:00
se_003679,co_0435,renewal,Small ,,2024-01-10,2024-01-10,,,monthly,64,200,200,GBP,paid,2024-01-10T13:59:00
se_003680,co_0435,renewal,Small,,2024-02-10,2024-02-10,,,monthly,64,200,200,GBP,paid,2024-02-10T09:19:00
se_003681,co_0435,renewal,Small,,2024-03-10,2024-03-10,,,monthly,64,200,200,GBP,paid,2024-03-10T11:22:00
se_003682,co_0435,renewal,Small,,2024-04-10,2024-04-10,,,monthly,64,200,200,GBP,paid,2024-04-10T17:07:00
se_003683,co_0435,renewal,Small,,2024-05-10,2024-05-10,,,monthly,64,200,200,GBP,paid,2024-05-10T08:19:00
se_003684,co_0435,renewal,Small,,2024-06-10,2024-06-10,,,monthly,64,200,200,GBP,paid,2024-06-10T15:06:00
se_003685,co_0435,renewal,Small,,2024-07-10,2024-07-10,,,monthly,64,200,200,GBP,paid,2024-07-10T12:31:00
se_003686,co_0435,renewal,Small,,2024-08-10,2024-08-10,,,monthly,64,200,200,GBP,paid,2024-08-10T17:50:00
se_003687,co_0435,renewal,Small,,2024-09-10,2024-09-10,,,monthly,64,200,200,GBP,paid,2024-09-10T15:09:00
se_003688,co_0435,renewal,Small,,2024-10-10,2024-10-10,,,monthly,64,200,200,GBP,paid,2024-10-10T17:19:00
se_003689,co_0435,renewal,Small,,2024-11-10,2024-11-10,,,monthly,64,200,200,GBP,paid,2024-11-10T11:17:00
se_003690,co_0435,renewal,Small,,2024-12-10,2024-12-10,,,monthly,64,200,200,GBP,paid,2024-12-10T14:45:00
se_003691,co_0435,renewal,Small,,2025-01-10,2025-01-10,,,monthly,64,200,200,GBP,paid,2025-01-10T19:43:00
se_003692,co_0435,renewal,Small,,2025-02-10,2025-02-10,,,monthly,64,200,200,GBP,paid,2025-02-10T16:48:00
se_003693,co_0435,renewal,Small,,2025-03-10,2025-03-10,,,monthly,64,200,200,GBP,paid,2025-03-10T18:47:00
se_003694,co_0435,renewal,Small,,2025-04-10,2025-04-10,,,monthly,64,200,200,GBP,paid,2025-04-10T08:50:00
se_003695,co_0435,payment_failed,Small,,2025-05-10,2025-05-10,,,monthly,64,200,200,GBP,failed,2025-05-10T15:25:00
se_003696,co_0435,renewal,Small,,2025-06-10,2025-06-10,,,monthly,64,200,200,GBP,paid,2025-06-10T18:23:00
se_003697,co_0435,renewal,Small,,2025-07-10,2025-07-10,,,monthly,64,200,200,GBP,paid,2025-07-10T13:28:00
se_003698,co_0435,renewal,Small,,2025-08-10,2025-08-10,,,monthly,64,200,200,GBP,paid,2025-08-10T09:58:00
se_003699,co_0435,renewal,Small,,2025-09-10,2025-09-10,,,monthly,64,200,200,GBP,paid,2025-09-10T12:09:00
se_003700,co_0435,renewal,Small,,2025-10-10,2025-10-10,,,monthly,64,200,200,GBP,paid,2025-10-10T15:45:00
se_003701,co_0435,renewal,Small,,2025-11-10,2025-11-10,,,monthly,64,200,200,GBP,paid,2025-11-10T19:33:00
se_003702,co_0435,renewal,Small,,2025-12-10,2025-12-10,,,monthly,64,200,200,GBP,paid,2025-12-10T08:04:00
se_003703,co_0435,renewal,Small,,2026-01-10,2026-01-10,,,monthly,64,200,200,GBP,paid,2026-01-10T19:00:00
se_003704,co_0435,renewal,Small,,2026-02-10,2026-02-10,,,monthly,64,200,200,GBP,paid,2026-02-10T09:06:00
se_003705,co_0435,renewal,Small,,2026-03-10,2026-03-10,,,monthly,64,200,200,GBP,paid,2026-03-10T11:02:00
se_003706,co_0435,renewal,Small,,2026-04-10,2026-04-10,,,monthly,64,200,200,GBP,paid,2026-04-10T10:31:00
se_003707,co_0435,renewal,Small,,2026-05-10,2026-05-10,,,monthly,64,200,200,GBP,paid,2026-05-10T09:49:00
se_003708,co_0435,renewal,Small,,2026-06-10,2026-06-10,,,monthly,64,200,200,GBP,paid,2026-06-10T11:27:00
se_003709,co_0436,trial_start,Medium,,,,,2023-09-02,monthly,223,0,0,GBP,not_applicable,2023-08-26T08:35:00
se_003710,co_0436,converted,Medium,,2023-08-31,2023-08-31,,,monthly,223,750,750,GBP,paid,2023-08-31T13:15:00
se_003711,co_0436,renewal,Medium,,2023-09-30,2023-09-30,,,monthly,223,750,750,GBP,paid,2023-09-30T13:06:00
se_003712,co_0436,renewal,Medium,,2023-10-30,2023-10-30,,,monthly,223,750,750,GBP,paid,2023-10-30T12:21:00
se_003713,co_0436,renewal,Medium,,2023-11-30,2023-11-30,,,monthly,223,750,750,GBP,paid,2023-11-30T16:54:00
se_003714,co_0436,renewal,Medium,,2023-12-30,2023-12-30,,,monthly,223,750,750,GBP,paid,2023-12-30T11:33:00
se_003715,co_0436,renewal,Medium,,2024-01-30,2024-01-30,,,monthly,223,750,750,GBP,paid,2024-01-30T15:50:00
se_003716,co_0436,renewal,Medium,,2024-02-29,2024-02-29,,,monthly,223,750,750,GBP,paid,2024-02-29T13:35:00
se_003717,co_0436,upgrade,Large,Medium,2024-03-08,2024-03-08,,,monthly,223,1500,1500,GBP,paid,2024-03-08T08:21:00
se_003718,co_0436,renewal,Large,,2024-03-29,2024-03-29,,,monthly,223,1500,1500,GBP,paid,2024-03-29T16:40:00
se_003719,co_0436,renewal,Large,,2024-04-29,2024-04-29,,,monthly,223,1500,1500,GBP,paid,2024-04-29T17:53:00
se_003720,co_0436,renewal,Large,,2024-05-29,2024-05-29,,,monthly,223,1500,1500,GBP,paid,2024-05-29T11:25:00
se_003721,co_0436,renewal,Large,,2024-06-29,2024-06-29,,,monthly,223,1500,1500,GBP,paid,2024-06-29T17:55:00
se_003722,co_0436,renewal,Large,,2024-08-12,2024-07-29,,,monthly,223,1500,1500,GBP,paid,2024-07-29T17:30:00
se_003723,co_0436,renewal,Large,,2024-08-29,2024-08-29,,,monthly,223,1500,1500,GBP,paid,2024-08-29T17:52:00
se_003724,co_0436,renewal,Large,,2024-09-29,2024-09-29,,,monthly,223,1500,1500,GBP,paid,2024-09-29T12:24:00
se_003725,co_0436,renewal,Large,,2024-10-29,2024-10-29,,,monthly,223,1500,1500,GBP,paid,2024-10-29T12:48:00
se_003726,co_0436,renewal,Large,,2024-11-29,2024-11-29,,,monthly,223,1500,1500,GBP,paid,2024-11-29T10:10:00
se_003727,co_0436,renewal,Large,,2024-12-29,2024-12-29,,,monthly,223,1500,1500,GBP,paid,2024-12-29T15:01:00
se_003728,co_0436,renewal,Large,,2025-01-29,2025-01-29,,,monthly,223,1500,1500,GBP,paid,2025-01-29T18:13:00
se_003729,co_0436,renewal,Large,,2025-02-28,2025-02-28,,,monthly,223,1500,1500,GBP,paid,2025-02-28T09:19:00
se_003730,co_0436,renewal,Large,,2025-03-28,2025-03-28,,,monthly,223,1500,1500,GBP,paid,2025-03-28T09:26:00
se_003731,co_0436,renewal,Large,,2025-04-28,2025-04-28,,,monthly,223,1500,1500,GBP,paid,2025-04-28T18:01:00
se_003732,co_0436,renewal,Large,,2025-05-28,2025-05-28,,,monthly,223,1500,1500,GBP,paid,2025-05-28T11:35:00
se_003733,co_0436,renewal,Large,,2025-06-28,2025-06-28,,,monthly,223,1500,1500,GBP,paid,2025-06-28T09:38:00
se_003734,co_0436,renewal,Large,,2025-07-28,2025-07-28,,,monthly,223,1500,1500,GBP,paid,2025-07-28T17:57:00
se_003735,co_0436,renewal,Large,,2025-08-28,2025-08-28,,,monthly,223,1500,1500,GBP,paid,2025-08-28T08:44:00
se_003736,co_0436,renewal,Large,,2025-09-28,2025-09-28,,,monthly,223,1500,1500,GBP,paid,2025-09-28T09:21:00
se_003737,co_0436,renewal,Large,,2025-10-28,2025-10-28,,,monthly,223,1500,1500,GBP,paid,2025-10-28T15:53:00
se_003738,co_0436,renewal,Large,,2025-12-12,2025-11-28,,,monthly,223,1500,1500,GBP,paid,2025-11-28T10:19:00
se_003739,co_0436,upgrade,Bespoke,Large,2025-12-07,2025-12-07,,,monthly,223,1500,1500,GBP,paid,2025-12-07T10:11:00
se_003740,co_0436,renewal,Bespoke,,2025-12-28,2025-12-28,,,monthly,223,1500,1500,GBP,paid,2025-12-28T10:11:00
se_003741,co_0436,renewal,Bespoke,,2026-01-28,2026-01-28,,,monthly,223,1500,1500,GBP,paid,2026-01-28T08:46:00
se_003742,co_0436,renewal,Bespoke,,2026-02-28,2026-02-28,,,monthly,223,1500,1500,GBP,paid,2026-02-28T18:59:00
se_003743,co_0436,payment_failed,Bespoke,,2026-03-28,2026-03-28,,,monthly,223,1500,1500,GBP,failed,2026-03-28T14:46:00
se_003744,co_0436,payment_recovered,Bespoke,,2026-04-09,2026-04-09,,,monthly,223,1500,1500,GBP,paid,2026-04-09T18:00:00
se_003745,co_0436,renewal,Bespoke,,2026-04-28,2026-04-28,,,monthly,223,1500,1500,GBP,paid,2026-04-28T14:45:00
se_003746,co_0436,renewal,Bespoke,,2026-05-28,2026-05-28,,,monthly,223,1500,1500,GBP,paid,2026-05-28T08:46:00
se_003747,co_0436,renewal,Bespoke,,2026-06-28,2026-06-28,,,monthly,223,1500,1500,GBP,paid,2026-06-28T17:55:00
se_003748,co_0437,trial_start,Small,,,,,2025-07-01,annual,62,0,0,GBP,not_applicable,2025-06-24T13:25:00
se_003749,co_0437,converted,Small,,2025-07-03,2025-07-03,,,annual,62,200,2400,GBP,paid,2025-07-03T11:35:00
se_003750,co_0438,trial_start,Small,,,,,2025-07-29,monthly,100,0,0,GBP,not_applicable,2025-07-22T13:41:00
se_003751,co_0438,converted,Small,,2025-07-30,2025-07-30,,,monthly,100,200,200,GBP,paid,2025-07-30T11:49:00
se_003752,co_0438,renewal,Small,,2025-08-30,2025-08-30,,,monthly,100,200,200,GBP,paid,2025-08-30T16:34:00
se_003753,co_0438,renewal,Small,,2025-09-30,2025-09-30,,,monthly,100,200,200,GBP,paid,2025-09-30T12:44:00
se_003754,co_0438,renewal,Small,,2025-10-30,2025-10-30,,,monthly,100,200,200,GBP,paid,2025-10-30T14:17:00
se_003755,co_0438,renewal,Small,,2025-11-30,2025-11-30,,,monthly,100,200,200,GBP,paid,2025-11-30T17:12:00
se_003756,co_0438,renewal,Small,,2025-12-30,2025-12-30,,,monthly,100,200,200,GBP,paid,2025-12-30T09:15:00
se_003757,co_0438,renewal,Small,,2026-01-30,2026-01-30,,,monthly,100,200,200,GBP,paid,2026-01-30T16:22:00
se_003758,co_0438,renewal,Small,,2026-02-28,2026-02-28,,,monthly,100,200,200,GBP,paid,2026-02-28T12:34:00
se_003759,co_0438,renewal,Small,,2026-03-28,2026-03-28,,,monthly,100,200,200,GBP,paid,2026-03-28T12:24:00
se_003760,co_0438,renewal,Small,,2026-04-28,2026-04-28,,,monthly,100,200,200,GBP,paid,2026-04-28T10:41:00
se_003761,co_0438,renewal,Small,,2026-05-28,2026-05-28,,,monthly,100,200,200,GBP,paid,2026-05-28T09:03:00
se_003762,co_0438,renewal,Small,,2026-06-28,2026-06-28,,,monthly,100,200,200,GBP,paid,2026-06-28T15:14:00
se_003763,co_0439,trial_start,Small,,,,,2024-12-10,monthly,72,0,0,GBP,not_applicable,2024-12-03T17:13:00
se_003764,co_0439,converted,Small,,2024-12-07,2024-12-07,,,monthly,72,200,200,GBP,paid,2024-12-07T18:50:00
se_003765,co_0439,renewal,Small,,2025-01-07,2025-01-07,,,monthly,72,200,200,GBP,paid,2025-01-07T12:08:00
se_003766,co_0439,renewal,Small,,2025-02-12,2025-02-07,,,monthly,72,200,200,GBP,paid,2025-02-07T08:35:00
se_003767,co_0439,renewal,Small,,2025-03-07,2025-03-07,,,monthly,72,200,200,GBP,paid,2025-03-07T14:09:00
se_003768,co_0439,renewal,Small,,2025-04-07,2025-04-07,,,monthly,72,200,200,GBP,paid,2025-04-07T11:25:00
se_003769,co_0439,renewal,Small,,2025-05-19,2025-05-07,,,monthly,72,200,200,GBP,paid,2025-05-07T12:15:00
se_003770,co_0439,renewal,small,,2025-06-07,2025-06-07,,,monthly,72,200,200,GBP,paid,2025-06-07T17:29:00
se_003771,co_0439,renewal,Small,,2025-07-07,2025-07-07,,,monthly,72,200,200,GBP,paid,2025-07-07T17:03:00
se_003772,co_0439,renewal,Small,,2025-08-07,2025-08-07,,,monthly,72,200,200,GBP,paid,2025-08-07T09:26:00
se_003773,co_0439,renewal,Small,,2025-09-07,2025-09-07,,,monthly,72,200,200,GBP,paid,2025-09-07T17:30:00
se_003774,co_0439,renewal,Small,,2025-10-07,2025-10-07,,,monthly,72,200,200,GBP,paid,2025-10-07T14:15:00
se_003775,co_0439,renewal,Small,,2025-11-07,2025-11-07,,,monthly,72,200,200,GBP,paid,2025-11-07T12:30:00
se_003776,co_0439,renewal,Small,,2025-12-07,2025-12-07,,,monthly,72,200,200,GBP,paid,2025-12-07T18:46:00
se_003777,co_0439,renewal,Small,,2026-01-07,2026-01-07,,,monthly,72,200,200,GBP,paid,2026-01-07T09:25:00
se_003778,co_0439,renewal,Small,,2026-02-07,2026-02-07,,,monthly,72,200,200,GBP,paid,2026-02-07T11:18:00
se_003779,co_0439,renewal,Small,,2026-03-07,2026-03-07,,,monthly,72,200,200,GBP,paid,2026-03-07T19:01:00
se_003780,co_0439,renewal,Small,,2026-04-07,2026-04-07,,,monthly,72,200,200,GBP,paid,2026-04-07T14:10:00
se_003781,co_0439,renewal,Small,,2026-05-07,2026-05-07,,,monthly,72,200,200,GBP,paid,2026-05-07T16:54:00
se_003782,co_0439,renewal,Small,,2026-06-07,2026-06-07,,,monthly,72,200,200,GBP,paid,2026-06-07T12:17:00
se_003783,co_0440,trial_start,Small,,,,,2025-07-25,annual,71,0,0,GBP,not_applicable,2025-07-18T15:46:00
se_003784,co_0440,converted,Small,,2025-07-23,2025-07-23,,,annual,71,200,2400,GBP,paid,2025-07-23T11:28:00
se_003785,co_0441,trial_start,Medium,,,,,2026-01-08,annual,338,0,0,GBP,not_applicable,2026-01-01T17:37:00
se_003786,co_0441,converted,Medium,,2026-01-05,2026-01-05,,,annual,338,750,9000,GBP,paid,2026-01-05T14:15:00
se_003787,co_0442,trial_start,Medium,,,,,2026-06-05,monthly,223,0,0,GBP,not_applicable,2026-05-29T17:38:00
se_003788,co_0443,trial_start,Small ,,,,,2023-12-31,annual,33,0,0,GBP,not_applicable,2023-12-24T17:49:00
se_003789,co_0444,trial_start,Small,,,,,2026-02-27,monthly,74,0,0,GBP,not_applicable,2026-02-20T13:00:00
se_003790,co_0445,trial_start,Small,,,,,2025-08-04,annual,35,0,0,GBP,not_applicable,2025-07-28T11:40:00
se_003791,co_0445,converted,Small,,2025-08-03,2025-08-03,,,annual,35,200,2400,GBP,paid,2025-08-03T15:45:00
se_003792,co_0446,trial_start,Medium,,,,,2024-10-31,annual,266,0,0,GBP,not_applicable,2024-10-24T09:12:00
se_003793,co_0446,converted,Medium,,2024-11-02,2024-11-02,,,annual,266,750,9000,GBP,paid,2024-11-02T09:39:00
se_003794,co_0446,renewal,Medium,,2025-11-02,2025-11-02,,,annual,266,750,9000,GBP,paid,2025-11-02T08:03:00
se_003795,co_0447,trial_start,Small,,,,,2023-12-22,monthly,88,0,0,GBP,not_applicable,2023-12-15T19:54:00
se_003796,co_0447,converted,Small,,2023-12-18,2023-12-18,,,monthly,88,200,200,GBP,paid,2023-12-18T14:38:00
se_003797,co_0447,renewal,Small,,2024-01-18,2024-01-18,,,monthly,88,200,200,GBP,paid,2024-01-18T11:25:00
se_003798,co_0447,renewal,Small,,2024-02-18,2024-02-18,,,monthly,88,200,200,GBP,paid,2024-02-18T08:02:00
se_003799,co_0447,renewal,Small,,2024-03-18,2024-03-18,,,monthly,88,200,200,GBP,paid,2024-03-18T16:41:00
se_003800,co_0447,renewal,Small,,2024-04-18,2024-04-18,,,monthly,88,200,200,GBP,paid,2024-04-18T16:07:00
se_003801,co_0447,renewal,Small,,2024-05-18,2024-05-18,,,monthly,88,200,200,GBP,paid,2024-05-18T09:56:00
se_003802,co_0447,renewal,Small,,2024-06-18,2024-06-18,,,monthly,88,200,200,GBP,paid,2024-06-18T12:40:00
se_003803,co_0447,renewal,Small,,2024-07-18,2024-07-18,,,monthly,88,200,200,GBP,paid,2024-07-18T12:28:00
se_003804,co_0447,renewal,Small,,2024-08-18,2024-08-18,,,monthly,88,200,200,GBP,paid,2024-08-18T10:45:00
se_003805,co_0447,renewal,Small,,2024-09-18,2024-09-18,,,monthly,88,200,200,GBP,paid,2024-09-18T09:05:00
se_003806,co_0447,renewal,Small,,2024-10-18,2024-10-18,,,monthly,88,200,200,GBP,paid,2024-10-18T10:01:00
se_003807,co_0447,renewal,Small,,2024-11-18,2024-11-18,,,monthly,88,200,200,GBP,paid,2024-11-18T13:35:00
se_003808,co_0447,renewal,Small,,2024-12-18,2024-12-18,,,monthly,88,200,200,GBP,paid,2024-12-18T14:55:00
se_003809,co_0447,renewal,Small,,2025-01-18,2025-01-18,,,monthly,88,200,200,GBP,paid,2025-01-18T19:35:00
se_003810,co_0447,renewal,Small,,2025-02-21,2025-02-18,,,monthly,88,200,200,GBP,paid,2025-02-18T19:10:00
se_003811,co_0447,renewal,Small,,2025-03-18,2025-03-18,,,monthly,88,200,200,GBP,paid,2025-03-18T11:58:00
se_003812,co_0447,renewal,Small,,2025-04-18,2025-04-18,,,monthly,88,200,200,GBP,paid,2025-04-18T11:15:00
se_003813,co_0447,renewal,Small,,2025-05-18,2025-05-18,,,monthly,88,200,200,GBP,paid,2025-05-18T08:03:00
se_003814,co_0447,renewal,SMALL,,2025-06-18,2025-06-18,,,monthly,88,200,200,GBP,paid,2025-06-18T11:07:00
se_003815,co_0447,renewal,Small,,2025-07-18,2025-07-18,,,monthly,88,200,200,GBP,paid,2025-07-18T19:34:00
se_003816,co_0447,renewal,Small,,2025-08-18,2025-08-18,,,monthly,88,200,200,GBP,paid,2025-08-18T13:02:00
se_003817,co_0447,renewal,Small ,,2025-09-18,2025-09-18,,,monthly,88,200,200,GBP,paid,2025-09-18T17:36:00
se_003818,co_0447,renewal,Small,,2025-10-24,2025-10-18,,,monthly,88,200,200,GBP,paid,2025-10-18T09:29:00
se_003819,co_0447,renewal,Small,,2025-11-18,2025-11-18,,,monthly,88,200,200,GBP,paid,2025-11-18T10:10:00
se_003820,co_0447,renewal,Small,,2025-12-18,2025-12-18,,,monthly,88,200,200,GBP,paid,2025-12-18T08:30:00
se_003821,co_0447,renewal,Small,,2026-02-04,2026-01-18,,,monthly,88,200,200,GBP,paid,2026-01-18T12:29:00
se_003822,co_0447,renewal,Small,,2026-02-18,2026-02-18,,,monthly,88,200,200,GBP,paid,2026-02-18T16:47:00
se_003823,co_0447,renewal,Small,,2026-03-18,2026-03-18,,,monthly,88,200,200,GBP,paid,2026-03-18T08:36:00
se_003824,co_0447,renewal,Small,,2026-04-18,2026-04-18,,,monthly,88,200,200,GBP,paid,2026-04-18T11:31:00
se_003825,co_0447,renewal,Small,,2026-05-18,2026-05-18,,,monthly,88,200,200,GBP,paid,2026-05-18T17:19:00
se_003826,co_0447,renewal,Small,,2026-06-18,2026-06-18,,,monthly,88,200,200,GBP,paid,2026-06-18T16:53:00
se_003827,co_0448,trial_start,Small,,,,,2026-04-14,monthly,54,0,0,GBP,not_applicable,2026-04-07T10:24:00
se_003828,co_0448,converted,Small,,2026-04-14,2026-04-14,,,monthly,54,200,200,GBP,paid,2026-04-14T13:26:00
se_003829,co_0448,renewal,Small,,2026-05-14,2026-05-14,,,monthly,54,200,200,GBP,paid,2026-05-14T16:53:00
se_003830,co_0448,renewal,Small,,2026-06-14,2026-06-14,,,monthly,54,200,200,GBP,paid,2026-06-14T13:10:00
se_003831,co_0449,trial_start,Small,,,,,2024-11-09,annual,106,0,0,GBP,not_applicable,2024-11-02T19:27:00
se_003832,co_0449,converted,Small,,2024-11-09,2024-11-09,,,annual,106,200,2400,GBP,paid,2024-11-09T11:07:00
se_003833,co_0449,renewal,Small,,2025-11-09,2025-11-09,,,annual,106,200,2400,GBP,paid,2025-11-09T08:50:00
se_003834,co_0450,trial_start,Medium,,,,,2024-10-25,monthly,144,0,0,GBP,not_applicable,2024-10-18T12:03:00
se_003835,co_0450,converted,Medium,,2024-10-25,2024-10-25,,,monthly,144,750,750,GBP,paid,2024-10-25T14:59:00
se_003836,co_0450,renewal,Medium,,2024-11-25,2024-11-25,,,monthly,144,750,750,GBP,paid,2024-11-25T19:24:00
se_003837,co_0450,renewal,Medium,,2024-12-25,2024-12-25,,,monthly,144,750,750,GBP,paid,2024-12-25T18:06:00
se_003838,co_0450,renewal,Medium,,2025-01-25,2025-01-25,,,monthly,144,750,750,GBP,paid,2025-01-25T10:47:00
se_003839,co_0450,renewal,Medium,,2025-02-25,2025-02-25,,,monthly,144,750,750,GBP,paid,2025-02-25T14:40:00
se_003840,co_0450,renewal,Medium,,2025-03-25,2025-03-25,,,monthly,144,750,750,GBP,paid,2025-03-25T08:33:00
se_003841,co_0450,payment_failed,Medium,,2025-04-25,2025-04-25,,,monthly,144,750,750,GBP,failed,2025-04-25T19:05:00
se_003842,co_0450,payment_recovered,Medium,,2025-05-12,2025-05-12,,,monthly,144,750,750,GBP,paid,2025-05-12T12:36:00
se_003843,co_0450,renewal,Medium,,2025-05-25,2025-05-25,,,monthly,144,750,750,GBP,paid,2025-05-25T09:11:00
se_003844,co_0450,renewal,Medium,,2025-06-25,2025-06-25,,,monthly,144,750,750,GBP,paid,2025-06-25T19:58:00
se_003845,co_0450,payment_failed,Medium,,2025-07-25,2025-07-25,,,monthly,144,750,750,GBP,failed,2025-07-25T09:24:00
se_003846,co_0450,renewal,Medium,,2025-08-25,2025-08-25,,,monthly,144,750,750,GBP,paid,2025-08-25T19:58:00
se_003847,co_0450,renewal,Medium,,2025-10-03,2025-09-25,,,monthly,144,750,750,GBP,paid,2025-09-25T19:14:00
se_003848,co_0450,renewal,Medium,,2025-11-13,2025-10-25,,,monthly,144,750,750,GBP,paid,2025-10-25T09:36:00
se_003849,co_0450,renewal,Medium,,2025-11-25,2025-11-25,,,monthly,144,750,750,GBP,paid,2025-11-25T13:14:00
se_003850,co_0450,renewal,Medium,,2025-12-25,2025-12-25,,,monthly,144,750,750,GBP,paid,2025-12-25T10:30:00
se_003851,co_0450,renewal,Medium,,2026-01-25,2026-01-25,,,monthly,144,750,750,GBP,paid,2026-01-25T16:00:00
se_003852,co_0450,renewal,Medium,,2026-02-25,2026-02-25,,,monthly,144,750,750,GBP,paid,2026-02-25T19:09:00
se_003853,co_0450,renewal,Medium,,2026-03-25,2026-03-25,,,monthly,144,750,750,GBP,paid,2026-03-25T15:10:00
se_003854,co_0450,payment_failed,Medium,,2026-04-25,2026-04-25,,,monthly,144,750,750,GBP,failed,2026-04-25T12:53:00
se_003855,co_0450,payment_recovered,Medium,,2026-05-05,2026-05-05,,,monthly,144,750,750,GBP,paid,2026-05-05T12:31:00
se_003856,co_0450,renewal,Medium,,2026-05-25,2026-05-25,,,monthly,144,750,750,GBP,paid,2026-05-25T17:32:00
se_003857,co_0450,renewal,Medium,,2026-06-25,2026-06-25,,,monthly,144,750,750,GBP,paid,2026-06-25T09:17:00
se_003858,co_0451,trial_start,Small,,,,,2023-12-25,annual,73,0,0,GBP,not_applicable,2023-12-18T17:15:00
se_003859,co_0451,converted,Small,,2023-12-25,2023-12-25,,,annual,73,200,2400,GBP,paid,2023-12-25T15:19:00
se_003860,co_0451,renewal,Small,,2024-12-25,2024-12-25,,,annual,73,200,2400,GBP,paid,2024-12-25T09:41:00
se_003861,co_0451,renewal,Small,,2025-12-25,2025-12-25,,,annual,73,200,2400,GBP,paid,2025-12-25T10:18:00
se_003862,co_0452,trial_start,Small,,,,,2026-05-19,annual,60,0,0,GBP,not_applicable,2026-05-12T11:16:00
se_003863,co_0453,trial_start,Small,,,,,2024-04-28,monthly,39,0,0,GBP,not_applicable,2024-04-21T16:11:00
se_003864,co_0453,converted,Small,,2024-04-28,2024-04-28,,,monthly,39,200,200,GBP,paid,2024-04-28T14:30:00
se_003865,co_0453,renewal,Small,,2024-05-28,2024-05-28,,,monthly,39,200,200,GBP,paid,2024-05-28T09:10:00
se_003866,co_0453,renewal,Small,,2024-06-28,2024-06-28,,,monthly,39,200,200,GBP,paid,2024-06-28T19:23:00
se_003867,co_0453,renewal,Small,,2024-07-28,2024-07-28,,,monthly,39,200,200,GBP,paid,2024-07-28T13:42:00
se_003868,co_0453,renewal,Small,,2024-08-28,2024-08-28,,,monthly,39,200,200,GBP,paid,2024-08-28T08:12:00
se_003869,co_0453,renewal,Small,,2024-10-16,2024-09-28,,,monthly,39,200,200,GBP,paid,2024-09-28T09:30:00
se_003870,co_0453,renewal,Small,,2024-10-28,2024-10-28,,,monthly,39,200,200,GBP,paid,2024-10-28T11:26:00
se_003871,co_0453,renewal,Small,,2024-11-28,2024-11-28,,,monthly,39,200,200,GBP,paid,2024-11-28T13:13:00
se_003872,co_0453,renewal,Small,,2024-12-28,2024-12-28,,,monthly,39,200,200,GBP,paid,2024-12-28T18:14:00
se_003873,co_0453,renewal,Small,,2025-01-28,2025-01-28,,,monthly,39,200,200,GBP,paid,2025-01-28T12:05:00
se_003874,co_0453,renewal,Small,,2025-02-28,2025-02-28,,,monthly,39,200,200,GBP,paid,2025-02-28T14:51:00
se_003875,co_0453,renewal,Small,,2025-04-14,2025-03-28,,,monthly,39,200,200,GBP,paid,2025-03-28T19:13:00
se_003876,co_0453,renewal,Small,,2025-04-28,2025-04-28,,,monthly,39,200,200,GBP,paid,2025-04-28T08:32:00
se_003877,co_0453,renewal,Small,,2025-05-28,2025-05-28,,,monthly,39,200,200,GBP,paid,2025-05-28T17:20:00
se_003878,co_0453,renewal,Small,,2025-06-28,2025-06-28,,,monthly,39,200,200,GBP,paid,2025-06-28T17:24:00
se_003879,co_0453,renewal,Small,,2025-07-28,2025-07-28,,,monthly,39,200,200,GBP,paid,2025-07-28T18:52:00
se_003880,co_0453,renewal,Small,,2025-08-28,2025-08-28,,,monthly,39,200,200,GBP,paid,2025-08-28T09:27:00
se_003881,co_0453,renewal,Small,,2025-09-28,2025-09-28,,,monthly,39,200,200,GBP,paid,2025-09-28T19:41:00
se_003882,co_0453,renewal,Small ,,2025-10-28,2025-10-28,,,monthly,39,200,200,GBP,paid,2025-10-28T18:28:00
se_003883,co_0453,renewal,Small,,2025-11-28,2025-11-28,,,monthly,39,200,200,GBP,paid,2025-11-28T09:58:00
se_003884,co_0453,renewal,Small,,2025-12-28,2025-12-28,,,monthly,39,200,200,GBP,paid,2025-12-28T14:08:00
se_003885,co_0453,payment_failed,Small,,2026-01-28,2026-01-28,,,monthly,39,200,200,GBP,failed,2026-01-28T09:25:00
se_003886,co_0453,payment_recovered,Small,,2026-02-17,2026-02-02,,,monthly,39,200,200,GBP,paid,2026-02-02T13:35:00
se_003887,co_0453,renewal,Small,,2026-02-28,2026-02-28,,,monthly,39,200,200,GBP,paid,2026-02-28T12:19:00
se_003888,co_0453,renewal,Small,,2026-03-28,2026-03-28,,,monthly,39,200,200,GBP,paid,2026-03-28T13:25:00
se_003889,co_0453,upgrade,Medium,Small,2026-04-07,2026-04-07,,,monthly,39,750,750,GBP,paid,2026-04-07T16:18:00
se_003890,co_0453,renewal,Medium,,2026-04-28,2026-04-28,,,monthly,39,750,750,GBP,paid,2026-04-28T11:35:00
se_003891,co_0453,renewal,Medium,,2026-05-28,2026-05-28,,,monthly,39,750,750,GBP,paid,2026-05-28T08:16:00
se_003892,co_0453,renewal,Medium,,2026-06-28,2026-06-28,,,monthly,39,750,750,GBP,paid,2026-06-28T12:22:00
se_003893,co_0454,trial_start,Medium,,,,,2024-10-17,annual,357,0,0,GBP,not_applicable,2024-10-10T08:26:00
se_003894,co_0454,converted,Medium,,2024-10-12,2024-10-12,,,annual,357,750,9000,GBP,paid,2024-10-12T15:43:00
se_003895,co_0454,renewal,Medium,,2025-10-25,2025-10-12,,,annual,357,750,9000,GBP,paid,2025-10-12T12:26:00
se_003896,co_0454,cancellation_scheduled,Medium,,,2025-12-12,,,annual,357,750,9000,GBP,not_applicable,2025-12-12T09:24:00
se_003897,co_0454,voluntary_churn,Medium,,,2026-01-13,2026-01-13,,annual,357,750,0,GBP,not_applicable,2026-01-13T15:23:00
se_003898,co_0455,trial_start,Medium,,,,,2024-01-01,annual,244,0,0,GBP,not_applicable,2023-12-25T17:15:00
se_003899,co_0455,converted,Medium,,2024-01-03,2024-01-03,,,annual,244,750,9000,GBP,paid,2024-01-03T11:50:00
se_003900,co_0455,renewal,Medium,,2025-01-03,2025-01-03,,,annual,244,750,9000,GBP,paid,2025-01-03T18:58:00
se_003901,co_0455,renewal,Medium,,2026-01-03,2026-01-03,,,annual,244,750,9000,GBP,paid,2026-01-03T14:26:00
se_003902,co_0456,trial_start,Small,,,,,2023-12-29,annual,123,0,0,GBP,not_applicable,2023-12-22T11:55:00
se_003903,co_0456,converted,Small,,2023-12-31,2023-12-31,,,annual,123,200,2400,GBP,paid,2023-12-31T15:38:00
se_003904,co_0456,renewal,SMALL,,2024-12-31,2024-12-31,,,annual,123,200,2400,GBP,paid,2024-12-31T14:48:00
se_003905,co_0456,renewal,Small,,2025-12-31,2025-12-31,,,annual,123,200,2400,GBP,paid,2025-12-31T14:52:00
se_003906,co_0457,trial_start,Small,,,,,2024-07-30,monthly,40,0,0,GBP,not_applicable,2024-07-23T10:37:00
se_003907,co_0457,converted,Small,,,2024-07-26,,,monthly,40,200,200,GBP,paid,2024-07-26T12:49:00
se_003908,co_0457,renewal,Small,,2024-08-26,2024-08-26,,,monthly,40,200,200,GBP,paid,2024-08-26T10:05:00
se_003909,co_0457,renewal,Small,,2024-09-26,2024-09-26,,,monthly,40,200,200,GBP,paid,2024-09-26T09:01:00
se_003910,co_0457,renewal,Small,,2024-10-26,2024-10-26,,,monthly,40,200,200,GBP,paid,2024-10-26T18:24:00
se_003911,co_0457,renewal,Small,,2024-11-26,2024-11-26,,,monthly,40,200,200,GBP,paid,2024-11-26T18:56:00
se_003912,co_0457,renewal,Small,,2024-12-26,2024-12-26,,,monthly,40,200,200,GBP,paid,2024-12-26T16:21:00
se_003913,co_0457,renewal,Small,,2025-01-26,2025-01-26,,,monthly,40,200,200,GBP,paid,2025-01-26T08:51:00
se_003914,co_0457,renewal,Small,,2025-02-26,2025-02-26,,,monthly,40,200,200,GBP,paid,2025-02-26T18:30:00
se_003915,co_0457,renewal,Small,,2025-03-26,2025-03-26,,,monthly,40,200,200,GBP,paid,2025-03-26T12:25:00
se_003916,co_0457,renewal,Small,,2025-04-26,2025-04-26,,,monthly,40,200,200,GBP,paid,2025-04-26T09:45:00
se_003917,co_0457,renewal,Small,,2025-05-26,2025-05-26,,,monthly,40,200,200,GBP,paid,2025-05-26T17:21:00
se_003918,co_0457,renewal,Small,,2025-06-26,2025-06-26,,,monthly,40,200,200,GBP,paid,2025-06-26T11:03:00
se_003919,co_0457,renewal,Small,,2025-07-26,2025-07-26,,,monthly,40,200,200,GBP,paid,2025-07-26T13:22:00
se_003920,co_0457,renewal,Small,,2025-08-26,2025-08-26,,,monthly,40,200,200,GBP,paid,2025-08-26T19:52:00
se_003921,co_0457,renewal,Small,,2025-09-26,2025-09-26,,,monthly,40,200,200,GBP,paid,2025-09-26T18:04:00
se_003922,co_0457,renewal,Small,,2025-10-26,2025-10-26,,,monthly,40,200,200,GBP,paid,2025-10-26T11:39:00
se_003923,co_0457,renewal,Small,,2025-11-26,2025-11-26,,,monthly,40,200,200,GBP,paid,2025-11-26T10:16:00
se_003924,co_0457,renewal,Small,,2025-12-26,2025-12-26,,,monthly,40,200,200,GBP,paid,2025-12-26T19:33:00
se_003925,co_0457,renewal,Small,,2026-01-26,2026-01-26,,,monthly,40,200,200,GBP,paid,2026-01-26T16:44:00
se_003926,co_0457,renewal,Small,,2026-02-26,2026-02-26,,,monthly,40,200,200,GBP,paid,2026-02-26T12:28:00
se_003927,co_0457,renewal,Small,,2026-03-26,2026-03-26,,,monthly,40,200,200,GBP,paid,2026-03-26T10:40:00
se_003928,co_0457,renewal,Small,,2026-04-26,2026-04-26,,,monthly,40,200,200,GBP,paid,2026-04-26T14:06:00
se_003929,co_0457,renewal,Small,,2026-05-26,2026-05-26,,,monthly,40,200,200,GBP,paid,2026-05-26T14:37:00
se_003930,co_0457,renewal,Small,,,2026-06-26,,,monthly,40,200,200,GBP,paid,2026-06-26T11:18:00
se_003931,co_0458,trial_start,Small,,,,,2025-09-10,monthly,83,0,0,GBP,not_applicable,2025-09-03T14:16:00
se_003932,co_0458,converted,Small,,2025-09-13,2025-09-13,,,monthly,83,200,200,GBP,paid,2025-09-13T14:00:00
se_003933,co_0458,renewal,Small,,2025-10-13,2025-10-13,,,monthly,83,200,200,GBP,paid,2025-10-13T10:13:00
se_003934,co_0458,renewal,Small,,2025-11-13,2025-11-13,,,monthly,83,200,200,GBP,paid,2025-11-13T14:18:00
se_003935,co_0458,renewal,Small,,2025-12-13,2025-12-13,,,monthly,83,200,200,GBP,paid,2025-12-13T13:15:00
se_003936,co_0458,renewal,Small,,2026-01-13,2026-01-13,,,monthly,83,200,200,GBP,paid,2026-01-13T13:24:00
se_003937,co_0458,renewal,Small,,2026-02-13,2026-02-13,,,monthly,83,200,200,GBP,paid,2026-02-13T16:35:00
se_003938,co_0458,renewal,Small,,2026-03-13,2026-03-13,,,monthly,83,200,200,GBP,paid,2026-03-13T08:47:00
se_003939,co_0458,renewal,Small,,2026-04-13,2026-04-13,,,monthly,83,200,200,GBP,paid,2026-04-13T10:31:00
se_003940,co_0458,renewal,Small,,2026-05-13,2026-05-13,,,monthly,83,200,200,GBP,paid,2026-05-13T10:14:00
se_003941,co_0458,renewal,Small,,2026-06-13,2026-06-13,,,monthly,83,200,200,GBP,paid,2026-06-13T19:37:00
se_003942,co_0459,trial_start,Medium,,,,,2026-01-23,monthly,427,0,0,GBP,not_applicable,2026-01-16T10:13:00
se_003943,co_0459,converted,Medium,,2026-01-21,2026-01-21,,,monthly,427,750,750,GBP,paid,2026-01-21T12:50:00
se_003944,co_0459,renewal,Medium ,,2026-02-21,2026-02-21,,,monthly,427,750,750,GBP,paid,2026-02-21T15:54:00
se_003945,co_0459,renewal,Medium,,2026-03-21,2026-03-21,,,monthly,427,750,750,GBP,paid,2026-03-21T16:00:00
se_003946,co_0459,renewal,Medium,,2026-04-21,2026-04-21,,,monthly,427,750,750,GBP,paid,2026-04-21T19:32:00
se_003947,co_0459,renewal,Medium,,2026-05-21,2026-05-21,,,monthly,427,750,750,GBP,paid,2026-05-21T10:05:00
se_003948,co_0459,renewal,Medium,,2026-06-21,2026-06-21,,,monthly,427,750,750,GBP,paid,2026-06-21T08:56:00
se_003949,co_0460,trial_start,Small,,,,,2024-09-02,annual,23,0,0,GBP,not_applicable,2024-08-26T11:15:00
se_003950,co_0460,converted,Small,,2024-09-05,2024-09-05,,,annual,23,200,2400,GBP,paid,2024-09-05T18:52:00
se_003951,co_0460,renewal,Small,,2025-09-05,2025-09-05,,,annual,23,200,2400,GBP,paid,2025-09-05T16:33:00
se_003952,co_0461,trial_start,Small,,,,,2025-04-14,annual,35,0,0,GBP,not_applicable,2025-04-07T17:59:00
se_003953,co_0462,trial_start,Medium,,,,,2024-10-17,monthly,111,0,0,GBP,not_applicable,2024-10-10T08:29:00
se_003954,co_0462,converted,Medium,,2024-10-14,2024-10-14,,,monthly,111,750,750,GBP,paid,2024-10-14T08:12:00
se_003955,co_0462,renewal,Medium,,2024-11-14,2024-11-14,,,monthly,111,750,750,GBP,paid,2024-11-14T09:51:00
se_003956,co_0462,renewal,Medium,,2024-12-26,2024-12-14,,,monthly,111,750,750,GBP,paid,2024-12-14T15:45:00
se_003957,co_0462,renewal,Medium,,2025-01-14,2025-01-14,,,monthly,111,750,750,GBP,paid,2025-01-14T14:33:00
se_003958,co_0462,renewal,Medium,,2025-02-14,2025-02-14,,,monthly,111,750,750,GBP,paid,2025-02-14T10:58:00
se_003959,co_0462,renewal,Medium,,2025-03-14,2025-03-14,,,monthly,111,750,750,GBP,paid,2025-03-14T15:56:00
se_003960,co_0462,renewal,Medium,,2025-04-14,2025-04-14,,,monthly,111,750,750,GBP,paid,2025-04-14T10:58:00
se_003961,co_0462,renewal,Medium,,2025-05-14,2025-05-14,,,monthly,111,750,750,GBP,paid,2025-05-14T13:00:00
se_003962,co_0462,renewal,Medium,,2025-06-22,2025-06-14,,,monthly,111,750,750,GBP,paid,2025-06-14T15:38:00
se_003963,co_0462,renewal,Medium,,2025-07-14,2025-07-14,,,monthly,111,750,750,GBP,paid,2025-07-14T09:14:00
se_003964,co_0462,renewal,Medium,,2025-08-14,2025-08-14,,,monthly,111,750,750,GBP,paid,2025-08-14T11:27:00
se_003965,co_0462,cancellation_scheduled,Medium,,,2025-07-29,,,monthly,111,750,750,GBP,not_applicable,2025-07-29T08:15:00
se_003966,co_0462,voluntary_churn,Medium,,,2025-09-11,2025-09-11,,monthly,111,750,0,GBP,not_applicable,2025-09-11T17:15:00
se_003967,co_0463,trial_start,Medium,,,,,2026-05-08,annual,214,0,0,GBP,not_applicable,2026-05-01T14:40:00
se_003968,co_0463,converted,Medium,,2026-05-08,2026-05-08,,,annual,214,750,9000,GBP,paid,2026-05-08T15:46:00
se_003969,co_0464,trial_start,Medium,,,,,2023-10-29,annual,213,0,0,GBP,not_applicable,2023-10-22T19:05:00
se_003970,co_0465,trial_start,Small,,,,,2024-01-01,monthly,106,0,0,GBP,not_applicable,2023-12-25T16:04:00
se_003971,co_0465,converted,Small,,2023-12-27,2023-12-27,,,monthly,106,200,200,GBP,paid,2023-12-27T08:14:00
se_003972,co_0465,renewal,Small,,2024-01-27,2024-01-27,,,monthly,106,200,200,GBP,paid,2024-01-27T16:12:00
se_003973,co_0465,renewal,Small,,2024-02-27,2024-02-27,,,monthly,106,200,200,GBP,paid,2024-02-27T13:47:00
se_003974,co_0465,renewal,Small,,2024-03-27,2024-03-27,,,monthly,106,200,200,GBP,paid,2024-03-27T17:58:00
se_003975,co_0465,renewal,Small,,2024-05-13,2024-04-27,,,monthly,106,200,200,GBP,paid,2024-04-27T08:54:00
se_003976,co_0465,renewal,Small,,2024-05-27,2024-05-27,,,monthly,106,200,200,GBP,paid,2024-05-27T08:36:00
se_003977,co_0465,renewal,Small,,2024-06-27,2024-06-27,,,monthly,106,200,200,GBP,paid,2024-06-27T11:08:00
se_003978,co_0465,renewal,Small,,2024-07-27,2024-07-27,,,monthly,106,200,200,GBP,paid,2024-07-27T17:56:00
se_003979,co_0465,renewal,Small,,2024-08-27,2024-08-27,,,monthly,106,200,200,GBP,paid,2024-08-27T10:38:00
se_003980,co_0465,renewal,Small,,2024-09-27,2024-09-27,,,monthly,106,200,200,GBP,paid,2024-09-27T16:33:00
se_003981,co_0465,renewal,Small,,2024-10-27,2024-10-27,,,monthly,106,200,200,GBP,paid,2024-10-27T11:09:00
se_003982,co_0465,renewal,Small,,,2024-11-27,,,monthly,106,200,200,GBP,paid,2024-11-27T12:09:00
se_003983,co_0465,payment_failed,Small,,2024-12-27,2024-12-27,,,monthly,106,200,200,GBP,failed,2024-12-27T15:10:00
se_003984,co_0465,payment_recovered,Small,,2025-01-07,2025-01-07,,,monthly,106,200,200,GBP,paid,2025-01-07T17:31:00
se_003985,co_0465,payment_failed,Small,,2025-01-27,2025-01-27,,,monthly,106,200,200,GBP,failed,2025-01-27T18:34:00
se_003986,co_0465,payment_recovered,Small,,2025-02-12,2025-02-12,,,monthly,106,200,200,GBP,paid,2025-02-12T19:24:00
se_003987,co_0465,renewal,Small,,2025-02-27,2025-02-27,,,monthly,106,200,200,GBP,paid,2025-02-27T16:10:00
se_003988,co_0465,renewal,Small,,2025-03-27,2025-03-27,,,monthly,106,200,200,GBP,paid,2025-03-27T19:43:00
se_003989,co_0465,renewal,Small,,2025-04-27,2025-04-27,,,monthly,106,200,200,GBP,paid,2025-04-27T16:30:00
se_003990,co_0465,renewal,Small,,2025-05-27,2025-05-27,,,monthly,106,200,200,GBP,paid,2025-05-27T10:15:00
se_003991,co_0465,renewal,Small,,2025-06-27,2025-06-27,,,monthly,106,200,200,GBP,paid,2025-06-27T11:39:00
se_003992,co_0465,renewal,Small,,2025-07-27,2025-07-27,,,monthly,106,200,200,GBP,paid,2025-07-27T16:27:00
se_003993,co_0465,renewal,Small,,2025-08-27,2025-08-27,,,monthly,106,200,200,GBP,paid,2025-08-27T17:48:00
se_003994,co_0465,renewal,Small,,2025-09-27,2025-09-27,,,monthly,106,200,200,GBP,paid,2025-09-27T16:16:00
se_003995,co_0465,renewal,Small,,2025-10-27,2025-10-27,,,monthly,106,200,200,GBP,paid,2025-10-27T17:39:00
se_003996,co_0465,payment_failed,Small,,2025-11-27,2025-11-27,,,monthly,106,200,200,GBP,failed,2025-11-27T09:35:00
se_003997,co_0465,payment_recovered,Small,,2025-12-13,2025-12-13,,,monthly,106,200,200,GBP,paid,2025-12-13T17:23:00
se_003998,co_0465,renewal,Small,,2025-12-27,2025-12-27,,,monthly,106,200,200,GBP,paid,2025-12-27T12:36:00
se_003999,co_0465,payment_failed,Small,,2026-01-27,2026-01-27,,,monthly,106,200,200,GBP,failed,2026-01-27T18:44:00
se_004000,co_0465,renewal,Small,,2026-02-27,2026-02-27,,,monthly,106,200,200,GBP,paid,2026-02-27T11:38:00
se_004001,co_0465,renewal,Small,,2026-03-27,2026-03-27,,,monthly,106,200,200,GBP,paid,2026-03-27T08:18:00
se_004002,co_0465,renewal,Small,,2026-04-27,2026-04-27,,,monthly,106,200,200,GBP,paid,2026-04-27T15:16:00
se_004003,co_0465,renewal,Small,,2026-05-27,2026-05-27,,,monthly,106,200,200,GBP,paid,2026-05-27T19:08:00
se_004004,co_0465,renewal,Small,,2026-06-27,2026-06-27,,,monthly,106,200,200,GBP,paid,2026-06-27T17:54:00
se_004005,co_0466,trial_start,Medium,,,,,2023-07-25,monthly,176,0,0,GBP,not_applicable,2023-07-18T15:08:00
se_004006,co_0466,converted,Medium,,2023-07-27,2023-07-27,,,monthly,176,750,750,GBP,paid,2023-07-27T09:17:00
se_004007,co_0466,renewal,Medium,,2023-08-27,2023-08-27,,,monthly,176,750,750,GBP,paid,2023-08-27T15:25:00
se_004008,co_0466,renewal,Medium,,2023-10-01,2023-09-27,,,monthly,176,750,750,GBP,paid,2023-09-27T13:11:00
se_004009,co_0466,renewal,Medium,,2023-10-27,2023-10-27,,,monthly,176,750,750,GBP,paid,2023-10-27T17:17:00
se_004010,co_0466,renewal,Medium,,2023-11-27,2023-11-27,,,monthly,176,750,750,GBP,paid,2023-11-27T15:20:00
se_004011,co_0466,renewal,Medium,,2023-12-27,2023-12-27,,,monthly,176,750,750,GBP,paid,2023-12-27T16:24:00
se_004012,co_0466,downgrade,Small,Medium,2024-01-18,2024-01-18,,,monthly,176,200,200,GBP,paid,2024-01-18T12:15:00
se_004013,co_0466,renewal,Small,,2024-01-27,2024-01-27,,,monthly,176,200,200,GBP,paid,2024-01-27T14:01:00
se_004014,co_0466,renewal,Small,,2024-02-27,2024-02-27,,,monthly,176,200,200,GBP,paid,2024-02-27T09:09:00
se_004015,co_0466,renewal,Small,,2024-04-14,2024-03-27,,,monthly,176,200,200,GBP,paid,2024-03-27T15:45:00
se_004016,co_0466,renewal,Small,,2024-04-27,2024-04-27,,,monthly,176,200,200,GBP,paid,2024-04-27T17:45:00
se_004017,co_0466,renewal,Small,,2024-05-27,2024-05-27,,,monthly,176,200,200,GBP,paid,2024-05-27T14:29:00
se_004018,co_0466,renewal,Small,,2024-06-27,2024-06-27,,,monthly,176,200,200,GBP,paid,2024-06-27T18:37:00
se_004019,co_0466,renewal,Small,,2024-07-27,2024-07-27,,,monthly,176,200,200,GBP,paid,2024-07-27T17:56:00
se_004020,co_0466,renewal,Small,,2024-08-27,2024-08-27,,,monthly,176,200,200,GBP,paid,2024-08-27T13:40:00
se_004021,co_0466,renewal,Small,,2024-09-27,2024-09-27,,,monthly,176,200,200,GBP,paid,2024-09-27T12:17:00
se_004022,co_0466,renewal,Small,,2024-10-27,2024-10-27,,,monthly,176,200,200,GBP,paid,2024-10-27T19:35:00
se_004023,co_0466,renewal,Small,,2024-11-27,2024-11-27,,,monthly,176,200,200,GBP,paid,2024-11-27T11:19:00
se_004024,co_0466,renewal,Small,,2024-12-27,2024-12-27,,,monthly,176,200,200,GBP,paid,2024-12-27T18:45:00
se_004025,co_0466,renewal,Small,,2025-01-27,2025-01-27,,,monthly,176,200,200,GBP,paid,2025-01-27T11:52:00
se_004026,co_0466,renewal,Small,,2025-02-27,2025-02-27,,,monthly,176,200,200,GBP,paid,2025-02-27T18:24:00
se_004027,co_0466,renewal,Small,,2025-04-05,2025-03-27,,,monthly,176,200,200,GBP,paid,2025-03-27T13:18:00
se_004028,co_0466,renewal,Small,,2025-04-27,2025-04-27,,,monthly,176,200,200,GBP,paid,2025-04-27T14:56:00
se_004029,co_0466,renewal,Small,,2025-05-27,2025-05-27,,,monthly,176,200,200,GBP,paid,2025-05-27T11:03:00
se_004030,co_0466,renewal,Small,,2025-06-27,2025-06-27,,,monthly,176,200,200,GBP,paid,2025-06-27T09:45:00
se_004031,co_0466,renewal,Small,,2025-08-03,2025-07-27,,,monthly,176,200,200,GBP,paid,2025-07-27T13:44:00
se_004032,co_0466,renewal,Small,,2025-08-27,2025-08-27,,,monthly,176,200,200,GBP,paid,2025-08-27T19:41:00
se_004033,co_0466,renewal,Small,,2025-09-27,2025-09-27,,,monthly,176,200,200,GBP,paid,2025-09-27T08:24:00
se_004034,co_0466,renewal,Small,,2025-10-27,2025-10-27,,,monthly,176,200,200,GBP,paid,2025-10-27T19:02:00
se_004035,co_0466,payment_failed,Small,,2025-11-27,2025-11-27,,,monthly,176,200,200,GBP,failed,2025-11-27T19:39:00
se_004036,co_0466,payment_recovered,Small,,2025-12-01,2025-12-01,,,monthly,176,200,200,GBP,paid,2025-12-01T13:09:00
se_004037,co_0466,renewal,Small,,2025-12-27,2025-12-27,,,monthly,176,200,200,GBP,paid,2025-12-27T08:53:00
se_004038,co_0466,renewal,Small,,2026-01-27,2026-01-27,,,monthly,176,200,200,GBP,paid,2026-01-27T10:12:00
se_004039,co_0466,renewal,Small,,2026-02-27,2026-02-27,,,monthly,176,200,200,GBP,paid,2026-02-27T17:31:00
se_004040,co_0466,renewal,Small,,2026-03-27,2026-03-27,,,monthly,176,200,200,GBP,paid,2026-03-27T11:25:00
se_004041,co_0466,renewal,Small,,2026-04-27,2026-04-27,,,monthly,176,200,200,GBP,paid,2026-04-27T14:08:00
se_004042,co_0466,renewal,Small,,2026-05-27,2026-05-27,,,monthly,176,200,200,GBP,paid,2026-05-27T09:13:00
se_004043,co_0466,renewal,Small,,2026-06-27,2026-06-27,,,monthly,176,200,200,GBP,paid,2026-06-27T17:23:00
se_004044,co_0467,trial_start,Medium,,,,,2026-04-14,annual,172,0,0,GBP,not_applicable,2026-04-07T19:41:00
se_004045,co_0468,trial_start,Small,,,,,2025-05-18,monthly,146,0,0,GBP,not_applicable,2025-05-11T14:19:00
se_004046,co_0468,converted,Small,,2025-05-20,2025-05-20,,,monthly,146,200,200,GBP,paid,2025-05-20T19:25:00
se_004047,co_0468,renewal,Small,,2025-06-20,2025-06-20,,,monthly,146,200,200,GBP,paid,2025-06-20T08:07:00
se_004048,co_0468,renewal,Small,,2025-07-20,2025-07-20,,,monthly,146,200,200,GBP,paid,2025-07-20T13:11:00
se_004049,co_0468,renewal,Small,,2025-08-20,2025-08-20,,,monthly,146,200,200,GBP,paid,2025-08-20T18:25:00
se_004050,co_0468,renewal,Small,,2025-09-20,2025-09-20,,,monthly,146,200,200,GBP,paid,2025-09-20T14:14:00
se_004051,co_0468,renewal,Small,,2025-10-20,2025-10-20,,,monthly,146,200,200,GBP,paid,2025-10-20T18:05:00
se_004052,co_0468,renewal,Small,,2025-11-20,2025-11-20,,,monthly,146,200,200,GBP,paid,2025-11-20T14:23:00
se_004053,co_0468,renewal,Small,,2025-12-20,2025-12-20,,,monthly,146,200,200,GBP,paid,2025-12-20T12:08:00
se_004054,co_0468,renewal,Small,,2026-01-20,2026-01-20,,,monthly,146,200,200,GBP,paid,2026-01-20T08:45:00
se_004055,co_0468,renewal,Small,,2026-02-20,2026-02-20,,,monthly,146,200,200,GBP,paid,2026-02-20T18:45:00
se_004056,co_0468,renewal,Small,,2026-03-20,2026-03-20,,,monthly,146,200,200,GBP,paid,2026-03-20T17:32:00
se_004057,co_0468,renewal,Small,,2026-04-20,2026-04-20,,,monthly,146,200,200,GBP,paid,2026-04-20T13:51:00
se_004058,co_0468,renewal,Small,,2026-05-20,2026-05-20,,,monthly,146,200,200,GBP,paid,2026-05-20T15:56:00
se_004059,co_0468,renewal,Small,,2026-06-20,2026-06-20,,,monthly,146,200,200,GBP,paid,2026-06-20T15:43:00
se_004060,co_0469,trial_start,Small,,,,,2026-05-06,annual,50,0,0,GBP,not_applicable,2026-04-29T18:24:00
se_004061,co_0470,trial_start,Small,,,,,2025-08-15,monthly,73,0,0,GBP,not_applicable,2025-08-08T18:57:00
se_004062,co_0470,converted,Small,,2025-08-10,2025-08-10,,,monthly,73,200,200,GBP,paid,2025-08-10T16:09:00
se_004063,co_0470,renewal,Small,,2025-09-10,2025-09-10,,,monthly,73,200,200,GBP,paid,2025-09-10T16:10:00
se_004064,co_0470,renewal,Small,,2025-10-10,2025-10-10,,,monthly,73,200,200,GBP,paid,2025-10-10T10:47:00
se_004065,co_0470,renewal,Small,,2025-11-10,2025-11-10,,,monthly,73,200,200,GBP,paid,2025-11-10T11:00:00
se_004066,co_0470,renewal,Small,,2025-12-10,2025-12-10,,,monthly,73,200,200,GBP,paid,2025-12-10T13:22:00
se_004067,co_0470,renewal,Small,,2026-01-10,2026-01-10,,,monthly,73,200,200,GBP,paid,2026-01-10T08:00:00
se_004068,co_0470,renewal,Small,,2026-02-10,2026-02-10,,,monthly,73,200,200,GBP,paid,2026-02-10T12:29:00
se_004069,co_0470,renewal,Small,,2026-03-10,2026-03-10,,,monthly,73,200,200,GBP,paid,2026-03-10T17:08:00
se_004070,co_0470,renewal,Small,,2026-04-10,2026-04-10,,,monthly,73,200,200,GBP,paid,2026-04-10T14:42:00
se_004071,co_0470,renewal,Small,,2026-05-18,2026-05-10,,,monthly,73,200,200,GBP,paid,2026-05-10T09:03:00
se_004072,co_0470,renewal,Small,,2026-06-10,2026-06-10,,,monthly,73,200,200,GBP,paid,2026-06-10T09:41:00
se_004073,co_0471,trial_start,Medium,,,,,2025-09-24,monthly,159,0,0,GBP,not_applicable,2025-09-17T15:30:00
se_004074,co_0471,converted,Medium,,2025-09-25,2025-09-25,,,monthly,159,750,750,GBP,paid,2025-09-25T08:09:00
se_004075,co_0471,renewal,Medium,,2025-10-25,2025-10-25,,,monthly,159,750,750,GBP,paid,2025-10-25T19:52:00
se_004076,co_0471,renewal,Medium,,2025-11-25,2025-11-25,,,monthly,159,750,750,GBP,paid,2025-11-25T14:08:00
se_004077,co_0471,renewal,Medium,,2025-12-25,2025-12-25,,,monthly,159,750,750,GBP,paid,2025-12-25T14:16:00
se_004078,co_0471,renewal,Medium,,2026-01-25,2026-01-25,,,monthly,159,750,750,GBP,paid,2026-01-25T11:41:00
se_004079,co_0471,renewal,Medium,,2026-02-25,2026-02-25,,,monthly,159,750,750,GBP,paid,2026-02-25T13:02:00
se_004080,co_0471,renewal,Medium,,2026-03-25,2026-03-25,,,monthly,159,750,750,GBP,paid,2026-03-25T14:27:00
se_004081,co_0471,renewal,Medium,,2026-04-25,2026-04-25,,,monthly,159,750,750,GBP,paid,2026-04-25T11:01:00
se_004082,co_0471,renewal,Medium,,2026-05-25,2026-05-25,,,monthly,159,750,750,GBP,paid,2026-05-25T08:26:00
se_004083,co_0471,renewal,Medium,,2026-06-25,2026-06-25,,,monthly,159,750,750,GBP,paid,2026-06-25T15:29:00
se_004084,co_0472,trial_start,Small,,,,,2024-11-11,monthly,85,0,0,GBP,not_applicable,2024-11-04T15:21:00
se_004085,co_0473,trial_start,Medium,,,,,2025-07-04,annual,365,0,0,GBP,not_applicable,2025-06-27T13:30:00
se_004086,co_0473,converted,Medium,,2025-07-06,2025-07-06,,,annual,365,750,9000,GBP,paid,2025-07-06T13:23:00
se_004087,co_0474,trial_start,Medium,,,,,2026-01-12,annual,131,0,0,GBP,not_applicable,2026-01-05T14:01:00
se_004088,co_0474,converted,Medium,,2026-01-11,2026-01-11,,,annual,131,750,9000,GBP,paid,2026-01-11T15:19:00
se_004089,co_0475,trial_start,Small,,,,,2023-09-15,annual,87,0,0,GBP,not_applicable,2023-09-08T11:41:00
se_004090,co_0475,converted,Small,,2023-09-17,2023-09-17,,,annual,87,200,2400,GBP,paid,2023-09-17T11:27:00
se_004091,co_0475,renewal,Small,,2024-09-17,2024-09-17,,,annual,87,200,2400,GBP,paid,2024-09-17T10:02:00
se_004092,co_0475,renewal,Small,,2025-09-17,2025-09-17,,,annual,87,200,2400,GBP,paid,2025-09-17T18:53:00
se_004093,co_0476,trial_start,Small,,,,,2025-11-23,annual,20,0,0,GBP,not_applicable,2025-11-16T11:12:00
se_004094,co_0476,converted,Small,,2025-11-24,2025-11-24,,,annual,20,200,2400,GBP,paid,2025-11-24T14:30:00
se_004095,co_0477,trial_start,Medium,,,,,2024-04-06,monthly,158,0,0,GBP,not_applicable,2024-03-30T10:37:00
se_004096,co_0477,converted,Medium,,,2024-04-05,,,monthly,158,750,750,GBP,paid,2024-04-05T08:02:00
se_004097,co_0477,renewal,Medium,,2024-05-23,2024-05-05,,,monthly,158,750,750,GBP,paid,2024-05-05T19:51:00
se_004098,co_0477,renewal,Medium,,2024-06-05,2024-06-05,,,monthly,158,750,750,GBP,paid,2024-06-05T10:54:00
se_004099,co_0477,renewal,Medium,,2024-07-05,2024-07-05,,,monthly,158,750,750,GBP,paid,2024-07-05T12:21:00
se_004100,co_0477,renewal,Medium,,2024-08-05,2024-08-05,,,monthly,158,750,750,GBP,paid,2024-08-05T17:53:00
se_004101,co_0477,renewal,Medium,,2024-09-05,2024-09-05,,,monthly,158,750,750,GBP,paid,2024-09-05T15:41:00
se_004102,co_0477,renewal,Medium,,2024-10-05,2024-10-05,,,monthly,158,750,750,GBP,paid,2024-10-05T08:21:00
se_004103,co_0477,renewal,Medium,,2024-11-22,2024-11-05,,,monthly,158,750,750,GBP,paid,2024-11-05T15:48:00
se_004104,co_0477,renewal,Medium,,2024-12-05,2024-12-05,,,monthly,158,750,750,GBP,paid,2024-12-05T11:36:00
se_004105,co_0477,renewal,Medium,,2025-01-05,2025-01-05,,,monthly,158,750,750,GBP,paid,2025-01-05T11:37:00
se_004106,co_0477,renewal,Medium,,2025-02-05,2025-02-05,,,monthly,158,750,750,GBP,paid,2025-02-05T13:42:00
se_004107,co_0477,renewal,Medium,,2025-03-05,2025-03-05,,,monthly,158,750,750,GBP,paid,2025-03-05T12:41:00
se_004108,co_0477,renewal,Medium,,2025-04-05,2025-04-05,,,monthly,158,750,750,GBP,paid,2025-04-05T15:11:00
se_004109,co_0477,renewal,Medium,,2025-05-05,2025-05-05,,,monthly,158,750,750,GBP,paid,2025-05-05T16:52:00
se_004110,co_0477,renewal,Medium ,,2025-06-05,2025-06-05,,,monthly,158,750,750,GBP,paid,2025-06-05T14:21:00
se_004111,co_0477,renewal,Medium,,2025-07-05,2025-07-05,,,monthly,158,750,750,GBP,paid,2025-07-05T14:32:00
se_004112,co_0477,renewal,Medium,,2025-08-05,2025-08-05,,,monthly,158,750,750,GBP,paid,2025-08-05T18:14:00
se_004113,co_0477,renewal,Medium,,2025-09-05,2025-09-05,,,monthly,158,750,750,GBP,paid,2025-09-05T15:24:00
se_004114,co_0477,renewal,Medium,,2025-10-05,2025-10-05,,,monthly,158,750,750,GBP,paid,2025-10-05T14:23:00
se_004115,co_0477,renewal,Medium,,2025-11-05,2025-11-05,,,monthly,158,750,750,GBP,paid,2025-11-05T11:30:00
se_004116,co_0477,renewal,Medium,,2025-12-05,2025-12-05,,,monthly,158,750,750,GBP,paid,2025-12-05T10:17:00
se_004117,co_0477,renewal,Medium,,2026-01-05,2026-01-05,,,monthly,158,750,750,GBP,paid,2026-01-05T15:26:00
se_004118,co_0477,renewal,Medium,,2026-02-05,2026-02-05,,,monthly,158,750,750,GBP,paid,2026-02-05T10:34:00
se_004119,co_0477,renewal,Medium,,2026-03-05,2026-03-05,,,monthly,158,750,750,GBP,paid,2026-03-05T08:36:00
se_004120,co_0477,renewal,Medium,,2026-04-05,2026-04-05,,,monthly,158,750,750,GBP,paid,2026-04-05T19:52:00
se_004121,co_0477,renewal,Medium,,2026-05-05,2026-05-05,,,monthly,158,750,750,GBP,paid,2026-05-05T14:16:00
se_004122,co_0477,renewal,Medium,,2026-06-05,2026-06-05,,,monthly,158,750,750,GBP,paid,2026-06-05T13:57:00
se_004123,co_0478,trial_start,Small,,,,,2023-08-24,annual,26,0,0,GBP,not_applicable,2023-08-17T18:50:00
se_004124,co_0479,trial_start,Medium,,,,,2025-06-28,annual,218,0,0,GBP,not_applicable,2025-06-21T11:21:00
se_004125,co_0479,converted,Medium,,2025-06-29,2025-06-29,,,annual,218,750,9000,GBP,paid,2025-06-29T15:58:00
se_004126,co_0479,renewal,Medium,,2026-06-29,2026-06-29,,,annual,218,750,9000,GBP,paid,2026-06-29T12:20:00
se_004127,co_0480,trial_start,Medium,,,,,2025-06-24,monthly,307,0,0,GBP,not_applicable,2025-06-17T12:42:00
se_004128,co_0481,trial_start,Medium,,,,,2025-11-24,monthly,167,0,0,GBP,not_applicable,2025-11-17T13:01:00
se_004129,co_0481,converted,Medium,,2025-11-25,2025-11-25,,,monthly,167,750,750,GBP,paid,2025-11-25T11:44:00
se_004130,co_0481,renewal,Medium,,2025-12-25,2025-12-25,,,monthly,167,750,750,GBP,paid,2025-12-25T14:11:00
se_004131,co_0481,renewal,Medium,,2026-01-25,2026-01-25,,,monthly,167,750,750,GBP,paid,2026-01-25T08:41:00
se_004132,co_0481,renewal,Medium,,2026-02-25,2026-02-25,,,monthly,167,750,750,GBP,paid,2026-02-25T13:35:00
se_004133,co_0481,renewal,Medium,,2026-03-25,2026-03-25,,,monthly,167,750,750,GBP,paid,2026-03-25T17:19:00
se_004134,co_0481,renewal,Medium,,2026-05-08,2026-04-25,,,monthly,167,750,750,GBP,paid,2026-04-25T11:24:00
se_004135,co_0481,renewal,Medium,,2026-05-25,2026-05-25,,,monthly,167,750,750,GBP,paid,2026-05-25T19:05:00
se_004136,co_0481,renewal,Medium,,2026-06-25,2026-06-25,,,monthly,167,750,750,GBP,paid,2026-06-25T15:43:00
se_004137,co_0482,trial_start,Small,,,,,2025-02-23,annual,28,0,0,GBP,not_applicable,2025-02-16T10:28:00
se_004138,co_0483,trial_start,Medium,,,,,2026-06-18,annual,132,0,0,GBP,not_applicable,2026-06-11T17:43:00
se_004139,co_0484,trial_start,Small,,,,,2025-09-26,monthly,38,0,0,GBP,not_applicable,2025-09-19T15:17:00
se_004140,co_0484,converted,Small,,2025-09-23,2025-09-23,,,monthly,38,200,200,GBP,paid,2025-09-23T12:00:00
se_004141,co_0484,renewal,Small,,2025-10-23,2025-10-23,,,monthly,38,200,200,GBP,paid,2025-10-23T14:14:00
se_004142,co_0484,payment_failed,Small,,2025-11-23,2025-11-23,,,monthly,38,200,200,GBP,failed,2025-11-23T09:42:00
se_004143,co_0484,payment_recovered,Small,,2025-11-28,2025-11-28,,,monthly,38,200,200,GBP,paid,2025-11-28T16:48:00
se_004144,co_0484,renewal,Small,,2025-12-23,2025-12-23,,,monthly,38,200,200,GBP,paid,2025-12-23T17:31:00
se_004145,co_0484,renewal,Small,,2026-01-23,2026-01-23,,,monthly,38,200,200,GBP,paid,2026-01-23T19:05:00
se_004146,co_0484,renewal,Small,,2026-02-23,2026-02-23,,,monthly,38,200,200,GBP,paid,2026-02-23T11:40:00
se_004147,co_0484,renewal,Small,,2026-03-23,2026-03-23,,,monthly,38,200,200,GBP,paid,2026-03-23T13:04:00
se_004148,co_0484,renewal,Small,,2026-04-23,2026-04-23,,,monthly,38,200,200,GBP,paid,2026-04-23T10:46:00
se_004149,co_0484,renewal,Small,,2026-05-23,2026-05-23,,,monthly,38,200,200,GBP,paid,2026-05-23T09:28:00
se_004150,co_0484,renewal,Small,,2026-06-23,2026-06-23,,,monthly,38,200,200,GBP,paid,2026-06-23T14:43:00
se_004151,co_0485,trial_start,Medium,,,,,2024-10-21,annual,268,0,0,GBP,not_applicable,2024-10-14T13:24:00
se_004152,co_0486,trial_start,Medium,,,,,2026-01-13,monthly,203,0,0,EUR,not_applicable,2026-01-06T09:24:00
se_004153,co_0486,converted,MEDIUM,,2026-01-12,2026-01-12,,,monthly,203,750,750,EUR,paid,2026-01-12T16:35:00
se_004154,co_0486,renewal,Medium,,2026-02-12,2026-02-12,,,monthly,203,750,750,EUR,paid,2026-02-12T19:20:00
se_004155,co_0486,renewal,Medium,,2026-03-12,2026-03-12,,,monthly,203,750,750,EUR,paid,2026-03-12T18:38:00
se_004156,co_0486,renewal,Medium,,2026-04-12,2026-04-12,,,monthly,203,750,750,EUR,paid,2026-04-12T09:39:00
se_004157,co_0486,renewal,Medium,,2026-05-12,2026-05-12,,,monthly,203,750,750,EUR,paid,2026-05-12T11:18:00
se_004158,co_0486,renewal,Medium,,2026-06-12,2026-06-12,,,monthly,203,750,750,EUR,paid,2026-06-12T18:43:00
se_004159,co_0487,trial_start,Medium,,,,,2023-11-18,annual,135,0,0,GBP,not_applicable,2023-11-11T18:06:00
se_004160,co_0488,trial_start,Small,,,,,2024-08-24,monthly,45,0,0,GBP,not_applicable,2024-08-17T12:20:00
se_004161,co_0489,trial_start,Small,,,,,2023-08-03,monthly,123,0,0,GBP,not_applicable,2023-07-27T17:16:00
se_004162,co_0489,converted,Small,,2023-08-06,2023-08-06,,,monthly,123,200,200,GBP,paid,2023-08-06T18:45:00
se_004163,co_0489,renewal,Small,,2023-09-06,2023-09-06,,,monthly,123,200,200,GBP,paid,2023-09-06T14:57:00
se_004164,co_0489,renewal,Small,,2023-10-06,2023-10-06,,,monthly,123,200,200,GBP,paid,2023-10-06T13:52:00
se_004165,co_0489,renewal,Small,,2023-11-06,2023-11-06,,,monthly,123,200,200,GBP,paid,2023-11-06T18:33:00
se_004166,co_0489,renewal,Small,,2023-12-06,2023-12-06,,,monthly,123,200,200,GBP,paid,2023-12-06T10:08:00
se_004167,co_0489,renewal,Small,,2024-01-06,2024-01-06,,,monthly,123,200,200,GBP,paid,2024-01-06T11:01:00
se_004168,co_0489,renewal,Small,,2024-02-06,2024-02-06,,,monthly,123,200,200,GBP,paid,2024-02-06T12:22:00
se_004169,co_0489,renewal,Small,,2024-03-06,2024-03-06,,,monthly,123,200,200,GBP,paid,2024-03-06T13:31:00
se_004170,co_0489,renewal,Small,,2024-04-06,2024-04-06,,,monthly,123,200,200,GBP,paid,2024-04-06T08:50:00
se_004171,co_0489,renewal,Small,,2024-05-06,2024-05-06,,,monthly,123,200,200,GBP,paid,2024-05-06T10:08:00
se_004172,co_0489,renewal,Small,,2024-06-06,2024-06-06,,,monthly,123,200,200,GBP,paid,2024-06-06T15:36:00
se_004173,co_0489,renewal,Small,,2024-07-09,2024-07-06,,,monthly,123,200,200,GBP,paid,2024-07-06T08:00:00
se_004174,co_0489,renewal,Small,,2024-08-06,2024-08-06,,,monthly,123,200,200,GBP,paid,2024-08-06T16:32:00
se_004175,co_0489,renewal,Small,,2024-09-06,2024-09-06,,,monthly,123,200,200,GBP,paid,2024-09-06T08:59:00
se_004176,co_0489,renewal,Small,,2024-10-06,2024-10-06,,,monthly,123,200,200,GBP,paid,2024-10-06T09:37:00
se_004177,co_0489,renewal,Small,,2024-11-16,2024-11-06,,,monthly,123,200,200,GBP,paid,2024-11-06T12:48:00
se_004178,co_0489,renewal,Small,,2024-12-06,2024-12-06,,,monthly,123,200,200,GBP,paid,2024-12-06T11:19:00
se_004179,co_0489,renewal,Small,,2025-01-06,2025-01-06,,,monthly,123,200,200,GBP,paid,2025-01-06T10:44:00
se_004180,co_0489,renewal,Small,,2025-02-06,2025-02-06,,,monthly,123,200,200,GBP,paid,2025-02-06T14:11:00
se_004181,co_0489,renewal,Small,,2025-03-06,2025-03-06,,,monthly,123,200,200,GBP,paid,2025-03-06T19:04:00
se_004182,co_0489,renewal,Small,,2025-04-06,2025-04-06,,,monthly,123,200,200,GBP,paid,2025-04-06T16:13:00
se_004183,co_0489,renewal,Small,,2025-05-06,2025-05-06,,,monthly,123,200,200,GBP,paid,2025-05-06T14:01:00
se_004184,co_0489,renewal,Small,,2025-06-06,2025-06-06,,,monthly,123,200,200,GBP,paid,2025-06-06T17:15:00
se_004185,co_0489,renewal,Small,,2025-07-06,2025-07-06,,,monthly,123,200,200,GBP,paid,2025-07-06T10:17:00
se_004186,co_0489,renewal,Small,,2025-08-06,2025-08-06,,,monthly,123,200,200,GBP,paid,2025-08-06T19:52:00
se_004187,co_0489,renewal,Small,,2025-09-06,2025-09-06,,,monthly,123,200,200,GBP,paid,2025-09-06T18:54:00
se_004188,co_0489,renewal,Small,,2025-10-06,2025-10-06,,,monthly,123,200,200,GBP,paid,2025-10-06T18:12:00
se_004189,co_0489,payment_failed,Small,,2025-11-06,2025-11-06,,,monthly,123,200,200,GBP,failed,2025-11-06T15:52:00
se_004190,co_0489,payment_recovered,Small,,2025-11-15,2025-11-15,,,monthly,123,200,200,GBP,paid,2025-11-15T12:46:00
se_004191,co_0489,renewal,Small,,2025-12-06,2025-12-06,,,monthly,123,200,200,GBP,paid,2025-12-06T10:13:00
se_004192,co_0489,renewal,Small,,2026-01-06,2026-01-06,,,monthly,123,200,200,GBP,paid,2026-01-06T19:03:00
se_004193,co_0489,renewal,Small,,2026-02-06,2026-02-06,,,monthly,123,200,200,GBP,paid,2026-02-06T08:40:00
se_004194,co_0489,renewal,Small,,2026-03-06,2026-03-06,,,monthly,123,200,200,GBP,paid,2026-03-06T18:16:00
se_004195,co_0489,payment_failed,Small,,2026-04-06,2026-04-06,,,monthly,123,200,200,GBP,failed,2026-04-06T13:20:00
se_004196,co_0489,payment_recovered,Small,,2026-04-20,2026-04-20,,,monthly,123,200,200,GBP,paid,2026-04-20T16:54:00
se_004197,co_0489,upgrade,Medium,Small,2026-04-26,2026-04-26,,,monthly,123,750,750,GBP,paid,2026-04-26T10:09:00
se_004198,co_0489,renewal,Medium,,2026-05-06,2026-05-06,,,monthly,123,750,750,GBP,paid,2026-05-06T08:59:00
se_004199,co_0489,renewal,Medium,,2026-06-06,2026-06-06,,,monthly,123,750,750,GBP,paid,2026-06-06T11:24:00
se_004200,co_0490,trial_start,Small,,,,,2024-07-18,monthly,65,0,0,GBP,not_applicable,2024-07-11T19:49:00
se_004201,co_0490,converted,Small,,2024-07-18,2024-07-18,,,monthly,65,200,200,GBP,paid,2024-07-18T16:52:00
se_004202,co_0490,renewal,Small,,2024-08-18,2024-08-18,,,monthly,65,200,200,GBP,paid,2024-08-18T18:00:00
se_004203,co_0490,renewal,Small,,2024-09-18,2024-09-18,,,monthly,65,200,200,GBP,paid,2024-09-18T09:40:00
se_004204,co_0490,renewal,Small,,2024-10-18,2024-10-18,,,monthly,65,200,200,GBP,paid,2024-10-18T15:29:00
se_004205,co_0490,renewal,Small,,2024-11-18,2024-11-18,,,monthly,65,200,200,GBP,paid,2024-11-18T08:39:00
se_004206,co_0490,renewal,Small,,2024-12-18,2024-12-18,,,monthly,65,200,200,GBP,paid,2024-12-18T17:19:00
se_004207,co_0490,renewal,Small,,,2025-01-18,,,monthly,65,200,200,GBP,paid,2025-01-18T16:34:00
se_004208,co_0490,renewal,Small,,2025-02-18,2025-02-18,,,monthly,65,200,200,GBP,paid,2025-02-18T12:19:00
se_004209,co_0490,renewal,Small,,2025-03-18,2025-03-18,,,monthly,65,200,200,GBP,paid,2025-03-18T18:45:00
se_004210,co_0490,renewal,Small,,2025-04-18,2025-04-18,,,monthly,65,200,200,GBP,paid,2025-04-18T14:16:00
se_004211,co_0490,renewal,Small,,2025-05-18,2025-05-18,,,monthly,65,200,200,GBP,paid,2025-05-18T08:27:00
se_004212,co_0490,renewal,Small,,2025-06-18,2025-06-18,,,monthly,65,200,200,GBP,paid,2025-06-18T15:17:00
se_004213,co_0490,renewal,Small,,2025-07-18,2025-07-18,,,monthly,65,200,200,GBP,paid,2025-07-18T18:38:00
se_004214,co_0490,renewal,Small,,2025-08-18,2025-08-18,,,monthly,65,200,200,GBP,paid,2025-08-18T15:31:00
se_004215,co_0490,renewal,Small,,2025-10-06,2025-09-18,,,monthly,65,200,200,GBP,paid,2025-09-18T13:44:00
se_004216,co_0490,renewal,Small,,2025-10-22,2025-10-18,,,monthly,65,200,200,GBP,paid,2025-10-18T16:33:00
se_004217,co_0490,renewal,Small,,2025-11-18,2025-11-18,,,monthly,65,200,200,GBP,paid,2025-11-18T14:54:00
se_004218,co_0490,renewal,Small,,2025-12-18,2025-12-18,,,monthly,65,200,200,GBP,paid,2025-12-18T14:52:00
se_004219,co_0490,renewal,Small,,2026-01-18,2026-01-18,,,monthly,65,200,200,GBP,paid,2026-01-18T16:07:00
se_004220,co_0490,renewal,Small,,2026-03-02,2026-02-18,,,monthly,65,200,200,GBP,paid,2026-02-18T18:16:00
se_004221,co_0490,renewal,small,,2026-03-18,2026-03-18,,,monthly,65,200,200,GBP,paid,2026-03-18T16:56:00
se_004222,co_0490,renewal,Small,,2026-04-18,2026-04-18,,,monthly,65,200,200,GBP,paid,2026-04-18T09:14:00
se_004223,co_0490,renewal,Small,,2026-05-18,2026-05-18,,,monthly,65,200,200,GBP,paid,2026-05-18T16:03:00
se_004224,co_0490,renewal,Small,,2026-06-18,2026-06-18,,,monthly,65,200,200,GBP,paid,2026-06-18T12:25:00
se_004225,co_0491,trial_start,Medium,,,,,2024-03-29,monthly,213,0,0,GBP,not_applicable,2024-03-22T09:54:00
se_004226,co_0491,converted,Medium,,2024-04-01,2024-04-01,,,monthly,213,750,750,GBP,paid,2024-04-01T19:18:00
se_004227,co_0491,renewal,Medium,,2024-05-01,2024-05-01,,,monthly,213,750,750,GBP,paid,2024-05-01T10:04:00
se_004228,co_0491,renewal,Medium,,2024-06-01,2024-06-01,,,monthly,213,750,750,GBP,paid,2024-06-01T15:05:00
se_004229,co_0491,payment_failed,Medium,,2024-07-01,2024-07-01,,,monthly,213,750,750,GBP,failed,2024-07-01T13:31:00
se_004230,co_0491,cancellation_scheduled,Medium,,,2024-06-25,,,monthly,213,750,750,GBP,not_applicable,2024-06-25T13:25:00
se_004231,co_0491,voluntary_churn,Medium,,,2024-07-27,2024-07-27,,monthly,213,750,0,GBP,not_applicable,2024-07-27T19:14:00
se_004232,co_0492,trial_start,Large,,,,,2025-12-24,monthly,968,0,0,GBP,not_applicable,2025-12-17T10:36:00
se_004233,co_0493,trial_start,Medium,,,,,2025-09-05,monthly,179,0,0,GBP,not_applicable,2025-08-29T08:05:00
se_004234,co_0494,trial_start,Medium,,,,,2026-05-26,monthly,142,0,0,GBP,not_applicable,2026-05-19T14:01:00
se_004235,co_0494,converted,Medium,,2026-05-27,2026-05-27,,,monthly,142,750,750,GBP,paid,2026-05-27T11:20:00
se_004236,co_0494,renewal,Medium,,2026-06-27,2026-06-27,,,monthly,142,750,750,GBP,paid,2026-06-27T18:15:00
se_004237,co_0495,trial_start,Small,,,,,2024-06-27,annual,98,0,0,GBP,not_applicable,2024-06-20T17:20:00
se_004238,co_0495,converted,Small,,2024-06-25,2024-06-25,,,annual,98,200,2400,GBP,paid,2024-06-25T11:28:00
se_004239,co_0495,renewal,Small,,2025-06-25,2025-06-25,,,annual,98,200,2400,GBP,paid,2025-06-25T14:29:00
se_004240,co_0495,renewal,Small,,2026-06-25,2026-06-25,,,annual,98,200,2400,GBP,paid,2026-06-25T18:45:00
se_004241,co_0496,trial_start,Small,,,,,2024-06-05,monthly,65,0,0,GBP,not_applicable,2024-05-29T16:39:00
se_004242,co_0496,converted,Small,,2024-06-08,2024-06-08,,,monthly,65,200,200,GBP,paid,2024-06-08T11:15:00
se_004243,co_0496,renewal,Small,,2024-07-08,2024-07-08,,,monthly,65,200,200,GBP,paid,2024-07-08T13:54:00
se_004244,co_0496,renewal,Small,,2024-08-08,2024-08-08,,,monthly,65,200,200,GBP,paid,2024-08-08T17:16:00
se_004245,co_0496,renewal,Small,,2024-09-08,2024-09-08,,,monthly,65,200,200,GBP,paid,2024-09-08T13:32:00
se_004246,co_0496,renewal,Small,,2024-10-08,2024-10-08,,,monthly,65,200,200,GBP,paid,2024-10-08T09:09:00
se_004247,co_0496,renewal,Small,,2024-11-08,2024-11-08,,,monthly,65,200,200,GBP,paid,2024-11-08T13:36:00
se_004248,co_0496,renewal,Small,,2024-12-08,2024-12-08,,,monthly,65,200,200,GBP,paid,2024-12-08T12:01:00
se_004249,co_0496,renewal,Small,,2025-01-08,2025-01-08,,,monthly,65,200,200,GBP,paid,2025-01-08T18:43:00
se_004250,co_0496,renewal,Small,,2025-02-08,2025-02-08,,,monthly,65,200,200,GBP,paid,2025-02-08T10:04:00
se_004251,co_0496,renewal,Small,,2025-03-08,2025-03-08,,,monthly,65,200,200,GBP,paid,2025-03-08T13:51:00
se_004252,co_0496,renewal,Small,,2025-04-08,2025-04-08,,,monthly,65,200,200,GBP,paid,2025-04-08T10:19:00
se_004253,co_0496,renewal,Small,,2025-05-08,2025-05-08,,,monthly,65,200,200,GBP,paid,2025-05-08T19:52:00
se_004254,co_0496,renewal,Small,,2025-06-08,2025-06-08,,,monthly,65,200,200,GBP,paid,2025-06-08T13:11:00
se_004255,co_0496,renewal,Small,,2025-07-13,2025-07-08,,,monthly,65,200,200,GBP,paid,2025-07-08T17:46:00
se_004256,co_0496,renewal,Small,,2025-08-08,2025-08-08,,,monthly,65,200,200,GBP,paid,2025-08-08T14:46:00
se_004257,co_0496,renewal,Small,,2025-09-08,2025-09-08,,,monthly,65,200,200,GBP,paid,2025-09-08T11:52:00
se_004258,co_0496,renewal,Small,,2025-10-08,2025-10-08,,,monthly,65,200,200,GBP,paid,2025-10-08T17:28:00
se_004259,co_0496,renewal,Small,,2025-11-08,2025-11-08,,,monthly,65,200,200,GBP,paid,2025-11-08T08:20:00
se_004260,co_0496,renewal,Small,,2025-12-08,2025-12-08,,,monthly,65,200,200,GBP,paid,2025-12-08T08:11:00
se_004261,co_0496,renewal,Small,,2026-01-08,2026-01-08,,,monthly,65,200,200,GBP,paid,2026-01-08T16:05:00
se_004262,co_0496,renewal,small,,2026-02-08,2026-02-08,,,monthly,65,200,200,GBP,paid,2026-02-08T13:35:00
se_004263,co_0496,renewal,Small,,2026-03-08,2026-03-08,,,monthly,65,200,200,GBP,paid,2026-03-08T15:19:00
se_004264,co_0496,renewal,Small,,2026-04-08,2026-04-08,,,monthly,65,200,200,GBP,paid,2026-04-08T13:18:00
se_004265,co_0496,renewal,Small,,2026-05-08,2026-05-08,,,monthly,65,200,200,GBP,paid,2026-05-08T12:28:00
se_004266,co_0496,renewal,Small,,2026-06-08,2026-06-08,,,monthly,65,200,200,GBP,paid,2026-06-08T11:05:00
se_004267,co_0497,trial_start,Medium,,,,,2025-02-15,monthly,166,0,0,GBP,not_applicable,2025-02-08T17:14:00
se_004268,co_0497,converted,Medium,,2025-02-17,2025-02-17,,,monthly,166,750,750,GBP,paid,2025-02-17T08:05:00
se_004269,co_0497,renewal,Medium,,2025-03-17,2025-03-17,,,monthly,166,750,750,GBP,paid,2025-03-17T15:30:00
se_004270,co_0497,renewal,Medium,,2025-04-17,2025-04-17,,,monthly,166,750,750,GBP,paid,2025-04-17T19:10:00
se_004271,co_0497,renewal,Medium,,2025-05-17,2025-05-17,,,monthly,166,750,750,GBP,paid,2025-05-17T19:44:00
se_004272,co_0497,renewal,Medium,,2025-06-17,2025-06-17,,,monthly,166,750,750,GBP,paid,2025-06-17T18:20:00
se_004273,co_0497,renewal,Medium,,2025-07-17,2025-07-17,,,monthly,166,750,750,GBP,paid,2025-07-17T19:34:00
se_004274,co_0497,renewal,Medium,,2025-08-17,2025-08-17,,,monthly,166,750,750,GBP,paid,2025-08-17T14:47:00
se_004275,co_0497,renewal,Medium,,2025-09-17,2025-09-17,,,monthly,166,750,750,GBP,paid,2025-09-17T13:24:00
se_004276,co_0497,renewal,Medium,,2025-10-17,2025-10-17,,,monthly,166,750,750,GBP,paid,2025-10-17T11:55:00
se_004277,co_0497,renewal,Medium,,2025-11-17,2025-11-17,,,monthly,166,750,750,GBP,paid,2025-11-17T12:45:00
se_004278,co_0497,upgrade,Large,,2025-11-20,2025-11-20,,,monthly,166,1500,1500,GBP,paid,2025-11-20T16:55:00
se_004279,co_0497,renewal,Large,,2025-12-17,2025-12-17,,,monthly,166,1500,1500,GBP,paid,2025-12-17T13:47:00
se_004280,co_0497,renewal,Large,,,2026-01-17,,,monthly,166,1500,1500,GBP,paid,2026-01-17T09:04:00
se_004281,co_0497,renewal,Large,,2026-02-17,2026-02-17,,,monthly,166,1500,1500,GBP,paid,2026-02-17T19:44:00
se_004282,co_0497,renewal,Large,,2026-03-17,2026-03-17,,,monthly,166,1500,1500,GBP,paid,2026-03-17T09:44:00
se_004283,co_0497,renewal,Large,,2026-04-17,2026-04-17,,,monthly,166,1500,1500,GBP,paid,2026-04-17T19:07:00
se_004284,co_0497,renewal,LARGE,,2026-05-17,2026-05-17,,,monthly,166,1500,1500,GBP,paid,2026-05-17T18:11:00
se_004285,co_0497,renewal,Large,,2026-06-17,2026-06-17,,,monthly,166,1500,1500,GBP,paid,2026-06-17T15:33:00
se_004286,co_0498,trial_start,Medium,,,,,2024-01-04,annual,292,0,0,GBP,not_applicable,2023-12-28T15:30:00
se_004287,co_0498,converted,Medium,,2024-01-02,2024-01-02,,,annual,292,750,9000,GBP,paid,2024-01-02T17:47:00
se_004288,co_0498,renewal,Medium,,2025-01-02,2025-01-02,,,annual,292,750,9000,GBP,paid,2025-01-02T18:10:00
se_004289,co_0498,payment_failed,Medium,,2026-01-02,2026-01-02,,,annual,292,750,750,GBP,failed,2026-01-02T09:13:00
se_004290,co_0498,payment_recovered,Medium,,2026-01-05,2026-01-05,,,annual,292,750,9000,GBP,paid,2026-01-05T14:22:00
se_004291,co_0499,trial_start,Small,,,,,2024-11-14,monthly,103,0,0,GBP,not_applicable,2024-11-07T12:21:00
se_004292,co_0499,converted,Small,,2024-11-09,2024-11-09,,,monthly,103,200,200,GBP,paid,2024-11-09T12:57:00
se_004293,co_0499,renewal,Small,,2024-12-09,2024-12-09,,,monthly,103,200,200,GBP,paid,2024-12-09T18:15:00
se_004294,co_0499,renewal,Small,,2025-01-09,2025-01-09,,,monthly,103,200,200,GBP,paid,2025-01-09T08:51:00
se_004295,co_0499,renewal,Small,,2025-02-09,2025-02-09,,,monthly,103,200,200,GBP,paid,2025-02-09T11:54:00
se_004296,co_0499,renewal,Small,,2025-03-09,2025-03-09,,,monthly,103,200,200,GBP,paid,2025-03-09T19:00:00
se_004297,co_0499,cancellation_scheduled,Small,,,2025-02-08,,,monthly,103,200,200,GBP,not_applicable,2025-02-08T15:17:00
se_004298,co_0499,voluntary_churn,Small,,,2025-03-09,2025-03-09,,monthly,103,200,0,GBP,not_applicable,2025-03-09T11:49:00
se_004299,co_0500,trial_start,Medium,,,,,2026-03-11,annual,169,0,0,GBP,not_applicable,2026-03-04T19:33:00
se_004300,co_0500,converted,Medium,,2026-03-07,2026-03-07,,,annual,169,750,9000,GBP,paid,2026-03-07T11:24:00
se_004301,co_0501,trial_start,Small,,,,,2026-03-31,annual,87,0,0,GBP,not_applicable,2026-03-24T15:32:00
se_004302,co_0501,converted,Small,,2026-03-29,2026-03-29,,,annual,87,200,2400,GBP,paid,2026-03-29T12:17:00
se_004303,co_0502,trial_start,Medium,,,,,2025-02-09,annual,114,0,0,GBP,not_applicable,2025-02-02T11:44:00
se_004304,co_0502,converted,Medium,,2025-02-09,2025-02-09,,,annual,114,750,9000,GBP,paid,2025-02-09T18:19:00
se_004305,co_0502,renewal,Medium,,2026-02-09,2026-02-09,,,annual,114,750,9000,GBP,paid,2026-02-09T14:03:00
se_004306,co_0503,trial_start,Medium,,,,,2025-09-21,monthly,135,0,0,GBP,not_applicable,2025-09-14T15:01:00
se_004307,co_0503,converted,Medium,,2025-09-24,2025-09-24,,,monthly,135,750,750,GBP,paid,2025-09-24T13:12:00
se_004308,co_0503,renewal,Medium,,2025-10-24,2025-10-24,,,monthly,135,750,750,GBP,paid,2025-10-24T13:10:00
se_004309,co_0503,renewal,Medium,,2025-11-24,2025-11-24,,,monthly,135,750,750,GBP,paid,2025-11-24T17:57:00
se_004310,co_0503,renewal,Medium,,2025-12-24,2025-12-24,,,monthly,135,750,750,GBP,paid,2025-12-24T16:48:00
se_004311,co_0503,renewal,Medium,,2026-01-24,2026-01-24,,,monthly,135,750,750,GBP,paid,2026-01-24T18:33:00
se_004312,co_0503,renewal,Medium,,2026-02-24,2026-02-24,,,monthly,135,750,750,GBP,paid,2026-02-24T19:46:00
se_004313,co_0503,renewal,Medium,,2026-03-24,2026-03-24,,,monthly,135,750,750,GBP,paid,2026-03-24T10:19:00
se_004314,co_0503,renewal,Medium,,2026-04-24,2026-04-24,,,monthly,135,750,750,GBP,paid,2026-04-24T13:16:00
se_004315,co_0503,renewal,Medium,,2026-05-24,2026-05-24,,,monthly,135,750,750,GBP,paid,2026-05-24T12:28:00
se_004316,co_0503,renewal,Medium,,2026-06-24,2026-06-24,,,monthly,135,750,750,GBP,paid,2026-06-24T19:40:00
se_004317,co_0504,trial_start,Small,,,,,2025-07-14,monthly,117,0,0,GBP,not_applicable,2025-07-07T13:22:00
se_004318,co_0505,trial_start,Medium,,,,,2025-02-10,annual,511,0,0,GBP,not_applicable,2025-02-03T09:54:00
se_004319,co_0505,converted,Medium,,2025-02-06,2025-02-06,,,annual,511,750,9000,GBP,paid,2025-02-06T19:17:00
se_004320,co_0505,renewal,Medium,,2026-02-06,2026-02-06,,,annual,511,750,9000,GBP,paid,2026-02-06T17:11:00
se_004321,co_0506,trial_start,Medium,,,,,2024-12-17,monthly,133,0,0,EUR,not_applicable,2024-12-10T12:28:00
se_004322,co_0506,converted,Medium,,2024-12-20,2024-12-20,,,monthly,133,750,750,EUR,paid,2024-12-20T18:19:00
se_004323,co_0506,renewal,Medium,,2025-01-20,2025-01-20,,,monthly,133,750,750,EUR,paid,2025-01-20T08:47:00
se_004324,co_0506,renewal,Medium,,2025-02-20,2025-02-20,,,monthly,133,750,750,EUR,paid,2025-02-20T15:12:00
se_004325,co_0506,renewal,Medium,,2025-03-20,2025-03-20,,,monthly,133,750,750,EUR,paid,2025-03-20T10:50:00
se_004326,co_0506,renewal,Medium,,2025-04-20,2025-04-20,,,monthly,133,750,750,EUR,paid,2025-04-20T16:48:00
se_004327,co_0506,renewal,Medium,,2025-05-24,2025-05-20,,,monthly,133,750,750,EUR,paid,2025-05-20T09:28:00
se_004328,co_0506,renewal,Medium,,2025-06-20,2025-06-20,,,monthly,133,750,750,EUR,paid,2025-06-20T08:00:00
se_004329,co_0506,renewal,Medium,,2025-07-20,2025-07-20,,,monthly,133,750,750,EUR,paid,2025-07-20T11:12:00
se_004330,co_0506,renewal,Medium,,2025-08-20,2025-08-20,,,monthly,133,750,750,EUR,paid,2025-08-20T12:13:00
se_004331,co_0506,renewal,Medium,,2025-10-07,2025-09-20,,,monthly,133,750,750,EUR,paid,2025-09-20T09:11:00
se_004332,co_0506,renewal,Medium,,2025-10-20,2025-10-20,,,monthly,133,750,750,EUR,paid,2025-10-20T17:27:00
se_004333,co_0506,renewal,Medium,,2025-11-20,2025-11-20,,,monthly,133,750,750,EUR,paid,2025-11-20T18:53:00
se_004334,co_0506,renewal,Medium,,2025-12-20,2025-12-20,,,monthly,133,750,750,EUR,paid,2025-12-20T10:53:00
se_004335,co_0506,renewal,Medium,,2026-01-20,2026-01-20,,,monthly,133,750,750,EUR,paid,2026-01-20T14:19:00
se_004336,co_0506,renewal,Medium,,2026-02-20,2026-02-20,,,monthly,133,750,750,EUR,paid,2026-02-20T13:27:00
se_004337,co_0506,renewal,Medium,,2026-03-20,2026-03-20,,,monthly,133,750,750,EUR,paid,2026-03-20T10:06:00
se_004338,co_0506,renewal,Medium,,2026-04-20,2026-04-20,,,monthly,133,750,750,EUR,paid,2026-04-20T09:00:00
se_004339,co_0506,renewal,Medium,,2026-05-20,2026-05-20,,,monthly,133,750,750,EUR,paid,2026-05-20T14:27:00
se_004340,co_0506,renewal,Medium,,2026-06-20,2026-06-20,,,monthly,133,750,750,EUR,paid,2026-06-20T08:08:00
se_004341,co_0507,trial_start,Medium,,,,,2024-10-25,monthly,239,0,0,GBP,not_applicable,2024-10-18T09:36:00
se_004342,co_0507,converted,Medium,,2024-10-21,2024-10-21,,,monthly,239,750,750,GBP,paid,2024-10-21T10:09:00
se_004343,co_0507,renewal,Medium,,2024-11-21,2024-11-21,,,monthly,239,750,750,GBP,paid,2024-11-21T11:35:00
se_004344,co_0507,renewal,Medium,,2024-12-21,2024-12-21,,,monthly,239,750,750,GBP,paid,2024-12-21T19:54:00
se_004345,co_0507,renewal,Medium,,2025-01-21,2025-01-21,,,monthly,239,750,750,GBP,paid,2025-01-21T10:06:00
se_004346,co_0507,renewal,Medium,,2025-02-24,2025-02-21,,,monthly,239,750,750,GBP,paid,2025-02-21T08:56:00
se_004347,co_0507,renewal,Medium,,2025-03-21,2025-03-21,,,monthly,239,750,750,GBP,paid,2025-03-21T11:02:00
se_004348,co_0507,renewal,Medium,,2025-04-21,2025-04-21,,,monthly,239,750,750,GBP,paid,2025-04-21T09:15:00
se_004349,co_0507,renewal,Medium,,2025-05-21,2025-05-21,,,monthly,239,750,750,GBP,paid,2025-05-21T09:59:00
se_004350,co_0507,renewal,Medium,,2025-07-01,2025-06-21,,,monthly,239,750,750,GBP,paid,2025-06-21T11:42:00
se_004351,co_0507,renewal,Medium,,2025-07-21,2025-07-21,,,monthly,239,750,750,GBP,paid,2025-07-21T17:19:00
se_004352,co_0507,renewal,Medium,,2025-08-21,2025-08-21,,,monthly,239,750,750,GBP,paid,2025-08-21T13:21:00
se_004353,co_0507,renewal,Medium,,2025-09-21,2025-09-21,,,monthly,239,750,750,GBP,paid,2025-09-21T13:05:00
se_004354,co_0507,payment_failed,Medium,,2025-10-21,2025-10-21,,,monthly,239,750,750,GBP,failed,2025-10-21T19:14:00
se_004355,co_0507,upgrade,Large,Medium,2025-10-27,2025-10-27,,,monthly,239,1500,1500,GBP,paid,2025-10-27T10:35:00
se_004356,co_0507,renewal,Large,,2025-11-21,2025-11-21,,,monthly,239,1500,1500,GBP,paid,2025-11-21T18:54:00
se_004357,co_0507,renewal,Large,,2025-12-21,2025-12-21,,,monthly,239,1500,1500,GBP,paid,2025-12-21T13:16:00
se_004358,co_0507,upgrade,Bespoke,Large,2026-01-10,2026-01-10,,,monthly,239,1500,1500,GBP,paid,2026-01-10T09:54:00
se_004359,co_0507,renewal,Bespoke,,2026-01-21,2026-01-21,,,monthly,239,1500,1500,GBP,paid,2026-01-21T16:14:00
se_004360,co_0507,renewal,Bespoke,,2026-02-21,2026-02-21,,,monthly,239,1500,1500,GBP,paid,2026-02-21T14:22:00
se_004361,co_0507,renewal,Bespoke,,2026-03-21,2026-03-21,,,monthly,239,1500,1500,GBP,paid,2026-03-21T19:31:00
se_004362,co_0507,renewal,Bespoke,,2026-04-21,2026-04-21,,,monthly,239,1500,1500,GBP,paid,2026-04-21T15:59:00
se_004363,co_0507,renewal,Bespoke,,2026-05-21,2026-05-21,,,monthly,239,1500,1500,GBP,paid,2026-05-21T18:44:00
se_004364,co_0507,renewal,Bespoke,,2026-06-21,2026-06-21,,,monthly,239,1500,1500,GBP,paid,2026-06-21T09:28:00
se_004365,co_0508,trial_start,Medium,,,,,2024-05-24,annual,582,0,0,GBP,not_applicable,2024-05-17T12:27:00
se_004366,co_0508,converted,Medium,,2024-05-22,2024-05-22,,,annual,582,750,9000,GBP,paid,2024-05-22T16:32:00
se_004367,co_0508,renewal,Medium,,2025-05-22,2025-05-22,,,annual,582,750,9000,GBP,paid,2025-05-22T14:13:00
se_004368,co_0508,renewal,Medium,,2026-05-22,2026-05-22,,,annual,582,750,9000,GBP,paid,2026-05-22T12:02:00
se_004369,co_0509,trial_start,Bespoke,,,,,2024-09-13,monthly,2600,0,0,GBP,not_applicable,2024-09-06T12:00:00
se_004370,co_0509,converted,Bespoke,,2024-09-08,2024-09-08,,,monthly,2600,4790,4790,GBP,paid,2024-09-08T17:27:00
se_004371,co_0509,renewal,Bespoke,,2024-10-08,2024-10-08,,,monthly,2600,5040,5040,GBP,paid,2024-10-08T09:19:00
se_004372,co_0509,renewal,bespoke,,2024-11-08,2024-11-08,,,monthly,2600,4750,4750,GBP,paid,2024-11-08T15:45:00
se_004373,co_0509,renewal,Bespoke,,2024-12-25,2024-12-08,,,monthly,2600,5530,5530,GBP,paid,2024-12-08T11:47:00
se_004374,co_0509,renewal,Bespoke,,2025-01-08,2025-01-08,,,monthly,2600,3880,3880,GBP,paid,2025-01-08T19:15:00
se_004375,co_0509,renewal,Bespoke,,2025-02-08,2025-02-08,,,monthly,2600,4450,4450,GBP,paid,2025-02-08T15:58:00
se_004376,co_0509,renewal,Bespoke,,2025-03-08,2025-03-08,,,monthly,2600,4990,4990,GBP,paid,2025-03-08T19:57:00
se_004377,co_0509,renewal,Bespoke,,2025-04-17,2025-04-08,,,monthly,2600,4090,4090,GBP,paid,2025-04-08T12:12:00
se_004378,co_0509,renewal,Bespoke,,2025-05-08,2025-05-08,,,monthly,2600,4980,4980,GBP,paid,2025-05-08T08:57:00
se_004379,co_0509,renewal,Bespoke,,2025-06-08,2025-06-08,,,monthly,2600,5100,5100,GBP,paid,2025-06-08T14:00:00
se_004380,co_0509,renewal,Bespoke,,2025-07-27,2025-07-08,,,monthly,2600,4190,4190,GBP,paid,2025-07-08T16:22:00
se_004381,co_0509,renewal,Bespoke,,2025-08-08,2025-08-08,,,monthly,2600,4720,4720,GBP,paid,2025-08-08T09:00:00
se_004382,co_0509,renewal,Bespoke,,2025-09-08,2025-09-08,,,monthly,2600,5660,5660,GBP,paid,2025-09-08T12:38:00
se_004383,co_0509,renewal,Bespoke,,2025-10-28,2025-10-08,,,monthly,2600,4700,4700,GBP,paid,2025-10-08T15:22:00
se_004384,co_0509,renewal,Bespoke,,2025-11-08,2025-11-08,,,monthly,2600,3940,3940,GBP,paid,2025-11-08T19:30:00
se_004385,co_0509,downgrade,Large,Bespoke,2025-11-23,2025-11-23,,,monthly,2600,1500,1500,GBP,paid,2025-11-23T17:19:00
se_004386,co_0509,renewal,Large,,2025-12-08,2025-12-08,,,monthly,2600,1500,1500,GBP,paid,2025-12-08T18:58:00
se_004387,co_0509,renewal,Large,,2026-01-08,2026-01-08,,,monthly,2600,1500,1500,GBP,paid,2026-01-08T10:46:00
se_004388,co_0509,renewal,Large,,2026-02-08,2026-02-08,,,monthly,2600,1500,1500,GBP,paid,2026-02-08T14:26:00
se_004389,co_0509,renewal,Large,,2026-03-08,2026-03-08,,,monthly,2600,1500,1500,GBP,paid,2026-03-08T09:32:00
se_004390,co_0509,renewal,Large,,2026-04-08,2026-04-08,,,monthly,2600,1500,1500,GBP,paid,2026-04-08T11:50:00
se_004391,co_0509,renewal,Large,,2026-05-08,2026-05-08,,,monthly,2600,1500,1500,GBP,paid,2026-05-08T14:59:00
se_004392,co_0509,renewal,Large,,2026-06-08,2026-06-08,,,monthly,2600,1500,1500,GBP,paid,2026-06-08T08:31:00
se_004393,co_0510,trial_start,Small,,,,,2026-05-09,monthly,69,0,0,GBP,not_applicable,2026-05-02T12:17:00
se_004394,co_0510,converted,Small,,2026-05-12,2026-05-12,,,monthly,69,200,200,GBP,paid,2026-05-12T10:17:00
se_004395,co_0510,renewal,Small,,2026-06-12,2026-06-12,,,monthly,69,200,200,GBP,paid,2026-06-12T08:36:00
se_004396,co_0511,trial_start,Small,,,,,2023-09-10,monthly,89,0,0,GBP,not_applicable,2023-09-03T13:28:00
se_004397,co_0511,converted,Small,,2023-09-06,2023-09-06,,,monthly,89,200,200,GBP,paid,2023-09-06T13:41:00
se_004398,co_0511,renewal,Small,,2023-10-06,2023-10-06,,,monthly,89,200,200,GBP,paid,2023-10-06T15:27:00
se_004399,co_0511,renewal,Small,,2023-11-06,2023-11-06,,,monthly,89,200,200,GBP,paid,2023-11-06T11:19:00
se_004400,co_0511,renewal,Small,,2023-12-06,2023-12-06,,,monthly,89,200,200,GBP,paid,2023-12-06T13:15:00
se_004401,co_0511,renewal,Small,,2024-01-06,2024-01-06,,,monthly,89,200,200,GBP,paid,2024-01-06T08:14:00
se_004402,co_0511,renewal,Small,,2024-02-24,2024-02-06,,,monthly,89,200,200,GBP,paid,2024-02-06T10:59:00
se_004403,co_0511,renewal,Small,,2024-03-06,2024-03-06,,,monthly,89,200,200,GBP,paid,2024-03-06T17:35:00
se_004404,co_0511,renewal,Small,,2024-04-11,2024-04-06,,,monthly,89,200,200,GBP,paid,2024-04-06T10:57:00
se_004405,co_0511,renewal,Small,,2024-05-06,2024-05-06,,,monthly,89,200,200,GBP,paid,2024-05-06T17:44:00
se_004406,co_0511,renewal,Small,,2024-06-06,2024-06-06,,,monthly,89,200,200,GBP,paid,2024-06-06T14:29:00
se_004407,co_0511,renewal,Small,,,2024-07-06,,,monthly,89,200,200,GBP,paid,2024-07-06T18:56:00
se_004408,co_0511,renewal,Small,,2024-08-06,2024-08-06,,,monthly,89,200,200,GBP,paid,2024-08-06T18:39:00
se_004409,co_0511,renewal,Small,,2024-09-26,2024-09-06,,,monthly,89,200,200,GBP,paid,2024-09-06T08:24:00
se_004410,co_0511,renewal,Small,,2024-10-06,2024-10-06,,,monthly,89,200,200,GBP,paid,2024-10-06T09:28:00
se_004411,co_0511,renewal,Small,,2024-11-06,2024-11-06,,,monthly,89,200,200,GBP,paid,2024-11-06T17:40:00
se_004412,co_0511,renewal,Small,,2024-12-06,2024-12-06,,,monthly,89,200,200,GBP,paid,2024-12-06T17:13:00
se_004413,co_0511,payment_failed,Small,,2025-01-06,2025-01-06,,,monthly,89,200,200,GBP,failed,2025-01-06T11:30:00
se_004414,co_0511,payment_recovered,Small,,2025-01-18,2025-01-18,,,monthly,89,200,200,GBP,paid,2025-01-18T10:37:00
se_004415,co_0511,renewal,Small,,2025-02-06,2025-02-06,,,monthly,89,200,200,GBP,paid,2025-02-06T14:10:00
se_004416,co_0511,renewal,Small,,2025-03-06,2025-03-06,,,monthly,89,200,200,GBP,paid,2025-03-06T11:35:00
se_004417,co_0511,renewal,Small,,2025-04-06,2025-04-06,,,monthly,89,200,200,GBP,paid,2025-04-06T14:51:00
se_004418,co_0511,renewal,Small,,2025-05-06,2025-05-06,,,monthly,89,200,200,GBP,paid,2025-05-06T14:59:00
se_004419,co_0511,renewal,Small,,2025-06-06,2025-06-06,,,monthly,89,200,200,GBP,paid,2025-06-06T10:48:00
se_004420,co_0511,renewal,Small,,2025-07-06,2025-07-06,,,monthly,89,200,200,GBP,paid,2025-07-06T18:20:00
se_004421,co_0511,renewal,Small,,2025-08-06,2025-08-06,,,monthly,89,200,200,GBP,paid,2025-08-06T16:40:00
se_004422,co_0511,renewal,Small,,2025-09-06,2025-09-06,,,monthly,89,200,200,GBP,paid,2025-09-06T19:37:00
se_004423,co_0511,renewal,Small,,2025-10-06,2025-10-06,,,monthly,89,200,200,GBP,paid,2025-10-06T09:00:00
se_004424,co_0511,renewal,Small,,2025-11-06,2025-11-06,,,monthly,89,200,200,GBP,paid,2025-11-06T08:20:00
se_004425,co_0511,renewal,Small,,2025-12-06,2025-12-06,,,monthly,89,200,200,GBP,paid,2025-12-06T19:07:00
se_004426,co_0511,renewal,Small,,2026-01-06,2026-01-06,,,monthly,89,200,200,GBP,paid,2026-01-06T14:08:00
se_004427,co_0511,renewal,Small,,2026-02-17,2026-02-06,,,monthly,89,200,200,GBP,paid,2026-02-06T16:49:00
se_004428,co_0511,renewal,Small,,2026-03-06,2026-03-06,,,monthly,89,200,200,GBP,paid,2026-03-06T08:22:00
se_004429,co_0511,renewal,Small,,2026-04-06,2026-04-06,,,monthly,89,200,200,GBP,paid,2026-04-06T15:41:00
se_004430,co_0511,renewal,Small,,2026-05-06,2026-05-06,,,monthly,89,200,200,GBP,paid,2026-05-06T09:10:00
se_004431,co_0511,renewal,Small,,2026-06-09,2026-06-06,,,monthly,89,200,200,GBP,paid,2026-06-06T17:48:00
se_004432,co_0512,trial_start,Small,,,,,2025-12-01,annual,69,0,0,GBP,not_applicable,2025-11-24T08:42:00
se_004433,co_0513,trial_start,small,,,,,2023-09-05,annual,83,0,0,GBP,not_applicable,2023-08-29T10:32:00
se_004434,co_0513,converted,Small,,2023-09-07,2023-09-07,,,annual,83,200,2400,GBP,paid,2023-09-07T19:02:00
se_004435,co_0513,renewal,Small,,2024-09-07,2024-09-07,,,annual,83,200,2400,GBP,paid,2024-09-07T12:21:00
se_004436,co_0513,renewal,Small,,2025-09-07,2025-09-07,,,annual,83,200,2400,GBP,paid,2025-09-07T15:46:00
se_004437,co_0514,trial_start,Medium,,,,,2024-05-19,annual,433,0,0,GBP,not_applicable,2024-05-12T11:08:00
se_004438,co_0515,trial_start,Large,,,,,2023-11-20,monthly,715,0,0,GBP,not_applicable,2023-11-13T18:01:00
se_004439,co_0515,converted,Large,,2023-11-15,2023-11-15,,,monthly,715,1500,1500,GBP,paid,2023-11-15T13:59:00
se_004440,co_0515,renewal,Large,,2023-12-15,2023-12-15,,,monthly,715,1500,1500,GBP,paid,2023-12-15T16:48:00
se_004441,co_0515,renewal,Large,,2024-01-15,2024-01-15,,,monthly,715,1500,1500,GBP,paid,2024-01-15T09:58:00
se_004442,co_0515,renewal,Large,,2024-02-15,2024-02-15,,,monthly,715,1500,1500,GBP,paid,2024-02-15T08:17:00
se_004443,co_0515,renewal,Large,,2024-03-15,2024-03-15,,,monthly,715,1500,1500,GBP,paid,2024-03-15T18:48:00
se_004444,co_0515,renewal,Large,,2024-04-15,2024-04-15,,,monthly,715,1500,1500,GBP,paid,2024-04-15T14:51:00
se_004445,co_0515,payment_failed,Large,,2024-05-15,2024-05-15,,,monthly,715,1500,1500,GBP,failed,2024-05-15T10:02:00
se_004446,co_0515,payment_recovered,Large,,2024-05-24,2024-05-24,,,monthly,715,1500,1500,GBP,paid,2024-05-24T15:29:00
se_004447,co_0515,renewal,Large,,2024-06-21,2024-06-15,,,monthly,715,1500,1500,GBP,paid,2024-06-15T09:55:00
se_004448,co_0515,renewal,Large,,2024-07-15,2024-07-15,,,monthly,715,1500,1500,GBP,paid,2024-07-15T19:42:00
se_004449,co_0515,renewal,Large,,2024-08-15,2024-08-15,,,monthly,715,1500,1500,GBP,paid,2024-08-15T11:49:00
se_004450,co_0515,renewal,Large,,2024-09-15,2024-09-15,,,monthly,715,1500,1500,GBP,paid,2024-09-15T10:28:00
se_004451,co_0515,renewal,Large,,2024-10-31,2024-10-15,,,monthly,715,1500,1500,GBP,paid,2024-10-15T16:58:00
se_004452,co_0515,renewal,Large,,2024-11-15,2024-11-15,,,monthly,715,1500,1500,GBP,paid,2024-11-15T09:10:00
se_004453,co_0515,renewal,Large,,2024-12-15,2024-12-15,,,monthly,715,1500,1500,GBP,paid,2024-12-15T18:30:00
se_004454,co_0515,renewal,Large,,2025-01-15,2025-01-15,,,monthly,715,1500,1500,GBP,paid,2025-01-15T15:52:00
se_004455,co_0515,renewal,Large,,2025-02-15,2025-02-15,,,monthly,715,1500,1500,GBP,paid,2025-02-15T16:55:00
se_004456,co_0515,renewal,Large,,2025-03-15,2025-03-15,,,monthly,715,1500,1500,GBP,paid,2025-03-15T15:45:00
se_004457,co_0515,renewal,Large,,2025-04-15,2025-04-15,,,monthly,715,1500,1500,GBP,paid,2025-04-15T14:27:00
se_004458,co_0515,renewal,Large,,2025-05-15,2025-05-15,,,monthly,715,1500,1500,GBP,paid,2025-05-15T09:12:00
se_004459,co_0515,renewal,Large,,2025-06-15,2025-06-15,,,monthly,715,1500,1500,GBP,paid,2025-06-15T11:57:00
se_004460,co_0515,renewal,Large,,2025-07-15,2025-07-15,,,monthly,715,1500,1500,GBP,paid,2025-07-15T10:40:00
se_004461,co_0515,renewal,Large,,2025-08-15,2025-08-15,,,monthly,715,1500,1500,GBP,paid,2025-08-15T19:07:00
se_004462,co_0515,renewal,Large,,2025-09-15,2025-09-15,,,monthly,715,1500,1500,GBP,paid,2025-09-15T11:52:00
se_004463,co_0515,renewal,Large,,2025-10-15,2025-10-15,,,monthly,715,1500,1500,GBP,paid,2025-10-15T09:33:00
se_004464,co_0515,renewal,Large,,2025-11-15,2025-11-15,,,monthly,715,1500,1500,GBP,paid,2025-11-15T10:31:00
se_004465,co_0515,renewal,Large,,2025-12-15,2025-12-15,,,monthly,715,1500,1500,GBP,paid,2025-12-15T11:57:00
se_004466,co_0515,renewal,Large,,2026-01-15,2026-01-15,,,monthly,715,1500,1500,GBP,paid,2026-01-15T14:43:00
se_004467,co_0515,renewal,Large,,2026-02-15,2026-02-15,,,monthly,715,1500,1500,GBP,paid,2026-02-15T12:29:00
se_004468,co_0515,renewal,Large,,2026-03-15,2026-03-15,,,monthly,715,1500,1500,GBP,paid,2026-03-15T13:44:00
se_004469,co_0515,renewal,Large,,2026-04-15,2026-04-15,,,monthly,715,1500,1500,GBP,paid,2026-04-15T17:17:00
se_004470,co_0515,renewal,Large,,2026-05-15,2026-05-15,,,monthly,715,1500,1500,GBP,paid,2026-05-15T19:32:00
se_004471,co_0515,renewal,Large,,,2026-06-15,,,monthly,715,1500,1500,GBP,paid,2026-06-15T18:36:00
se_004472,co_0516,trial_start,Small,,,,,2026-02-05,annual,55,0,0,GBP,not_applicable,2026-01-29T09:13:00
se_004473,co_0516,converted,Small,,2026-02-05,2026-02-05,,,annual,55,200,2400,GBP,paid,2026-02-05T08:45:00
se_004474,co_0517,trial_start,Medium,,,,,2024-01-26,monthly,399,0,0,GBP,not_applicable,2024-01-19T08:54:00
se_004475,co_0517,converted,Medium,,2024-01-26,2024-01-26,,,monthly,399,750,750,GBP,paid,2024-01-26T13:57:00
se_004476,co_0517,renewal,Medium,,2024-02-26,2024-02-26,,,monthly,399,750,750,GBP,paid,2024-02-26T08:48:00
se_004477,co_0517,renewal,Medium,,2024-03-26,2024-03-26,,,monthly,399,750,750,GBP,paid,2024-03-26T17:17:00
se_004478,co_0517,renewal,Medium,,2024-04-26,2024-04-26,,,monthly,399,750,750,GBP,paid,2024-04-26T18:42:00
se_004479,co_0517,downgrade,Small,,2024-05-16,2024-05-16,,,monthly,399,200,200,GBP,paid,2024-05-16T17:12:00
se_004480,co_0517,renewal,Small,,2024-05-26,2024-05-26,,,monthly,399,200,200,GBP,paid,2024-05-26T18:44:00
se_004481,co_0517,renewal,Small,,2024-06-26,2024-06-26,,,monthly,399,200,200,GBP,paid,2024-06-26T08:10:00
se_004482,co_0517,renewal,Small,,2024-07-26,2024-07-26,,,monthly,399,200,200,GBP,paid,2024-07-26T16:27:00
se_004483,co_0517,renewal,Small,,2024-08-26,2024-08-26,,,monthly,399,200,200,GBP,paid,2024-08-26T11:02:00
se_004484,co_0517,renewal,Small,,2024-09-26,2024-09-26,,,monthly,399,200,200,GBP,paid,2024-09-26T12:22:00
se_004485,co_0517,renewal,Small,,2024-10-26,2024-10-26,,,monthly,399,200,200,GBP,paid,2024-10-26T09:23:00
se_004486,co_0517,renewal,Small,,2024-11-26,2024-11-26,,,monthly,399,200,200,GBP,paid,2024-11-26T09:19:00
se_004487,co_0517,renewal,Small,,2024-12-26,2024-12-26,,,monthly,399,200,200,GBP,paid,2024-12-26T18:33:00
se_004488,co_0517,renewal,Small,,2025-01-26,2025-01-26,,,monthly,399,200,200,GBP,paid,2025-01-26T11:24:00
se_004489,co_0517,renewal,Small,,2025-02-26,2025-02-26,,,monthly,399,200,200,GBP,paid,2025-02-26T11:38:00
se_004490,co_0517,renewal,Small,,2025-03-26,2025-03-26,,,monthly,399,200,200,GBP,paid,2025-03-26T08:37:00
se_004491,co_0517,renewal,Small,,2025-04-26,2025-04-26,,,monthly,399,200,200,GBP,paid,2025-04-26T16:38:00
se_004492,co_0517,renewal,Small,,2025-05-26,2025-05-26,,,monthly,399,200,200,GBP,paid,2025-05-26T14:43:00
se_004493,co_0517,payment_failed,Small,,2025-06-26,2025-06-26,,,monthly,399,200,200,GBP,failed,2025-06-26T18:53:00
se_004494,co_0517,payment_recovered,Small,,2025-07-13,2025-07-13,,,monthly,399,200,200,GBP,paid,2025-07-13T15:39:00
se_004495,co_0517,renewal,Small,,2025-07-26,2025-07-26,,,monthly,399,200,200,GBP,paid,2025-07-26T09:01:00
se_004496,co_0517,renewal,Small,,2025-08-26,2025-08-26,,,monthly,399,200,200,GBP,paid,2025-08-26T10:14:00
se_004497,co_0517,renewal,Small,,2025-09-26,2025-09-26,,,monthly,399,200,200,GBP,paid,2025-09-26T16:27:00
se_004498,co_0517,renewal,Small,,2025-10-26,2025-10-26,,,monthly,399,200,200,GBP,paid,2025-10-26T10:31:00
se_004499,co_0517,renewal,Small,,2025-11-26,2025-11-26,,,monthly,399,200,200,GBP,paid,2025-11-26T11:03:00
se_004500,co_0517,renewal,Small,,2025-12-26,2025-12-26,,,monthly,399,200,200,GBP,paid,2025-12-26T19:54:00
se_004501,co_0517,renewal,Small,,2026-01-26,2026-01-26,,,monthly,399,200,200,GBP,paid,2026-01-26T14:56:00
se_004502,co_0517,renewal,Small,,2026-02-26,2026-02-26,,,monthly,399,200,200,GBP,paid,2026-02-26T19:18:00
se_004503,co_0517,renewal,Small,,2026-03-26,2026-03-26,,,monthly,399,200,200,GBP,paid,2026-03-26T17:19:00
se_004504,co_0517,renewal,Small,,2026-04-26,2026-04-26,,,monthly,399,200,200,GBP,paid,2026-04-26T09:35:00
se_004505,co_0517,renewal,Small,,2026-05-26,2026-05-26,,,monthly,399,200,200,GBP,paid,2026-05-26T12:36:00
se_004506,co_0517,renewal,Small,,2026-06-26,2026-06-26,,,monthly,399,200,200,GBP,paid,2026-06-26T18:13:00
se_004507,co_0518,trial_start,Medium,,,,,2024-01-17,annual,160,0,0,GBP,not_applicable,2024-01-10T11:11:00
se_004508,co_0518,converted,Medium,,2024-01-12,2024-01-12,,,annual,160,750,9000,GBP,paid,2024-01-12T13:15:00
se_004509,co_0518,renewal,Medium,,2025-01-12,2025-01-12,,,annual,160,750,9000,GBP,paid,2025-01-12T14:54:00
se_004510,co_0518,renewal,Medium,,2026-01-12,2026-01-12,,,annual,160,750,9000,GBP,paid,2026-01-12T16:46:00
se_004511,co_0518,upgrade,Large,Medium,2026-01-29,2026-01-29,,,annual,160,1500,18000,GBP,paid,2026-01-29T11:02:00
se_004512,co_0519,trial_start,Small,,,,,2026-05-08,monthly,64,0,0,GBP,not_applicable,2026-05-01T14:12:00
se_004513,co_0520,trial_start,Small,,,,,2024-01-10,monthly,60,0,0,GBP,not_applicable,2024-01-03T16:17:00
se_004514,co_0520,converted,Small,,2024-01-13,2024-01-13,,,monthly,60,200,200,GBP,paid,2024-01-13T19:27:00
se_004515,co_0520,renewal,Small,,2024-02-13,2024-02-13,,,monthly,60,200,200,GBP,paid,2024-02-13T12:54:00
se_004516,co_0520,renewal,Small,,2024-03-13,2024-03-13,,,monthly,60,200,200,GBP,paid,2024-03-13T14:10:00
se_004517,co_0520,renewal,Small,,2024-04-16,2024-04-13,,,monthly,60,200,200,GBP,paid,2024-04-13T08:34:00
se_004518,co_0520,renewal,Small,,2024-05-13,2024-05-13,,,monthly,60,200,200,GBP,paid,2024-05-13T13:16:00
se_004519,co_0520,renewal,Small,,2024-06-13,2024-06-13,,,monthly,60,200,200,GBP,paid,2024-06-13T11:44:00
se_004520,co_0520,upgrade,Medium,Small,2024-06-17,2024-06-17,,,monthly,60,750,750,GBP,paid,2024-06-17T08:58:00
se_004521,co_0520,renewal,MEDIUM,,2024-07-13,2024-07-13,,,monthly,60,750,750,GBP,paid,2024-07-13T14:34:00
se_004522,co_0520,renewal,Medium,,2024-08-13,2024-08-13,,,monthly,60,750,750,GBP,paid,2024-08-13T17:22:00
se_004523,co_0520,renewal,Medium,,2024-09-13,2024-09-13,,,monthly,60,750,750,GBP,paid,2024-09-13T14:08:00
se_004524,co_0520,renewal,Medium,,2024-10-13,2024-10-13,,,monthly,60,750,750,GBP,paid,2024-10-13T17:14:00
se_004525,co_0520,renewal,Medium,,2024-11-13,2024-11-13,,,monthly,60,750,750,GBP,paid,2024-11-13T12:10:00
se_004526,co_0520,renewal,Medium,,2024-12-13,2024-12-13,,,monthly,60,750,750,GBP,paid,2024-12-13T17:51:00
se_004527,co_0520,renewal,Medium,,2025-01-13,2025-01-13,,,monthly,60,750,750,GBP,paid,2025-01-13T17:45:00
se_004528,co_0520,renewal,Medium,,2025-02-13,2025-02-13,,,monthly,60,750,750,GBP,paid,2025-02-13T18:40:00
se_004529,co_0520,cancellation_scheduled,Medium,,,2025-01-25,,,monthly,60,750,750,GBP,not_applicable,2025-01-25T09:06:00
se_004530,co_0520,voluntary_churn,Medium,,,2025-02-15,2025-02-15,,monthly,60,750,0,GBP,not_applicable,2025-02-15T18:21:00
se_004531,co_0521,trial_start,Small,,,,,2026-03-07,monthly,87,0,0,GBP,not_applicable,2026-02-28T15:06:00
se_004532,co_0522,trial_start,Medium,,,,,2025-07-15,annual,172,0,0,GBP,not_applicable,2025-07-08T12:30:00
se_004533,co_0522,converted,Medium,,2025-07-18,2025-07-18,,,annual,172,750,9000,GBP,paid,2025-07-18T18:50:00
se_004534,co_0523,trial_start,Small,,,,,2023-07-26,monthly,129,0,0,GBP,not_applicable,2023-07-19T12:20:00
se_004535,co_0523,converted,Small,,2023-07-22,2023-07-22,,,monthly,129,200,200,GBP,paid,2023-07-22T12:47:00
se_004536,co_0523,renewal,Small,,2023-08-22,2023-08-22,,,monthly,129,200,200,GBP,paid,2023-08-22T09:49:00
se_004537,co_0523,renewal,Small,,2023-09-22,2023-09-22,,,monthly,129,200,200,GBP,paid,2023-09-22T14:50:00
se_004538,co_0523,renewal,Small,,2023-10-22,2023-10-22,,,monthly,129,200,200,GBP,paid,2023-10-22T19:35:00
se_004539,co_0523,renewal,Small,,2023-11-22,2023-11-22,,,monthly,129,200,200,GBP,paid,2023-11-22T15:05:00
se_004540,co_0523,renewal,Small,,2023-12-22,2023-12-22,,,monthly,129,200,200,GBP,paid,2023-12-22T13:06:00
se_004541,co_0523,renewal,Small,,2024-01-22,2024-01-22,,,monthly,129,200,200,GBP,paid,2024-01-22T12:51:00
se_004542,co_0523,renewal,Small,,2024-02-22,2024-02-22,,,monthly,129,200,200,GBP,paid,2024-02-22T13:26:00
se_004543,co_0523,renewal,Small,,2024-03-22,2024-03-22,,,monthly,129,200,200,GBP,paid,2024-03-22T15:24:00
se_004544,co_0523,renewal,Small,,2024-04-22,2024-04-22,,,monthly,129,200,200,GBP,paid,2024-04-22T10:23:00
se_004545,co_0523,renewal,Small,,2024-05-22,2024-05-22,,,monthly,129,200,200,GBP,paid,2024-05-22T13:52:00
se_004546,co_0523,renewal,Small,,2024-06-22,2024-06-22,,,monthly,129,200,200,GBP,paid,2024-06-22T19:51:00
se_004547,co_0523,renewal,Small,,2024-07-22,2024-07-22,,,monthly,129,200,200,GBP,paid,2024-07-22T09:14:00
se_004548,co_0523,renewal,Small,,2024-08-22,2024-08-22,,,monthly,129,200,200,GBP,paid,2024-08-22T09:16:00
se_004549,co_0523,renewal,Small,,2024-09-22,2024-09-22,,,monthly,129,200,200,GBP,paid,2024-09-22T17:24:00
se_004550,co_0523,renewal,Small,,2024-10-22,2024-10-22,,,monthly,129,200,200,GBP,paid,2024-10-22T08:54:00
se_004551,co_0523,renewal,Small,,2024-11-22,2024-11-22,,,monthly,129,200,200,GBP,paid,2024-11-22T17:57:00
se_004552,co_0523,renewal,Small,,2024-12-22,2024-12-22,,,monthly,129,200,200,GBP,paid,2024-12-22T14:21:00
se_004553,co_0523,renewal,Small,,2025-01-22,2025-01-22,,,monthly,129,200,200,GBP,paid,2025-01-22T17:23:00
se_004554,co_0523,renewal,Small,,2025-03-01,2025-02-22,,,monthly,129,200,200,GBP,paid,2025-02-22T14:04:00
se_004555,co_0523,renewal,Small,,2025-03-22,2025-03-22,,,monthly,129,200,200,GBP,paid,2025-03-22T13:58:00
se_004556,co_0523,renewal,Small,,2025-04-22,2025-04-22,,,monthly,129,200,200,GBP,paid,2025-04-22T19:10:00
se_004557,co_0523,renewal,Small,,2025-05-22,2025-05-22,,,monthly,129,200,200,GBP,paid,2025-05-22T08:36:00
se_004558,co_0523,renewal,Small,,,2025-06-22,,,monthly,129,200,200,GBP,paid,2025-06-22T08:07:00
se_004559,co_0523,renewal,Small,,2025-07-22,2025-07-22,,,monthly,129,200,200,GBP,paid,2025-07-22T17:44:00
se_004560,co_0523,renewal,Small,,2025-08-22,2025-08-22,,,monthly,129,200,200,GBP,paid,2025-08-22T18:03:00
se_004561,co_0523,payment_failed,Small,,2025-09-22,2025-09-22,,,monthly,129,200,200,GBP,failed,2025-09-22T10:24:00
se_004562,co_0523,payment_recovered,Small,,2025-10-10,2025-10-10,,,monthly,129,200,200,GBP,paid,2025-10-10T16:10:00
se_004563,co_0523,renewal,Small,,2025-10-22,2025-10-22,,,monthly,129,200,200,GBP,paid,2025-10-22T11:23:00
se_004564,co_0523,renewal,Small,,2025-11-22,2025-11-22,,,monthly,129,200,200,GBP,paid,2025-11-22T19:51:00
se_004565,co_0523,renewal,Small,,2025-12-22,2025-12-22,,,monthly,129,200,200,GBP,paid,2025-12-22T12:18:00
se_004566,co_0523,renewal,Small,,2026-01-22,2026-01-22,,,monthly,129,200,200,GBP,paid,2026-01-22T19:15:00
se_004567,co_0523,renewal,Small,,2026-02-22,2026-02-22,,,monthly,129,200,200,GBP,paid,2026-02-22T08:14:00
se_004568,co_0523,renewal,Small,,2026-04-11,2026-03-22,,,monthly,129,200,200,GBP,paid,2026-03-22T18:57:00
se_004569,co_0523,renewal,Small,,2026-04-22,2026-04-22,,,monthly,129,200,200,GBP,paid,2026-04-22T08:36:00
se_004570,co_0523,renewal,Small,,2026-05-22,2026-05-22,,,monthly,129,200,200,GBP,paid,2026-05-22T12:31:00
se_004571,co_0523,renewal,Small,,2026-06-22,2026-06-22,,,monthly,129,200,200,GBP,paid,2026-06-22T08:22:00
se_004572,co_0524,trial_start,Small,,,,,2026-03-11,monthly,28,0,0,GBP,not_applicable,2026-03-04T09:00:00
se_004573,co_0524,converted,Small,,2026-03-06,2026-03-06,,,monthly,28,200,200,GBP,paid,2026-03-06T08:22:00
se_004574,co_0524,renewal,Small,,2026-04-06,2026-04-06,,,monthly,28,200,200,GBP,paid,2026-04-06T12:11:00
se_004575,co_0524,renewal,Small,,2026-05-06,2026-05-06,,,monthly,28,200,200,GBP,paid,2026-05-06T09:32:00
se_004576,co_0524,renewal,Small,,2026-06-21,2026-06-06,,,monthly,28,200,200,GBP,paid,2026-06-06T13:46:00
se_004577,co_0525,trial_start,Medium,,,,,2023-09-03,monthly,151,0,0,GBP,not_applicable,2023-08-27T10:20:00
se_004578,co_0525,converted,Medium,,2023-09-01,2023-09-01,,,monthly,151,750,750,GBP,paid,2023-09-01T17:08:00
se_004579,co_0525,renewal,Medium,,2023-10-01,2023-10-01,,,monthly,151,750,750,GBP,paid,2023-10-01T17:45:00
se_004580,co_0525,renewal,Medium,,2023-11-01,2023-11-01,,,monthly,151,750,750,GBP,paid,2023-11-01T10:42:00
se_004581,co_0525,renewal,Medium,,2023-12-01,2023-12-01,,,monthly,151,750,750,GBP,paid,2023-12-01T16:38:00
se_004582,co_0525,upgrade,Large,Medium,2023-12-21,2023-12-21,,,monthly,151,1500,1500,GBP,paid,2023-12-21T14:16:00
se_004583,co_0525,renewal,Large,,2024-01-01,2024-01-01,,,monthly,151,1500,1500,GBP,paid,2024-01-01T09:07:00
se_004584,co_0525,renewal,Large,,,2024-02-01,,,monthly,151,1500,1500,GBP,paid,2024-02-01T10:03:00
se_004585,co_0525,renewal,Large,,2024-03-01,2024-03-01,,,monthly,151,1500,1500,GBP,paid,2024-03-01T08:29:00
se_004586,co_0525,renewal,Large,,2024-04-13,2024-04-01,,,monthly,151,1500,1500,GBP,paid,2024-04-01T14:37:00
se_004587,co_0525,renewal,Large,,2024-05-01,2024-05-01,,,monthly,151,1500,1500,GBP,paid,2024-05-01T18:53:00
se_004588,co_0525,renewal,Large,,2024-06-01,2024-06-01,,,monthly,151,1500,1500,GBP,paid,2024-06-01T19:59:00
se_004589,co_0525,upgrade,Bespoke,Large,2024-06-13,2024-06-13,,,monthly,151,1500,1500,GBP,paid,2024-06-13T17:42:00
se_004590,co_0525,renewal,Bespoke,,2024-07-01,2024-07-01,,,monthly,151,1500,1500,GBP,paid,2024-07-01T15:52:00
se_004591,co_0525,renewal,Bespoke,,2024-08-01,2024-08-01,,,monthly,151,1500,1500,GBP,paid,2024-08-01T17:10:00
se_004592,co_0525,renewal,Bespoke,,2024-09-01,2024-09-01,,,monthly,151,1500,1500,GBP,paid,2024-09-01T14:47:00
se_004593,co_0525,renewal,Bespoke,,2024-10-01,2024-10-01,,,monthly,151,1500,1500,GBP,paid,2024-10-01T09:00:00
se_004594,co_0525,renewal,Bespoke,,2024-11-01,2024-11-01,,,monthly,151,1500,1500,GBP,paid,2024-11-01T16:09:00
se_004595,co_0525,renewal,Bespoke,,2024-12-21,2024-12-01,,,monthly,151,1500,1500,GBP,paid,2024-12-01T15:37:00
se_004596,co_0525,renewal,Bespoke,,2025-01-01,2025-01-01,,,monthly,151,1500,1500,GBP,paid,2025-01-01T17:39:00
se_004597,co_0525,renewal,Bespoke,,2025-02-01,2025-02-01,,,monthly,151,1500,1500,GBP,paid,2025-02-01T15:36:00
se_004598,co_0525,renewal,Bespoke,,2025-03-01,2025-03-01,,,monthly,151,1500,1500,GBP,paid,2025-03-01T13:47:00
se_004599,co_0525,renewal,Bespoke,,2025-04-01,2025-04-01,,,monthly,151,1500,1500,GBP,paid,2025-04-01T13:38:00
se_004600,co_0525,renewal,Bespoke,,2025-05-01,2025-05-01,,,monthly,151,1500,1500,GBP,paid,2025-05-01T09:57:00
se_004601,co_0525,renewal,Bespoke,,2025-06-07,2025-06-01,,,monthly,151,1500,1500,GBP,paid,2025-06-01T11:40:00
se_004602,co_0525,renewal,Bespoke,,2025-07-01,2025-07-01,,,monthly,151,1500,1500,GBP,paid,2025-07-01T10:50:00
se_004603,co_0525,renewal,Bespoke,,2025-08-01,2025-08-01,,,monthly,151,1500,1500,GBP,paid,2025-08-01T12:22:00
se_004604,co_0525,renewal,Bespoke,,2025-09-01,2025-09-01,,,monthly,151,1500,1500,GBP,paid,2025-09-01T19:07:00
se_004605,co_0525,renewal,Bespoke,,2025-10-01,2025-10-01,,,monthly,151,1500,1500,GBP,paid,2025-10-01T16:30:00
se_004606,co_0525,renewal,Bespoke,,2025-11-01,2025-11-01,,,monthly,151,1500,1500,GBP,paid,2025-11-01T15:16:00
se_004607,co_0525,renewal,Bespoke,,2025-12-01,2025-12-01,,,monthly,151,1500,1500,GBP,paid,2025-12-01T11:13:00
se_004608,co_0525,renewal,Bespoke,,2026-01-01,2026-01-01,,,monthly,151,1500,1500,GBP,paid,2026-01-01T15:34:00
se_004609,co_0525,renewal,Bespoke,,2026-02-01,2026-02-01,,,monthly,151,1500,1500,GBP,paid,2026-02-01T08:07:00
se_004610,co_0525,renewal,Bespoke,,2026-03-01,2026-03-01,,,monthly,151,1500,1500,GBP,paid,2026-03-01T19:22:00
se_004611,co_0525,renewal,Bespoke,,2026-04-07,2026-04-01,,,monthly,151,1500,1500,GBP,paid,2026-04-01T18:54:00
se_004612,co_0525,renewal,Bespoke,,2026-05-01,2026-05-01,,,monthly,151,1500,1500,GBP,paid,2026-05-01T13:40:00
se_004613,co_0525,renewal,Bespoke,,2026-06-01,2026-06-01,,,monthly,151,1500,1500,GBP,paid,2026-06-01T08:56:00
se_004614,co_0526,trial_start,Small,,,,,2025-07-25,annual,102,0,0,GBP,not_applicable,2025-07-18T13:54:00
se_004615,co_0527,trial_start,Small,,,,,2024-02-25,monthly,97,0,0,GBP,not_applicable,2024-02-18T10:35:00
se_004616,co_0527,converted,Small,,2024-02-20,2024-02-20,,,monthly,97,200,200,GBP,paid,2024-02-20T09:10:00
se_004617,co_0527,renewal,Small,,2024-03-20,2024-03-20,,,monthly,97,200,200,GBP,paid,2024-03-20T13:14:00
se_004618,co_0527,renewal,Small,,2024-04-20,2024-04-20,,,monthly,97,200,200,GBP,paid,2024-04-20T16:58:00
se_004619,co_0527,renewal,Small,,2024-05-20,2024-05-20,,,monthly,97,200,200,GBP,paid,2024-05-20T15:25:00
se_004620,co_0527,renewal,Small,,2024-06-20,2024-06-20,,,monthly,97,200,200,GBP,paid,2024-06-20T16:31:00
se_004621,co_0527,renewal,Small,,2024-07-20,2024-07-20,,,monthly,97,200,200,GBP,paid,2024-07-20T19:56:00
se_004622,co_0527,renewal,Small,,2024-09-05,2024-08-20,,,monthly,97,200,200,GBP,paid,2024-08-20T16:23:00
se_004623,co_0527,renewal,Small,,2024-09-20,2024-09-20,,,monthly,97,200,200,GBP,paid,2024-09-20T12:48:00
se_004624,co_0527,renewal,Small,,2024-10-20,2024-10-20,,,monthly,97,200,200,GBP,paid,2024-10-20T16:02:00
se_004625,co_0527,renewal,Small,,2024-11-20,2024-11-20,,,monthly,97,200,200,GBP,paid,2024-11-20T18:56:00
se_004626,co_0527,renewal,Small,,2024-12-20,2024-12-20,,,monthly,97,200,200,GBP,paid,2024-12-20T19:35:00
se_004627,co_0527,renewal,Small,,2025-01-20,2025-01-20,,,monthly,97,200,200,GBP,paid,2025-01-20T17:45:00
se_004628,co_0527,renewal,Small,,2025-02-20,2025-02-20,,,monthly,97,200,200,GBP,paid,2025-02-20T14:42:00
se_004629,co_0527,renewal,Small,,2025-03-20,2025-03-20,,,monthly,97,200,200,GBP,paid,2025-03-20T18:30:00
se_004630,co_0527,renewal,Small,,2025-04-20,2025-04-20,,,monthly,97,200,200,GBP,paid,2025-04-20T19:41:00
se_004631,co_0527,renewal,Small,,2025-05-20,2025-05-20,,,monthly,97,200,200,GBP,paid,2025-05-20T17:09:00
se_004632,co_0527,renewal,Small,,2025-06-20,2025-06-20,,,monthly,97,200,200,GBP,paid,2025-06-20T19:33:00
se_004633,co_0527,renewal,Small,,2025-07-20,2025-07-20,,,monthly,97,200,200,GBP,paid,2025-07-20T14:25:00
se_004634,co_0527,renewal,Small,,2025-08-20,2025-08-20,,,monthly,97,200,200,GBP,paid,2025-08-20T16:28:00
se_004635,co_0527,renewal,Small,,2025-09-20,2025-09-20,,,monthly,97,200,200,GBP,paid,2025-09-20T18:34:00
se_004636,co_0527,renewal,Small,,2025-10-20,2025-10-20,,,monthly,97,200,200,GBP,paid,2025-10-20T19:21:00
se_004637,co_0527,renewal,Small,,2025-11-20,2025-11-20,,,monthly,97,200,200,GBP,paid,2025-11-20T09:06:00
se_004638,co_0527,renewal,Small,,2025-12-20,2025-12-20,,,monthly,97,200,200,GBP,paid,2025-12-20T14:40:00
se_004639,co_0527,renewal,Small,,2026-01-20,2026-01-20,,,monthly,97,200,200,GBP,paid,2026-01-20T11:05:00
se_004640,co_0527,renewal,Small,,2026-02-20,2026-02-20,,,monthly,97,200,200,GBP,paid,2026-02-20T19:28:00
se_004641,co_0527,renewal,Small,,2026-03-20,2026-03-20,,,monthly,97,200,200,GBP,paid,2026-03-20T11:51:00
se_004642,co_0527,renewal,Small,,2026-04-20,2026-04-20,,,monthly,97,200,200,GBP,paid,2026-04-20T14:35:00
se_004643,co_0527,renewal,Small,,2026-05-20,2026-05-20,,,monthly,97,200,200,GBP,paid,2026-05-20T17:17:00
se_004644,co_0527,renewal,Small,,2026-06-20,2026-06-20,,,monthly,97,200,200,GBP,paid,2026-06-20T19:43:00
se_004645,co_0528,trial_start,Medium,,,,,2024-06-13,monthly,170,0,0,GBP,not_applicable,2024-06-06T10:19:00
se_004646,co_0529,trial_start,Medium,,,,,2023-11-10,monthly,282,0,0,GBP,not_applicable,2023-11-03T08:42:00
se_004647,co_0529,converted,Medium,,2023-11-06,2023-11-06,,,monthly,282,750,750,GBP,paid,2023-11-06T17:06:00
se_004648,co_0529,renewal,Medium,,2023-12-06,2023-12-06,,,monthly,282,750,750,GBP,paid,2023-12-06T18:20:00
se_004649,co_0529,renewal,Medium,,2024-01-06,2024-01-06,,,monthly,282,750,750,GBP,paid,2024-01-06T17:02:00
se_004650,co_0529,renewal,Medium,,,2024-02-06,,,monthly,282,750,750,GBP,paid,2024-02-06T10:30:00
se_004651,co_0529,renewal,Medium,,2024-03-06,2024-03-06,,,monthly,282,750,750,GBP,paid,2024-03-06T13:07:00
se_004652,co_0529,renewal,Medium,,2024-04-06,2024-04-06,,,monthly,282,750,750,GBP,paid,2024-04-06T10:20:00
se_004653,co_0529,renewal,Medium,,2024-05-06,2024-05-06,,,monthly,282,750,750,GBP,paid,2024-05-06T19:26:00
se_004654,co_0529,renewal,Medium,,2024-06-06,2024-06-06,,,monthly,282,750,750,GBP,paid,2024-06-06T10:35:00
se_004655,co_0529,renewal,Medium,,2024-07-06,2024-07-06,,,monthly,282,750,750,GBP,paid,2024-07-06T13:25:00
se_004656,co_0529,renewal,Medium,,2024-08-06,2024-08-06,,,monthly,282,750,750,GBP,paid,2024-08-06T19:37:00
se_004657,co_0529,renewal,Medium,,2024-09-06,2024-09-06,,,monthly,282,750,750,GBP,paid,2024-09-06T14:20:00
se_004658,co_0529,payment_failed,Medium,,2024-10-06,2024-10-06,,,monthly,282,750,750,GBP,failed,2024-10-06T19:47:00
se_004659,co_0529,payment_recovered,Medium,,2024-10-09,2024-10-09,,,monthly,282,750,750,GBP,paid,2024-10-09T18:35:00
se_004660,co_0529,renewal,Medium,,2024-11-06,2024-11-06,,,monthly,282,750,750,GBP,paid,2024-11-06T15:19:00
se_004661,co_0529,payment_failed,Medium,,2024-12-06,2024-12-06,,,monthly,282,750,750,GBP,failed,2024-12-06T10:05:00
se_004662,co_0529,payment_recovered,Medium,,2024-12-22,2024-12-22,,,monthly,282,750,750,GBP,paid,2024-12-22T16:22:00
se_004663,co_0529,renewal,Medium,,2025-01-06,2025-01-06,,,monthly,282,750,750,GBP,paid,2025-01-06T15:56:00
se_004664,co_0529,renewal,Medium,,2025-02-06,2025-02-06,,,monthly,282,750,750,GBP,paid,2025-02-06T08:30:00
se_004665,co_0529,renewal,Medium,,2025-03-06,2025-03-06,,,monthly,282,750,750,GBP,paid,2025-03-06T09:59:00
se_004666,co_0529,renewal,Medium,,2025-04-06,2025-04-06,,,monthly,282,750,750,GBP,paid,2025-04-06T10:38:00
se_004667,co_0529,renewal,Medium,,2025-05-06,2025-05-06,,,monthly,282,750,750,GBP,paid,2025-05-06T11:29:00
se_004668,co_0529,renewal,Medium,,2025-06-21,2025-06-06,,,monthly,282,750,750,GBP,paid,2025-06-06T08:41:00
se_004669,co_0529,renewal,Medium,,2025-07-06,2025-07-06,,,monthly,282,750,750,GBP,paid,2025-07-06T19:20:00
se_004670,co_0529,renewal,Medium,,2025-08-06,2025-08-06,,,monthly,282,750,750,GBP,paid,2025-08-06T11:55:00
se_004671,co_0529,renewal,Medium,,2025-09-06,2025-09-06,,,monthly,282,750,750,GBP,paid,2025-09-06T13:26:00
se_004672,co_0529,renewal,Medium,,2025-10-06,2025-10-06,,,monthly,282,750,750,GBP,paid,2025-10-06T16:06:00
se_004673,co_0529,renewal,Medium,,2025-11-24,2025-11-06,,,monthly,282,750,750,GBP,paid,2025-11-06T10:30:00
se_004674,co_0529,renewal,Medium,,2025-12-16,2025-12-06,,,monthly,282,750,750,GBP,paid,2025-12-06T11:10:00
se_004675,co_0529,renewal,Medium,,2026-01-06,2026-01-06,,,monthly,282,750,750,GBP,paid,2026-01-06T16:01:00
se_004676,co_0529,renewal,Medium,,2026-02-06,2026-02-06,,,monthly,282,750,750,GBP,paid,2026-02-06T18:44:00
se_004677,co_0529,renewal,Medium,,2026-03-06,2026-03-06,,,monthly,282,750,750,GBP,paid,2026-03-06T16:25:00
se_004678,co_0529,renewal,Medium,,2026-04-06,2026-04-06,,,monthly,282,750,750,GBP,paid,2026-04-06T09:25:00
se_004679,co_0529,renewal,Medium,,2026-05-06,2026-05-06,,,monthly,282,750,750,GBP,paid,2026-05-06T12:08:00
se_004680,co_0529,renewal,Medium,,2026-06-06,2026-06-06,,,monthly,282,750,750,GBP,paid,2026-06-06T11:55:00
se_004681,co_0530,trial_start,Medium,,,,,2024-10-29,monthly,140,0,0,GBP,not_applicable,2024-10-22T10:33:00
se_004682,co_0530,converted,Medium,,2024-11-01,2024-11-01,,,monthly,140,750,750,GBP,paid,2024-11-01T09:03:00
se_004683,co_0530,renewal,Medium,,2024-12-09,2024-12-01,,,monthly,140,750,750,GBP,paid,2024-12-01T17:59:00
se_004684,co_0530,renewal,Medium,,2025-01-01,2025-01-01,,,monthly,140,750,750,GBP,paid,2025-01-01T13:23:00
se_004685,co_0530,renewal,Medium,,2025-02-01,2025-02-01,,,monthly,140,750,750,GBP,paid,2025-02-01T10:47:00
se_004686,co_0530,renewal,Medium,,2025-03-14,2025-03-01,,,monthly,140,750,750,GBP,paid,2025-03-01T15:16:00
se_004687,co_0530,renewal,Medium,,2025-04-01,2025-04-01,,,monthly,140,750,750,GBP,paid,2025-04-01T12:51:00
se_004688,co_0530,renewal,Medium,,2025-05-01,2025-05-01,,,monthly,140,750,750,GBP,paid,2025-05-01T09:45:00
se_004689,co_0530,renewal,Medium,,2025-06-01,2025-06-01,,,monthly,140,750,750,GBP,paid,2025-06-01T14:52:00
se_004690,co_0530,renewal,Medium,,2025-07-01,2025-07-01,,,monthly,140,750,750,GBP,paid,2025-07-01T10:19:00
se_004691,co_0530,renewal,Medium,,2025-08-17,2025-08-01,,,monthly,140,750,750,GBP,paid,2025-08-01T19:15:00
se_004692,co_0530,renewal,Medium,,2025-09-01,2025-09-01,,,monthly,140,750,750,GBP,paid,2025-09-01T12:24:00
se_004693,co_0530,renewal,Medium,,2025-10-01,2025-10-01,,,monthly,140,750,750,GBP,paid,2025-10-01T13:18:00
se_004694,co_0530,renewal,Medium,,2025-11-01,2025-11-01,,,monthly,140,750,750,GBP,paid,2025-11-01T11:36:00
se_004695,co_0530,renewal,Medium,,2025-12-01,2025-12-01,,,monthly,140,750,750,GBP,paid,2025-12-01T18:58:00
se_004696,co_0530,renewal,Medium,,2026-01-01,2026-01-01,,,monthly,140,750,750,GBP,paid,2026-01-01T13:13:00
se_004697,co_0530,renewal,Medium,,2026-02-01,2026-02-01,,,monthly,140,750,750,GBP,paid,2026-02-01T09:45:00
se_004698,co_0530,renewal,Medium,,2026-03-01,2026-03-01,,,monthly,140,750,750,GBP,paid,2026-03-01T13:02:00
se_004699,co_0530,renewal,Medium,,2026-04-01,2026-04-01,,,monthly,140,750,750,GBP,paid,2026-04-01T18:08:00
se_004700,co_0530,renewal,Medium,,2026-05-01,2026-05-01,,,monthly,140,750,750,GBP,paid,2026-05-01T12:57:00
se_004701,co_0530,renewal,Medium,,2026-06-01,2026-06-01,,,monthly,140,750,750,GBP,paid,2026-06-01T18:36:00
se_004702,co_0531,trial_start,Small,,,,,2024-01-17,annual,36,0,0,GBP,not_applicable,2024-01-10T09:10:00
se_004703,co_0531,converted,Small,,2024-01-18,2024-01-18,,,annual,36,200,2400,GBP,paid,2024-01-18T19:57:00
se_004704,co_0531,renewal,Small,,2025-01-18,2025-01-18,,,annual,36,200,2400,GBP,paid,2025-01-18T18:20:00
se_004705,co_0531,renewal,small,,2026-01-24,2026-01-18,,,annual,36,200,2400,GBP,paid,2026-01-18T14:15:00
se_004706,co_0532,trial_start,Small,,,,,2024-05-10,monthly,41,0,0,GBP,not_applicable,2024-05-03T10:29:00
se_004707,co_0532,converted,Small,,2024-05-05,2024-05-05,,,monthly,41,200,200,GBP,paid,2024-05-05T17:40:00
se_004708,co_0532,renewal,Small,,2024-06-05,2024-06-05,,,monthly,41,200,200,GBP,paid,2024-06-05T11:16:00
se_004709,co_0532,renewal,Small,,2024-07-05,2024-07-05,,,monthly,41,200,200,GBP,paid,2024-07-05T08:23:00
se_004710,co_0532,renewal,Small,,2024-08-05,2024-08-05,,,monthly,41,200,200,GBP,paid,2024-08-05T09:51:00
se_004711,co_0532,renewal,Small,,2024-09-05,2024-09-05,,,monthly,41,200,200,GBP,paid,2024-09-05T18:05:00
se_004712,co_0532,renewal,Small,,2024-10-05,2024-10-05,,,monthly,41,200,200,GBP,paid,2024-10-05T15:14:00
se_004713,co_0532,renewal,Small,,2024-11-05,2024-11-05,,,monthly,41,200,200,GBP,paid,2024-11-05T18:57:00
se_004714,co_0532,renewal,Small,,2024-12-05,2024-12-05,,,monthly,41,200,200,GBP,paid,2024-12-05T19:34:00
se_004715,co_0532,renewal,Small,,2025-01-05,2025-01-05,,,monthly,41,200,200,GBP,paid,2025-01-05T10:29:00
se_004716,co_0532,renewal,Small,,2025-02-05,2025-02-05,,,monthly,41,200,200,GBP,paid,2025-02-05T16:52:00
se_004717,co_0532,payment_failed,Small,,,2025-03-05,,,monthly,41,200,200,GBP,failed,2025-03-05T12:19:00
se_004718,co_0532,payment_recovered,Small,,2025-03-18,2025-03-18,,,monthly,41,200,200,GBP,paid,2025-03-18T18:01:00
se_004719,co_0532,payment_failed,Small,,2025-04-05,2025-04-05,,,monthly,41,200,200,GBP,failed,2025-04-05T08:40:00
se_004720,co_0532,renewal,Small,,2025-05-05,2025-05-05,,,monthly,41,200,200,GBP,paid,2025-05-05T17:14:00
se_004721,co_0532,renewal,Small,,2025-06-05,2025-06-05,,,monthly,41,200,200,GBP,paid,2025-06-05T12:59:00
se_004722,co_0532,renewal,Small,,2025-07-24,2025-07-05,,,monthly,41,200,200,GBP,paid,2025-07-05T10:53:00
se_004723,co_0532,renewal,Small,,2025-08-05,2025-08-05,,,monthly,41,200,200,GBP,paid,2025-08-05T15:22:00
se_004724,co_0532,renewal,Small,,2025-09-05,2025-09-05,,,monthly,41,200,200,GBP,paid,2025-09-05T09:07:00
se_004725,co_0532,renewal,Small,,2025-10-09,2025-10-05,,,monthly,41,200,200,GBP,paid,2025-10-05T10:44:00
se_004726,co_0532,renewal,Small,,2025-11-05,2025-11-05,,,monthly,41,200,200,GBP,paid,2025-11-05T09:17:00
se_004727,co_0532,renewal,Small,,2025-12-05,2025-12-05,,,monthly,41,200,200,GBP,paid,2025-12-05T13:43:00
se_004728,co_0532,renewal,Small,,2026-01-05,2026-01-05,,,monthly,41,200,200,GBP,paid,2026-01-05T18:36:00
se_004729,co_0532,renewal,Small,,2026-02-05,2026-02-05,,,monthly,41,200,200,GBP,paid,2026-02-05T11:38:00
se_004730,co_0532,renewal,Small,,2026-03-05,2026-03-05,,,monthly,41,200,200,GBP,paid,2026-03-05T15:09:00
se_004731,co_0532,renewal,small,,2026-04-05,2026-04-05,,,monthly,41,200,200,GBP,paid,2026-04-05T14:58:00
se_004732,co_0532,renewal,Small ,,2026-05-05,2026-05-05,,,monthly,41,200,200,GBP,paid,2026-05-05T18:19:00
se_004733,co_0532,renewal,Small,,2026-06-05,2026-06-05,,,monthly,41,200,200,GBP,paid,2026-06-05T13:52:00
se_004734,co_0533,trial_start,Medium,,,,,2024-03-27,monthly,133,0,0,GBP,not_applicable,2024-03-20T10:13:00
se_004735,co_0533,converted,Medium,,2024-03-30,2024-03-30,,,monthly,133,750,750,GBP,paid,2024-03-30T18:31:00
se_004736,co_0533,renewal,Medium,,,2024-04-30,,,monthly,133,750,750,GBP,paid,2024-04-30T17:10:00
se_004737,co_0533,renewal,Medium,,2024-05-30,2024-05-30,,,monthly,133,750,750,GBP,paid,2024-05-30T09:09:00
se_004738,co_0533,renewal,Medium,,2024-06-30,2024-06-30,,,monthly,133,750,750,GBP,paid,2024-06-30T17:48:00
se_004739,co_0533,renewal,Medium,,2024-07-30,2024-07-30,,,monthly,133,750,750,GBP,paid,2024-07-30T14:15:00
se_004740,co_0533,renewal,Medium,,2024-08-30,2024-08-30,,,monthly,133,750,750,GBP,paid,2024-08-30T14:42:00
se_004741,co_0533,renewal,Medium,,2024-09-30,2024-09-30,,,monthly,133,750,750,GBP,paid,2024-09-30T08:54:00
se_004742,co_0533,renewal,Medium,,2024-10-30,2024-10-30,,,monthly,133,750,750,GBP,paid,2024-10-30T11:07:00
se_004743,co_0533,renewal,Medium,,2024-12-08,2024-11-30,,,monthly,133,750,750,GBP,paid,2024-11-30T18:57:00
se_004744,co_0533,renewal,Medium,,2024-12-30,2024-12-30,,,monthly,133,750,750,GBP,paid,2024-12-30T15:43:00
se_004745,co_0533,renewal,Medium,,2025-02-04,2025-01-30,,,monthly,133,750,750,GBP,paid,2025-01-30T10:56:00
se_004746,co_0533,renewal,Medium,,2025-02-28,2025-02-28,,,monthly,133,750,750,GBP,paid,2025-02-28T13:00:00
se_004747,co_0533,renewal,Medium,,2025-03-28,2025-03-28,,,monthly,133,750,750,GBP,paid,2025-03-28T19:40:00
se_004748,co_0533,renewal,Medium,,2025-04-28,2025-04-28,,,monthly,133,750,750,GBP,paid,2025-04-28T11:05:00
se_004749,co_0533,renewal,Medium,,2025-05-28,2025-05-28,,,monthly,133,750,750,GBP,paid,2025-05-28T16:00:00
se_004750,co_0533,renewal,Medium,,2025-06-28,2025-06-28,,,monthly,133,750,750,GBP,paid,2025-06-28T15:57:00
se_004751,co_0533,renewal,Medium,,2025-07-28,2025-07-28,,,monthly,133,750,750,GBP,paid,2025-07-28T15:37:00
se_004752,co_0533,renewal,Medium,,2025-08-28,2025-08-28,,,monthly,133,750,750,GBP,paid,2025-08-28T15:54:00
se_004753,co_0533,renewal,Medium,,2025-09-28,2025-09-28,,,monthly,133,750,750,GBP,paid,2025-09-28T18:15:00
se_004754,co_0533,renewal,Medium,,2025-10-28,2025-10-28,,,monthly,133,750,750,GBP,paid,2025-10-28T15:02:00
se_004755,co_0533,renewal,Medium,,2025-11-28,2025-11-28,,,monthly,133,750,750,GBP,paid,2025-11-28T19:35:00
se_004756,co_0533,renewal,Medium,,2025-12-28,2025-12-28,,,monthly,133,750,750,GBP,paid,2025-12-28T17:03:00
se_004757,co_0533,renewal,Medium,,2026-01-28,2026-01-28,,,monthly,133,750,750,GBP,paid,2026-01-28T10:30:00
se_004758,co_0533,renewal,Medium ,,2026-02-28,2026-02-28,,,monthly,133,750,750,GBP,paid,2026-02-28T19:22:00
se_004759,co_0533,renewal,Medium,,2026-03-28,2026-03-28,,,monthly,133,750,750,GBP,paid,2026-03-28T13:18:00
se_004760,co_0533,payment_failed,Medium,,2026-04-28,2026-04-28,,,monthly,133,750,750,GBP,failed,2026-04-28T13:40:00
se_004761,co_0533,payment_recovered,Medium,,2026-05-10,2026-05-10,,,monthly,133,750,750,GBP,paid,2026-05-10T12:30:00
se_004762,co_0533,renewal,Medium,,2026-05-28,2026-05-28,,,monthly,133,750,750,GBP,paid,2026-05-28T11:55:00
se_004763,co_0533,renewal,Medium,,2026-06-28,2026-06-28,,,monthly,133,750,750,GBP,paid,2026-06-28T14:04:00
se_004764,co_0534,trial_start,Medium,,,,,2024-07-22,monthly,372,0,0,GBP,not_applicable,2024-07-15T09:38:00
se_004765,co_0534,converted,Medium,,2024-07-19,2024-07-19,,,monthly,372,750,750,GBP,paid,2024-07-19T14:43:00
se_004766,co_0534,renewal,Medium,,2024-08-19,2024-08-19,,,monthly,372,750,750,GBP,paid,2024-08-19T12:01:00
se_004767,co_0534,renewal,Medium,,2024-09-19,2024-09-19,,,monthly,372,750,750,GBP,paid,2024-09-19T12:21:00
se_004768,co_0534,renewal,Medium,,2024-10-19,2024-10-19,,,monthly,372,750,750,GBP,paid,2024-10-19T08:28:00
se_004769,co_0534,renewal,Medium,,2024-11-19,2024-11-19,,,monthly,372,750,750,GBP,paid,2024-11-19T13:02:00
se_004770,co_0534,renewal,Medium,,2024-12-19,2024-12-19,,,monthly,372,750,750,GBP,paid,2024-12-19T11:17:00
se_004771,co_0534,upgrade,Large,Medium,2025-01-10,2025-01-10,,,monthly,372,1500,1500,GBP,paid,2025-01-10T16:15:00
se_004772,co_0534,renewal,Large,,2025-02-07,2025-01-19,,,monthly,372,1500,1500,GBP,paid,2025-01-19T09:19:00
se_004773,co_0534,renewal,Large,,2025-02-19,2025-02-19,,,monthly,372,1500,1500,GBP,paid,2025-02-19T11:55:00
se_004774,co_0534,renewal,Large,,2025-03-30,2025-03-19,,,monthly,372,1500,1500,GBP,paid,2025-03-19T14:11:00
se_004775,co_0534,renewal,Large,,2025-04-19,2025-04-19,,,monthly,372,1500,1500,GBP,paid,2025-04-19T10:39:00
se_004776,co_0534,renewal,Large,,2025-05-19,2025-05-19,,,monthly,372,1500,1500,GBP,paid,2025-05-19T10:04:00
se_004777,co_0534,renewal,Large,,2025-06-19,2025-06-19,,,monthly,372,1500,1500,GBP,paid,2025-06-19T08:42:00
se_004778,co_0534,renewal,Large,,2025-07-19,2025-07-19,,,monthly,372,1500,1500,GBP,paid,2025-07-19T10:02:00
se_004779,co_0534,upgrade,Bespoke,Large,2025-08-06,2025-08-06,,,monthly,372,1500,1500,GBP,paid,2025-08-06T12:26:00
se_004780,co_0534,renewal,Bespoke,,2025-08-19,2025-08-19,,,monthly,372,1500,1500,GBP,paid,2025-08-19T11:09:00
se_004781,co_0534,renewal,Bespoke,,2025-09-19,2025-09-19,,,monthly,372,1500,1500,GBP,paid,2025-09-19T18:22:00
se_004782,co_0534,renewal,Bespoke,,2025-10-19,2025-10-19,,,monthly,372,1500,1500,GBP,paid,2025-10-19T18:31:00
se_004783,co_0534,renewal,Bespoke,,2025-11-19,2025-11-19,,,monthly,372,1500,1500,GBP,paid,2025-11-19T17:08:00
se_004784,co_0534,renewal,Bespoke,,2025-12-19,2025-12-19,,,monthly,372,1500,1500,GBP,paid,2025-12-19T08:25:00
se_004785,co_0534,renewal,Bespoke,,2026-02-04,2026-01-19,,,monthly,372,1500,1500,GBP,paid,2026-01-19T10:41:00
se_004786,co_0534,renewal,Bespoke,,2026-02-19,2026-02-19,,,monthly,372,1500,1500,GBP,paid,2026-02-19T17:07:00
se_004787,co_0534,renewal,Bespoke,,2026-03-25,2026-03-19,,,monthly,372,1500,1500,GBP,paid,2026-03-19T16:10:00
se_004788,co_0534,renewal,Bespoke,,2026-04-19,2026-04-19,,,monthly,372,1500,1500,GBP,paid,2026-04-19T15:58:00
se_004789,co_0534,renewal,Bespoke,,2026-05-19,2026-05-19,,,monthly,372,1500,1500,GBP,paid,2026-05-19T19:29:00
se_004790,co_0534,renewal,Bespoke,,2026-06-19,2026-06-19,,,monthly,372,1500,1500,GBP,paid,2026-06-19T14:07:00
se_004791,co_0535,trial_start,Medium,,,,,2025-03-20,annual,372,0,0,GBP,not_applicable,2025-03-13T13:36:00
se_004792,co_0535,converted,Medium,,2025-03-20,2025-03-20,,,annual,372,750,9000,GBP,paid,2025-03-20T11:59:00
se_004793,co_0535,renewal,Medium,,2026-03-20,2026-03-20,,,annual,372,750,9000,GBP,paid,2026-03-20T08:56:00
se_004794,co_0536,trial_start,Medium,,,,,2024-07-06,annual,197,0,0,GBP,not_applicable,2024-06-29T13:15:00
se_004795,co_0536,converted,Medium,,2024-07-08,2024-07-08,,,annual,197,750,9000,GBP,paid,2024-07-08T15:54:00
se_004796,co_0536,cancellation_scheduled,Medium,,,2025-03-03,,,annual,197,750,9000,GBP,not_applicable,2025-03-03T16:31:00
se_004797,co_0536,voluntary_churn,Medium,,,2025-03-21,2025-03-21,,annual,197,750,0,GBP,not_applicable,2025-03-21T19:16:00
se_004798,co_0536,reactivation,Medium,,2025-06-05,2025-06-05,,,annual,197,750,9000,GBP,paid,2025-06-05T12:22:00
se_004799,co_0536,renewal,Medium,,2026-06-05,2026-06-05,,,annual,197,750,9000,GBP,paid,2026-06-05T11:57:00
se_004800,co_0537,trial_start,Medium,,,,,2025-07-03,monthly,341,0,0,GBP,not_applicable,2025-06-26T09:08:00
se_004801,co_0537,converted,Medium,,2025-07-02,2025-07-02,,,monthly,341,750,750,GBP,paid,2025-07-02T15:38:00
se_004802,co_0537,renewal,Medium,,2025-08-02,2025-08-02,,,monthly,341,750,750,GBP,paid,2025-08-02T12:22:00
se_004803,co_0537,renewal,Medium,,2025-09-02,2025-09-02,,,monthly,341,750,750,GBP,paid,2025-09-02T14:19:00
se_004804,co_0537,renewal,Medium,,2025-10-02,2025-10-02,,,monthly,341,750,750,GBP,paid,2025-10-02T14:50:00
se_004805,co_0537,renewal,Medium,,2025-11-06,2025-11-02,,,monthly,341,750,750,GBP,paid,2025-11-02T11:56:00
se_004806,co_0537,renewal,Medium,,2025-12-02,2025-12-02,,,monthly,341,750,750,GBP,paid,2025-12-02T19:36:00
se_004807,co_0537,renewal,Medium,,2026-01-02,2026-01-02,,,monthly,341,750,750,GBP,paid,2026-01-02T19:51:00
se_004808,co_0537,renewal,Medium,,2026-02-02,2026-02-02,,,monthly,341,750,750,GBP,paid,2026-02-02T16:52:00
se_004809,co_0537,renewal,Medium,,2026-03-02,2026-03-02,,,monthly,341,750,750,GBP,paid,2026-03-02T09:32:00
se_004810,co_0537,renewal,Medium,,2026-04-02,2026-04-02,,,monthly,341,750,750,GBP,paid,2026-04-02T11:41:00
se_004811,co_0537,renewal,Medium,,2026-05-02,2026-05-02,,,monthly,341,750,750,GBP,paid,2026-05-02T09:51:00
se_004812,co_0537,renewal,Medium,,2026-06-02,2026-06-02,,,monthly,341,750,750,GBP,paid,2026-06-02T18:10:00
se_004813,co_0538,trial_start,Small,,,,,2024-12-22,monthly,90,0,0,GBP,not_applicable,2024-12-15T19:42:00
se_004814,co_0538,converted,Small,,2024-12-22,2024-12-22,,,monthly,90,200,200,GBP,paid,2024-12-22T15:43:00
se_004815,co_0538,renewal,Small,,,2025-01-22,,,monthly,90,200,200,GBP,paid,2025-01-22T09:21:00
se_004816,co_0538,renewal,Small,,2025-02-22,2025-02-22,,,monthly,90,200,200,GBP,paid,2025-02-22T17:13:00
se_004817,co_0538,renewal,Small,,2025-03-22,2025-03-22,,,monthly,90,200,200,GBP,paid,2025-03-22T17:32:00
se_004818,co_0538,renewal,Small,,2025-04-22,2025-04-22,,,monthly,90,200,200,GBP,paid,2025-04-22T16:14:00
se_004819,co_0538,renewal,Small,,2025-05-22,2025-05-22,,,monthly,90,200,200,GBP,paid,2025-05-22T19:27:00
se_004820,co_0538,renewal,Small,,2025-06-22,2025-06-22,,,monthly,90,200,200,GBP,paid,2025-06-22T10:13:00
se_004821,co_0538,renewal,Small,,2025-07-22,2025-07-22,,,monthly,90,200,200,GBP,paid,2025-07-22T18:55:00
se_004822,co_0538,renewal,Small,,2025-08-22,2025-08-22,,,monthly,90,200,200,GBP,paid,2025-08-22T19:39:00
se_004823,co_0538,renewal,Small,,2025-09-22,2025-09-22,,,monthly,90,200,200,GBP,paid,2025-09-22T18:59:00
se_004824,co_0538,renewal,Small,,2025-10-22,2025-10-22,,,monthly,90,200,200,GBP,paid,2025-10-22T13:12:00
se_004825,co_0538,renewal,Small,,2025-11-22,2025-11-22,,,monthly,90,200,200,GBP,paid,2025-11-22T15:28:00
se_004826,co_0538,renewal,Small,,2025-12-22,2025-12-22,,,monthly,90,200,200,GBP,paid,2025-12-22T10:58:00
se_004827,co_0538,renewal,Small,,2026-01-22,2026-01-22,,,monthly,90,200,200,GBP,paid,2026-01-22T14:35:00
se_004828,co_0538,renewal,Small,,2026-02-22,2026-02-22,,,monthly,90,200,200,GBP,paid,2026-02-22T08:19:00
se_004829,co_0538,renewal,Small,,2026-03-22,2026-03-22,,,monthly,90,200,200,GBP,paid,2026-03-22T08:11:00
se_004830,co_0538,renewal,Small,,2026-04-22,2026-04-22,,,monthly,90,200,200,GBP,paid,2026-04-22T16:30:00
se_004831,co_0538,renewal,Small,,2026-05-22,2026-05-22,,,monthly,90,200,200,GBP,paid,2026-05-22T16:36:00
se_004832,co_0538,renewal,Small,,2026-06-22,2026-06-22,,,monthly,90,200,200,GBP,paid,2026-06-22T08:42:00
se_004833,co_0539,trial_start,Bespoke,,,,,2024-07-02,monthly,1663,0,0,GBP,not_applicable,2024-06-25T10:45:00
se_004834,co_0539,converted,Bespoke,,2024-07-03,2024-07-03,,,monthly,1663,2960,2960,GBP,paid,2024-07-03T08:27:00
se_004835,co_0539,renewal,Bespoke,,2024-08-03,2024-08-03,,,monthly,1663,2340,2340,GBP,paid,2024-08-03T10:41:00
se_004836,co_0539,renewal,Bespoke,,2024-09-03,2024-09-03,,,monthly,1663,3170,3170,GBP,paid,2024-09-03T17:23:00
se_004837,co_0539,renewal,Bespoke,,2024-10-03,2024-10-03,,,monthly,1663,3080,3080,GBP,paid,2024-10-03T19:00:00
se_004838,co_0539,renewal,Bespoke,,2024-11-03,2024-11-03,,,monthly,1663,2880,2880,GBP,paid,2024-11-03T14:25:00
se_004839,co_0539,renewal,Bespoke,,2024-12-03,2024-12-03,,,monthly,1663,3190,3190,GBP,paid,2024-12-03T17:11:00
se_004840,co_0539,renewal,Bespoke,,2025-01-03,2025-01-03,,,monthly,1663,2610,2610,GBP,paid,2025-01-03T13:36:00
se_004841,co_0539,renewal,Bespoke,,,2025-02-03,,,monthly,1663,2490,2490,GBP,paid,2025-02-03T11:01:00
se_004842,co_0539,renewal,Bespoke,,2025-03-03,2025-03-03,,,monthly,1663,3000,3000,GBP,paid,2025-03-03T15:16:00
se_004843,co_0539,renewal,Bespoke,,2025-04-03,2025-04-03,,,monthly,1663,2570,2570,GBP,paid,2025-04-03T08:16:00
se_004844,co_0539,renewal,Bespoke,,2025-05-03,2025-05-03,,,monthly,1663,2330,2330,GBP,paid,2025-05-03T18:03:00
se_004845,co_0539,renewal,Bespoke,,2025-06-03,2025-06-03,,,monthly,1663,2490,2490,GBP,paid,2025-06-03T16:31:00
se_004846,co_0539,renewal,Bespoke,,2025-07-03,2025-07-03,,,monthly,1663,2690,2690,GBP,paid,2025-07-03T10:20:00
se_004847,co_0539,renewal,Bespoke,,2025-08-03,2025-08-03,,,monthly,1663,2860,2860,GBP,paid,2025-08-03T15:51:00
se_004848,co_0539,renewal,Bespoke,,2025-09-03,2025-09-03,,,monthly,1663,2760,2760,GBP,paid,2025-09-03T15:48:00
se_004849,co_0539,renewal,Bespoke,,2025-10-03,2025-10-03,,,monthly,1663,2660,2660,GBP,paid,2025-10-03T09:22:00
se_004850,co_0539,renewal,Bespoke,,2025-11-03,2025-11-03,,,monthly,1663,3050,3050,GBP,paid,2025-11-03T14:09:00
se_004851,co_0539,renewal,Bespoke,,2025-12-03,2025-12-03,,,monthly,1663,3250,3250,GBP,paid,2025-12-03T17:06:00
se_004852,co_0539,renewal,Bespoke,,2026-01-03,2026-01-03,,,monthly,1663,2990,2990,GBP,paid,2026-01-03T08:33:00
se_004853,co_0539,renewal,Bespoke,,2026-02-03,2026-02-03,,,monthly,1663,2450,2450,GBP,paid,2026-02-03T18:36:00
se_004854,co_0539,renewal,Bespoke,,2026-03-03,2026-03-03,,,monthly,1663,3020,3020,GBP,paid,2026-03-03T18:05:00
se_004855,co_0539,renewal,Bespoke,,2026-04-03,2026-04-03,,,monthly,1663,2910,2910,GBP,paid,2026-04-03T18:57:00
se_004856,co_0539,renewal,Bespoke,,2026-05-03,2026-05-03,,,monthly,1663,2380,2380,GBP,paid,2026-05-03T12:51:00
se_004857,co_0539,renewal,Bespoke,,2026-06-03,2026-06-03,,,monthly,1663,3060,3060,GBP,paid,2026-06-03T19:39:00
se_004858,co_0540,trial_start,Medium,,,,,2024-08-23,monthly,196,0,0,GBP,not_applicable,2024-08-16T09:54:00
se_004859,co_0540,converted,Medium,,2024-08-19,2024-08-19,,,monthly,196,750,750,GBP,paid,2024-08-19T08:44:00
se_004860,co_0540,renewal,Medium,,2024-09-19,2024-09-19,,,monthly,196,750,750,GBP,paid,2024-09-19T09:22:00
se_004861,co_0540,renewal,Medium,,2024-10-19,2024-10-19,,,monthly,196,750,750,GBP,paid,2024-10-19T17:06:00
se_004862,co_0540,renewal,Medium,,2024-11-19,2024-11-19,,,monthly,196,750,750,GBP,paid,2024-11-19T17:54:00
se_004863,co_0540,renewal,Medium,,2024-12-19,2024-12-19,,,monthly,196,750,750,GBP,paid,2024-12-19T10:27:00
se_004864,co_0540,renewal,Medium,,2025-01-19,2025-01-19,,,monthly,196,750,750,GBP,paid,2025-01-19T10:28:00
se_004865,co_0540,renewal,Medium,,2025-02-26,2025-02-19,,,monthly,196,750,750,GBP,paid,2025-02-19T18:14:00
se_004866,co_0540,renewal,Medium,,2025-03-19,2025-03-19,,,monthly,196,750,750,GBP,paid,2025-03-19T17:14:00
se_004867,co_0540,renewal,Medium,,2025-04-19,2025-04-19,,,monthly,196,750,750,GBP,paid,2025-04-19T10:47:00
se_004868,co_0540,renewal,Medium,,2025-05-19,2025-05-19,,,monthly,196,750,750,GBP,paid,2025-05-19T14:23:00
se_004869,co_0540,renewal,Medium,,2025-06-19,2025-06-19,,,monthly,196,750,750,GBP,paid,2025-06-19T11:40:00
se_004870,co_0540,renewal,Medium,,2025-07-19,2025-07-19,,,monthly,196,750,750,GBP,paid,2025-07-19T18:53:00
se_004871,co_0540,renewal,Medium,,2025-08-19,2025-08-19,,,monthly,196,750,750,GBP,paid,2025-08-19T10:07:00
se_004872,co_0540,renewal,Medium,,2025-10-04,2025-09-19,,,monthly,196,750,750,GBP,paid,2025-09-19T12:54:00
se_004873,co_0540,renewal,Medium,,2025-10-19,2025-10-19,,,monthly,196,750,750,GBP,paid,2025-10-19T16:55:00
se_004874,co_0540,renewal,Medium,,2025-11-19,2025-11-19,,,monthly,196,750,750,GBP,paid,2025-11-19T19:24:00
se_004875,co_0540,renewal,Medium,,2025-12-19,2025-12-19,,,monthly,196,750,750,GBP,paid,2025-12-19T17:37:00
se_004876,co_0540,renewal,Medium,,2026-01-19,2026-01-19,,,monthly,196,750,750,GBP,paid,2026-01-19T16:40:00
se_004877,co_0540,renewal,Medium,,2026-02-19,2026-02-19,,,monthly,196,750,750,GBP,paid,2026-02-19T15:18:00
se_004878,co_0540,payment_failed,Medium,,2026-03-19,2026-03-19,,,monthly,196,750,750,GBP,failed,2026-03-19T19:04:00
se_004879,co_0540,payment_recovered,Medium,,2026-04-11,2026-04-01,,,monthly,196,750,750,GBP,paid,2026-04-01T17:55:00
se_004880,co_0540,renewal,Medium,,2026-04-19,2026-04-19,,,monthly,196,750,750,GBP,paid,2026-04-19T15:08:00
se_004881,co_0540,renewal,Medium,,2026-05-19,2026-05-19,,,monthly,196,750,750,GBP,paid,2026-05-19T08:19:00
se_004882,co_0540,renewal,Medium,,2026-06-19,2026-06-19,,,monthly,196,750,750,GBP,paid,2026-06-19T11:01:00
se_004883,co_0541,trial_start,Small,,,,,2026-05-18,monthly,98,0,0,GBP,not_applicable,2026-05-11T14:29:00
se_004884,co_0542,trial_start,Small,,,,,2025-01-03,monthly,86,0,0,GBP,not_applicable,2024-12-27T08:25:00
se_004885,co_0542,converted,Small,,2025-01-05,2025-01-05,,,monthly,86,200,200,GBP,paid,2025-01-05T11:03:00
se_004886,co_0542,renewal,Small,,2025-02-05,2025-02-05,,,monthly,86,200,200,GBP,paid,2025-02-05T17:53:00
se_004887,co_0542,renewal,Small,,2025-03-11,2025-03-05,,,monthly,86,200,200,GBP,paid,2025-03-05T09:13:00
se_004888,co_0542,renewal,Small,,2025-04-13,2025-04-05,,,monthly,86,200,200,GBP,paid,2025-04-05T11:20:00
se_004889,co_0542,renewal,Small,,2025-05-05,2025-05-05,,,monthly,86,200,200,GBP,paid,2025-05-05T18:13:00
se_004890,co_0542,renewal,Small,,2025-06-05,2025-06-05,,,monthly,86,200,200,GBP,paid,2025-06-05T08:50:00
se_004891,co_0542,renewal,Small,,2025-07-05,2025-07-05,,,monthly,86,200,200,GBP,paid,2025-07-05T11:54:00
se_004892,co_0542,renewal,Small,,2025-08-05,2025-08-05,,,monthly,86,200,200,GBP,paid,2025-08-05T16:38:00
se_004893,co_0542,renewal,Small,,2025-09-05,2025-09-05,,,monthly,86,200,200,GBP,paid,2025-09-05T15:35:00
se_004894,co_0542,renewal,Small,,2025-10-05,2025-10-05,,,monthly,86,200,200,GBP,paid,2025-10-05T17:21:00
se_004895,co_0542,payment_failed,Small,,2025-11-05,2025-11-05,,,monthly,86,200,200,GBP,failed,2025-11-05T08:05:00
se_004896,co_0542,payment_recovered,Small,,2025-11-22,2025-11-22,,,monthly,86,200,200,GBP,paid,2025-11-22T08:05:00
se_004897,co_0542,renewal,Small,,2025-12-05,2025-12-05,,,monthly,86,200,200,GBP,paid,2025-12-05T19:20:00
se_004898,co_0542,renewal,Small,,2026-01-05,2026-01-05,,,monthly,86,200,200,GBP,paid,2026-01-05T08:19:00
se_004899,co_0542,renewal,Small,,2026-02-05,2026-02-05,,,monthly,86,200,200,GBP,paid,2026-02-05T11:49:00
se_004900,co_0542,renewal,Small,,2026-03-05,2026-03-05,,,monthly,86,200,200,GBP,paid,2026-03-05T15:10:00
se_004901,co_0542,renewal,Small,,2026-04-05,2026-04-05,,,monthly,86,200,200,GBP,paid,2026-04-05T13:04:00
se_004902,co_0542,renewal,Small,,2026-05-05,2026-05-05,,,monthly,86,200,200,GBP,paid,2026-05-05T10:19:00
se_004903,co_0542,renewal,Small,,2026-06-05,2026-06-05,,,monthly,86,200,200,GBP,paid,2026-06-05T17:45:00
se_004904,co_0543,trial_start,Small,,,,,2025-06-09,monthly,94,0,0,GBP,not_applicable,2025-06-02T15:07:00
se_004905,co_0544,trial_start,Small,,,,,2025-11-03,annual,60,0,0,GBP,not_applicable,2025-10-27T11:15:00
se_004906,co_0544,converted,Small,,2025-11-03,2025-11-03,,,annual,60,200,2400,GBP,paid,2025-11-03T14:21:00
se_004907,co_0545,trial_start,Small,,,,,2024-07-12,monthly,98,0,0,GBP,not_applicable,2024-07-05T14:30:00
se_004908,co_0545,converted,Small,,2024-07-11,2024-07-11,,,monthly,98,200,200,GBP,paid,2024-07-11T17:36:00
se_004909,co_0545,renewal,Small,,2024-08-30,2024-08-11,,,monthly,98,200,200,GBP,paid,2024-08-11T10:09:00
se_004910,co_0545,payment_failed,Small,,2024-09-11,2024-09-11,,,monthly,98,200,200,GBP,failed,2024-09-11T14:17:00
se_004911,co_0545,payment_recovered,Small,,2024-09-14,2024-09-14,,,monthly,98,200,200,GBP,paid,2024-09-14T08:34:00
se_004912,co_0545,renewal,Small,,2024-10-30,2024-10-11,,,monthly,98,200,200,GBP,paid,2024-10-11T12:42:00
se_004913,co_0545,renewal,Small,,2024-11-11,2024-11-11,,,monthly,98,200,200,GBP,paid,2024-11-11T08:56:00
se_004914,co_0545,renewal,Small,,2024-12-11,2024-12-11,,,monthly,98,200,200,GBP,paid,2024-12-11T13:56:00
se_004915,co_0545,renewal,Small,,2025-01-11,2025-01-11,,,monthly,98,200,200,GBP,paid,2025-01-11T08:34:00
se_004916,co_0545,renewal,Small,,2025-02-11,2025-02-11,,,monthly,98,200,200,GBP,paid,2025-02-11T12:15:00
se_004917,co_0545,renewal,Small,,2025-03-11,2025-03-11,,,monthly,98,200,200,GBP,paid,2025-03-11T16:28:00
se_004918,co_0545,renewal,Small,,2025-04-11,2025-04-11,,,monthly,98,200,200,GBP,paid,2025-04-11T16:54:00
se_004919,co_0545,renewal,Small,,2025-05-11,2025-05-11,,,monthly,98,200,200,GBP,paid,2025-05-11T15:01:00
se_004920,co_0545,renewal,Small,,2025-06-11,2025-06-11,,,monthly,98,200,200,GBP,paid,2025-06-11T13:41:00
se_004921,co_0545,renewal,Small,,2025-07-11,2025-07-11,,,monthly,98,200,200,GBP,paid,2025-07-11T16:25:00
se_004922,co_0545,renewal,Small,,2025-08-11,2025-08-11,,,monthly,98,200,200,GBP,paid,2025-08-11T17:21:00
se_004923,co_0545,renewal,Small,,2025-09-11,2025-09-11,,,monthly,98,200,200,GBP,paid,2025-09-11T18:36:00
se_004924,co_0545,renewal,Small,,2025-10-11,2025-10-11,,,monthly,98,200,200,GBP,paid,2025-10-11T12:41:00
se_004925,co_0545,renewal,Small,,2025-11-11,2025-11-11,,,monthly,98,200,200,GBP,paid,2025-11-11T08:15:00
se_004926,co_0545,renewal,Small,,2025-12-11,2025-12-11,,,monthly,98,200,200,GBP,paid,2025-12-11T09:17:00
se_004927,co_0545,renewal,Small,,2026-01-11,2026-01-11,,,monthly,98,200,200,GBP,paid,2026-01-11T13:02:00
se_004928,co_0545,renewal,Small,,2026-02-11,2026-02-11,,,monthly,98,200,200,GBP,paid,2026-02-11T19:31:00
se_004929,co_0545,renewal,Small,,2026-03-11,2026-03-11,,,monthly,98,200,200,GBP,paid,2026-03-11T09:05:00
se_004930,co_0545,renewal,Small,,2026-04-11,2026-04-11,,,monthly,98,200,200,GBP,paid,2026-04-11T10:49:00
se_004931,co_0545,renewal,Small,,2026-05-11,2026-05-11,,,monthly,98,200,200,GBP,paid,2026-05-11T14:49:00
se_004932,co_0545,renewal,Small,,2026-06-11,2026-06-11,,,monthly,98,200,200,GBP,paid,2026-06-11T10:51:00
se_004933,co_0546,trial_start,Small,,,,,2025-08-22,monthly,132,0,0,GBP,not_applicable,2025-08-15T19:21:00
se_004934,co_0547,trial_start,Medium,,,,,2024-11-10,monthly,258,0,0,GBP,not_applicable,2024-11-03T11:29:00
se_004935,co_0547,converted,Medium,,2024-11-06,2024-11-06,,,monthly,258,750,750,GBP,paid,2024-11-06T17:07:00
se_004936,co_0547,renewal,Medium,,2024-12-06,2024-12-06,,,monthly,258,750,750,GBP,paid,2024-12-06T15:41:00
se_004937,co_0547,renewal,Medium,,2025-01-09,2025-01-06,,,monthly,258,750,750,GBP,paid,2025-01-06T19:33:00
se_004938,co_0547,renewal,Medium,,2025-02-06,2025-02-06,,,monthly,258,750,750,GBP,paid,2025-02-06T15:08:00
se_004939,co_0547,renewal,Medium,,2025-03-06,2025-03-06,,,monthly,258,750,750,GBP,paid,2025-03-06T19:01:00
se_004940,co_0547,renewal,Medium,,2025-04-06,2025-04-06,,,monthly,258,750,750,GBP,paid,2025-04-06T15:20:00
se_004941,co_0547,renewal,Medium,,2025-05-06,2025-05-06,,,monthly,258,750,750,GBP,paid,2025-05-06T19:07:00
se_004942,co_0547,renewal,Medium,,2025-06-06,2025-06-06,,,monthly,258,750,750,GBP,paid,2025-06-06T17:03:00
se_004943,co_0547,renewal,Medium,,2025-07-06,2025-07-06,,,monthly,258,750,750,GBP,paid,2025-07-06T13:29:00
se_004944,co_0547,renewal,Medium,,2025-08-06,2025-08-06,,,monthly,258,750,750,GBP,paid,2025-08-06T15:19:00
se_004945,co_0547,renewal,Medium,,2025-09-06,2025-09-06,,,monthly,258,750,750,GBP,paid,2025-09-06T08:58:00
se_004946,co_0547,renewal,Medium,,2025-10-06,2025-10-06,,,monthly,258,750,750,GBP,paid,2025-10-06T16:02:00
se_004947,co_0547,renewal,Medium,,2025-11-06,2025-11-06,,,monthly,258,750,750,GBP,paid,2025-11-06T11:16:00
se_004948,co_0547,renewal,Medium,,2025-12-06,2025-12-06,,,monthly,258,750,750,GBP,paid,2025-12-06T09:20:00
se_004949,co_0547,renewal,Medium,,2026-01-06,2026-01-06,,,monthly,258,750,750,GBP,paid,2026-01-06T13:11:00
se_004950,co_0547,renewal,Medium,,2026-02-06,2026-02-06,,,monthly,258,750,750,GBP,paid,2026-02-06T08:08:00
se_004951,co_0547,payment_failed,Medium,,2026-03-06,2026-03-06,,,monthly,258,750,750,GBP,failed,2026-03-06T11:11:00
se_004952,co_0547,payment_recovered,medium,,2026-03-24,2026-03-24,,,monthly,258,750,750,GBP,paid,2026-03-24T12:19:00
se_004953,co_0547,renewal,Medium,,2026-04-06,2026-04-06,,,monthly,258,750,750,GBP,paid,2026-04-06T14:42:00
se_004954,co_0547,renewal,Medium,,2026-05-06,2026-05-06,,,monthly,258,750,750,GBP,paid,2026-05-06T10:49:00
se_004955,co_0547,renewal,Medium,,2026-06-06,2026-06-06,,,monthly,258,750,750,GBP,paid,2026-06-06T17:58:00
se_004956,co_0548,trial_start,Medium,,,,,2026-03-21,annual,615,0,0,GBP,not_applicable,2026-03-14T12:55:00
se_004957,co_0549,trial_start,Small,,,,,2023-10-31,annual,73,0,0,GBP,not_applicable,2023-10-24T12:48:00
se_004958,co_0549,converted,Small,,2023-10-26,2023-10-26,,,annual,73,200,2400,GBP,paid,2023-10-26T19:52:00
se_004959,co_0549,renewal,Small,,2024-10-26,2024-10-26,,,annual,73,200,2400,GBP,paid,2024-10-26T12:10:00
se_004960,co_0549,renewal,Small ,,2025-10-26,2025-10-26,,,annual,73,200,2400,GBP,paid,2025-10-26T10:05:00
se_004961,co_0550,trial_start,Medium,,,,,2024-03-09,monthly,173,0,0,GBP,not_applicable,2024-03-02T16:00:00
se_004962,co_0550,converted,Medium,,2024-03-12,2024-03-12,,,monthly,173,750,750,GBP,paid,2024-03-12T12:04:00
se_004963,co_0550,renewal,Medium ,,2024-04-12,2024-04-12,,,monthly,173,750,750,GBP,paid,2024-04-12T17:33:00
se_004964,co_0550,renewal,Medium,,2024-05-12,2024-05-12,,,monthly,173,750,750,GBP,paid,2024-05-12T15:05:00
se_004965,co_0550,renewal,Medium,,2024-06-12,2024-06-12,,,monthly,173,750,750,GBP,paid,2024-06-12T16:36:00
se_004966,co_0550,renewal,Medium,,2024-07-12,2024-07-12,,,monthly,173,750,750,GBP,paid,2024-07-12T13:08:00
se_004967,co_0550,renewal,Medium,,2024-08-12,2024-08-12,,,monthly,173,750,750,GBP,paid,2024-08-12T18:02:00
se_004968,co_0550,renewal,Medium,,2024-09-12,2024-09-12,,,monthly,173,750,750,GBP,paid,2024-09-12T12:49:00
se_004969,co_0550,renewal,Medium,,2024-10-12,2024-10-12,,,monthly,173,750,750,GBP,paid,2024-10-12T13:38:00
se_004970,co_0550,renewal,Medium,,2024-11-12,2024-11-12,,,monthly,173,750,750,GBP,paid,2024-11-12T14:35:00
se_004971,co_0550,renewal,Medium,,2024-12-12,2024-12-12,,,monthly,173,750,750,GBP,paid,2024-12-12T14:22:00
se_004972,co_0550,renewal,Medium,,2025-01-12,2025-01-12,,,monthly,173,750,750,GBP,paid,2025-01-12T10:36:00
se_004973,co_0550,renewal,Medium,,2025-02-12,2025-02-12,,,monthly,173,750,750,GBP,paid,2025-02-12T08:48:00
se_004974,co_0550,renewal,Medium,,2025-03-12,2025-03-12,,,monthly,173,750,750,GBP,paid,2025-03-12T12:38:00
se_004975,co_0550,renewal,Medium,,2025-04-12,2025-04-12,,,monthly,173,750,750,GBP,paid,2025-04-12T09:38:00
se_004976,co_0550,renewal,Medium,,2025-05-12,2025-05-12,,,monthly,173,750,750,GBP,paid,2025-05-12T13:33:00
se_004977,co_0550,renewal,Medium,,2025-06-12,2025-06-12,,,monthly,173,750,750,GBP,paid,2025-06-12T10:39:00
se_004978,co_0550,renewal,Medium,,2025-07-12,2025-07-12,,,monthly,173,750,750,GBP,paid,2025-07-12T11:21:00
se_004979,co_0550,renewal,Medium,,2025-08-12,2025-08-12,,,monthly,173,750,750,GBP,paid,2025-08-12T18:36:00
se_004980,co_0550,renewal,Medium,,2025-09-12,2025-09-12,,,monthly,173,750,750,GBP,paid,2025-09-12T12:05:00
se_004981,co_0550,renewal,Medium,,2025-10-12,2025-10-12,,,monthly,173,750,750,GBP,paid,2025-10-12T16:36:00
se_004982,co_0550,payment_failed,Medium,,2025-11-12,2025-11-12,,,monthly,173,750,750,GBP,failed,2025-11-12T19:12:00
se_004983,co_0550,payment_failed,Medium,,2025-12-12,2025-12-12,,,monthly,173,750,750,GBP,failed,2025-12-12T08:28:00
se_004984,co_0550,delinquent_churn,Medium,,,2025-12-19,2025-12-19,,monthly,173,750,0,GBP,not_applicable,2025-12-19T14:26:00
se_004985,co_0551,trial_start,Medium,,,,,2024-12-24,annual,169,0,0,GBP,not_applicable,2024-12-17T12:19:00
se_004986,co_0551,converted,Medium,,2024-12-22,2024-12-22,,,annual,169,750,9000,GBP,paid,2024-12-22T13:55:00
se_004987,co_0551,renewal,Medium,,2025-12-22,2025-12-22,,,annual,169,750,9000,GBP,paid,2025-12-22T19:42:00
se_004988,co_0552,trial_start,Small ,,,,,2025-08-01,monthly,143,0,0,GBP,not_applicable,2025-07-25T14:31:00
se_004989,co_0552,converted,Small,,2025-08-04,2025-08-04,,,monthly,143,200,200,GBP,paid,2025-08-04T13:08:00
se_004990,co_0552,renewal,Small,,2025-09-04,2025-09-04,,,monthly,143,200,200,GBP,paid,2025-09-04T18:56:00
se_004991,co_0552,payment_failed,SMALL,,2025-10-04,2025-10-04,,,monthly,143,200,200,GBP,failed,2025-10-04T15:03:00
se_004992,co_0552,renewal,Small,,2025-11-18,2025-11-04,,,monthly,143,200,200,GBP,paid,2025-11-04T13:33:00
se_004993,co_0552,renewal,Small,,2025-12-04,2025-12-04,,,monthly,143,200,200,GBP,paid,2025-12-04T13:16:00
se_004994,co_0552,renewal,Small,,2026-01-04,2026-01-04,,,monthly,143,200,200,GBP,paid,2026-01-04T15:32:00
se_004995,co_0552,renewal,Small,,2026-02-04,2026-02-04,,,monthly,143,200,200,GBP,paid,2026-02-04T18:27:00
se_004996,co_0552,renewal,Small,,2026-03-04,2026-03-04,,,monthly,143,200,200,GBP,paid,2026-03-04T18:31:00
se_004997,co_0552,renewal,Small,,,2026-04-04,,,monthly,143,200,200,GBP,paid,2026-04-04T15:26:00
se_004998,co_0552,renewal,Small,,2026-05-04,2026-05-04,,,monthly,143,200,200,GBP,paid,2026-05-04T10:59:00
se_004999,co_0552,renewal,Small,,2026-06-04,2026-06-04,,,monthly,143,200,200,GBP,paid,2026-06-04T14:45:00
se_005000,co_0553,trial_start,Small,,,,,2024-07-26,monthly,69,0,0,GBP,not_applicable,2024-07-19T14:43:00
se_005001,co_0553,converted,Small,,2024-07-24,2024-07-24,,,monthly,69,200,200,GBP,paid,2024-07-24T15:08:00
se_005002,co_0553,renewal,Small,,2024-08-30,2024-08-24,,,monthly,69,200,200,GBP,paid,2024-08-24T16:24:00
se_005003,co_0553,renewal,Small,,2024-09-24,2024-09-24,,,monthly,69,200,200,GBP,paid,2024-09-24T08:59:00
se_005004,co_0553,renewal,Small,,2024-10-24,2024-10-24,,,monthly,69,200,200,GBP,paid,2024-10-24T08:23:00
se_005005,co_0553,renewal,Small,,2024-11-24,2024-11-24,,,monthly,69,200,200,GBP,paid,2024-11-24T19:24:00
se_005006,co_0553,payment_failed,Small,,2024-12-24,2024-12-24,,,monthly,69,200,200,GBP,failed,2024-12-24T15:26:00
se_005007,co_0553,renewal,Small,,2025-01-24,2025-01-24,,,monthly,69,200,200,GBP,paid,2025-01-24T13:27:00
se_005008,co_0553,renewal,Small,,2025-02-24,2025-02-24,,,monthly,69,200,200,GBP,paid,2025-02-24T14:37:00
se_005009,co_0553,renewal,SMALL,,2025-04-14,2025-03-24,,,monthly,69,200,200,GBP,paid,2025-03-24T15:58:00
se_005010,co_0553,renewal,Small,,2025-04-24,2025-04-24,,,monthly,69,200,200,GBP,paid,2025-04-24T19:01:00
se_005011,co_0553,upgrade,Medium,Small,2025-05-03,2025-05-03,,,monthly,69,750,750,GBP,paid,2025-05-03T08:37:00
se_005012,co_0553,renewal,Medium,,2025-05-24,2025-05-24,,,monthly,69,750,750,GBP,paid,2025-05-24T12:56:00
se_005013,co_0553,payment_failed,Medium,,2025-06-24,2025-06-24,,,monthly,69,750,750,GBP,failed,2025-06-24T18:38:00
se_005014,co_0553,payment_recovered,Medium,,2025-07-02,2025-07-02,,,monthly,69,750,750,GBP,paid,2025-07-02T18:12:00
se_005015,co_0553,renewal,Medium,,2025-07-24,2025-07-24,,,monthly,69,750,750,GBP,paid,2025-07-24T09:43:00
se_005016,co_0553,renewal,Medium,,2025-08-24,2025-08-24,,,monthly,69,750,750,GBP,paid,2025-08-24T15:49:00
se_005017,co_0553,renewal,Medium,,2025-09-24,2025-09-24,,,monthly,69,750,750,GBP,paid,2025-09-24T18:27:00
se_005018,co_0553,renewal,Medium,,2025-10-24,2025-10-24,,,monthly,69,750,750,GBP,paid,2025-10-24T19:38:00
se_005019,co_0553,renewal,Medium,,2025-11-24,2025-11-24,,,monthly,69,750,750,GBP,paid,2025-11-24T19:52:00
se_005020,co_0553,renewal,Medium,,2025-12-24,2025-12-24,,,monthly,69,750,750,GBP,paid,2025-12-24T10:26:00
se_005021,co_0553,renewal,Medium,,2026-01-24,2026-01-24,,,monthly,69,750,750,GBP,paid,2026-01-24T13:33:00
se_005022,co_0553,renewal,Medium,,,2026-02-24,,,monthly,69,750,750,GBP,paid,2026-02-24T12:47:00
se_005023,co_0553,renewal,Medium,,2026-03-24,2026-03-24,,,monthly,69,750,750,GBP,paid,2026-03-24T10:40:00
se_005024,co_0553,renewal,Medium,,2026-04-24,2026-04-24,,,monthly,69,750,750,GBP,paid,2026-04-24T10:58:00
se_005025,co_0553,renewal,Medium,,2026-05-24,2026-05-24,,,monthly,69,750,750,GBP,paid,2026-05-24T19:03:00
se_005026,co_0553,renewal,Medium,,2026-06-24,2026-06-24,,,monthly,69,750,750,GBP,paid,2026-06-24T09:26:00
se_005027,co_0554,trial_start,Medium,,,,,2025-03-08,annual,243,0,0,GBP,not_applicable,2025-03-01T16:03:00
se_005028,co_0555,trial_start,Small,,,,,2025-03-08,annual,41,0,0,GBP,not_applicable,2025-03-01T18:16:00
se_005029,co_0555,converted,Small,,2025-03-04,2025-03-04,,,annual,41,200,2400,GBP,paid,2025-03-04T11:54:00
se_005030,co_0555,renewal,Small,,2026-03-04,2026-03-04,,,annual,41,200,2400,GBP,paid,2026-03-04T08:35:00
se_005031,co_0556,trial_start,Medium,,,,,2023-10-13,annual,273,0,0,GBP,not_applicable,2023-10-06T10:30:00
se_005032,co_0556,converted,Medium,,2023-10-16,2023-10-16,,,annual,273,750,9000,GBP,paid,2023-10-16T13:58:00
se_005033,co_0556,renewal,Medium,,2024-10-16,2024-10-16,,,annual,273,750,9000,GBP,paid,2024-10-16T16:00:00
se_005034,co_0556,upgrade,Large,Medium,2024-11-04,2024-11-04,,,annual,273,1500,18000,GBP,paid,2024-11-04T09:27:00
se_005035,co_0556,renewal,Large,,2025-10-16,2025-10-16,,,annual,273,1500,18000,GBP,paid,2025-10-16T12:02:00
se_005036,co_0557,trial_start,Small,,,,,2025-10-04,monthly,88,0,0,GBP,not_applicable,2025-09-27T11:50:00
se_005037,co_0557,converted,Small,,2025-10-07,2025-10-07,,,monthly,88,200,200,GBP,paid,2025-10-07T17:08:00
se_005038,co_0557,renewal,Small,,2025-11-07,2025-11-07,,,monthly,88,200,200,GBP,paid,2025-11-07T09:14:00
se_005039,co_0557,renewal,Small,,2025-12-07,2025-12-07,,,monthly,88,200,200,GBP,paid,2025-12-07T17:17:00
se_005040,co_0557,renewal,Small,,2026-01-07,2026-01-07,,,monthly,88,200,200,GBP,paid,2026-01-07T13:00:00
se_005041,co_0557,renewal,Small,,2026-02-19,2026-02-07,,,monthly,88,200,200,GBP,paid,2026-02-07T10:46:00
se_005042,co_0557,renewal,Small,,2026-03-07,2026-03-07,,,monthly,88,200,200,GBP,paid,2026-03-07T19:29:00
se_005043,co_0557,renewal,Small,,2026-04-07,2026-04-07,,,monthly,88,200,200,GBP,paid,2026-04-07T10:21:00
se_005044,co_0557,renewal,Small,,2026-05-07,2026-05-07,,,monthly,88,200,200,GBP,paid,2026-05-07T08:19:00
se_005045,co_0557,renewal,Small,,2026-06-07,2026-06-07,,,monthly,88,200,200,GBP,paid,2026-06-07T12:46:00
se_005046,co_0558,trial_start,Medium,,,,,2026-05-22,monthly,104,0,0,GBP,not_applicable,2026-05-15T16:24:00
se_005047,co_0558,converted,Medium,,2026-05-20,2026-05-20,,,monthly,104,750,750,GBP,paid,2026-05-20T19:37:00
se_005048,co_0558,renewal,Medium,,2026-06-20,2026-06-20,,,monthly,104,750,750,GBP,paid,2026-06-20T13:28:00
se_005049,co_0559,trial_start,Small,,,,,2026-01-22,annual,96,0,0,GBP,not_applicable,2026-01-15T18:31:00
se_005050,co_0559,converted,Small,,2026-01-23,2026-01-23,,,annual,96,200,2400,GBP,paid,2026-01-23T17:02:00
se_005051,co_0560,trial_start,Small,,,,,2024-12-23,annual,40,0,0,GBP,not_applicable,2024-12-16T09:18:00
se_005052,co_0560,converted,Small,,2024-12-18,2024-12-18,,,annual,40,200,2400,GBP,paid,2024-12-18T19:03:00
se_005053,co_0560,renewal,Small,,2025-12-18,2025-12-18,,,annual,40,200,2400,GBP,paid,2025-12-18T17:21:00
se_005054,co_0561,trial_start,Medium,,,,,2024-04-28,annual,443,0,0,GBP,not_applicable,2024-04-21T10:57:00
se_005055,co_0561,converted,Medium,,2024-04-27,2024-04-27,,,annual,443,750,9000,GBP,paid,2024-04-27T14:04:00
se_005056,co_0561,renewal,Medium,,2025-04-27,2025-04-27,,,annual,443,750,9000,GBP,paid,2025-04-27T09:32:00
se_005057,co_0561,renewal,Medium,,2026-04-27,2026-04-27,,,annual,443,750,9000,GBP,paid,2026-04-27T15:03:00
se_005058,co_0562,trial_start,Small,,,,,2023-08-12,monthly,91,0,0,GBP,not_applicable,2023-08-05T16:46:00
se_005059,co_0563,trial_start,Medium,,,,,2024-07-01,annual,256,0,0,GBP,not_applicable,2024-06-24T13:23:00
se_005060,co_0563,converted,Medium,,2024-07-01,2024-07-01,,,annual,256,750,9000,GBP,paid,2024-07-01T11:13:00
se_005061,co_0563,renewal,Medium,,2025-07-01,2025-07-01,,,annual,256,750,9000,GBP,paid,2025-07-01T11:21:00
se_005062,co_0564,trial_start,Medium,,,,,2025-08-10,monthly,181,0,0,GBP,not_applicable,2025-08-03T09:23:00
se_005063,co_0564,converted,Medium,,2025-08-11,2025-08-11,,,monthly,181,750,750,GBP,paid,2025-08-11T19:44:00
se_005064,co_0564,renewal,Medium,,2025-09-11,2025-09-11,,,monthly,181,750,750,GBP,paid,2025-09-11T15:49:00
se_005065,co_0564,renewal,Medium,,2025-10-11,2025-10-11,,,monthly,181,750,750,GBP,paid,2025-10-11T13:41:00
se_005066,co_0564,renewal,Medium,,2025-11-11,2025-11-11,,,monthly,181,750,750,GBP,paid,2025-11-11T12:42:00
se_005067,co_0564,renewal,Medium,,2025-12-11,2025-12-11,,,monthly,181,750,750,GBP,paid,2025-12-11T18:43:00
se_005068,co_0564,renewal,Medium,,2026-01-11,2026-01-11,,,monthly,181,750,750,GBP,paid,2026-01-11T12:04:00
se_005069,co_0564,renewal,Medium,,2026-02-11,2026-02-11,,,monthly,181,750,750,GBP,paid,2026-02-11T19:13:00
se_005070,co_0564,renewal,Medium,,2026-03-11,2026-03-11,,,monthly,181,750,750,GBP,paid,2026-03-11T17:30:00
se_005071,co_0564,renewal,Medium,,2026-04-11,2026-04-11,,,monthly,181,750,750,GBP,paid,2026-04-11T09:35:00
se_005072,co_0564,renewal,Medium,,2026-05-11,2026-05-11,,,monthly,181,750,750,GBP,paid,2026-05-11T10:19:00
se_005073,co_0564,renewal,Medium,,2026-06-11,2026-06-11,,,monthly,181,750,750,GBP,paid,2026-06-11T12:33:00
se_005074,co_0565,trial_start,Small,,,,,2026-01-13,monthly,81,0,0,GBP,not_applicable,2026-01-06T09:00:00
se_005075,co_0565,converted,Small,,2026-01-09,2026-01-09,,,monthly,81,200,200,GBP,paid,2026-01-09T08:01:00
se_005076,co_0565,renewal,Small,,2026-02-09,2026-02-09,,,monthly,81,200,200,GBP,paid,2026-02-09T12:16:00
se_005077,co_0565,renewal,Small,,2026-03-09,2026-03-09,,,monthly,81,200,200,GBP,paid,2026-03-09T13:10:00
se_005078,co_0565,renewal,Small,,2026-04-09,2026-04-09,,,monthly,81,200,200,GBP,paid,2026-04-09T12:38:00
se_005079,co_0565,renewal,Small,,2026-05-09,2026-05-09,,,monthly,81,200,200,GBP,paid,2026-05-09T13:53:00
se_005080,co_0565,renewal,Small,,2026-06-09,2026-06-09,,,monthly,81,200,200,GBP,paid,2026-06-09T14:38:00
se_005081,co_0566,trial_start,Medium,,,,,2023-10-13,monthly,396,0,0,GBP,not_applicable,2023-10-06T17:33:00
se_005082,co_0566,converted,Medium,,2023-10-15,2023-10-15,,,monthly,396,750,750,GBP,paid,2023-10-15T08:33:00
se_005083,co_0566,renewal,Medium,,2023-11-15,2023-11-15,,,monthly,396,750,750,GBP,paid,2023-11-15T08:01:00
se_005084,co_0566,renewal,Medium,,2023-12-15,2023-12-15,,,monthly,396,750,750,GBP,paid,2023-12-15T08:02:00
se_005085,co_0566,renewal,Medium,,2024-01-15,2024-01-15,,,monthly,396,750,750,GBP,paid,2024-01-15T19:52:00
se_005086,co_0566,renewal,Medium,,2024-02-15,2024-02-15,,,monthly,396,750,750,GBP,paid,2024-02-15T17:30:00
se_005087,co_0566,renewal,Medium,,2024-03-15,2024-03-15,,,monthly,396,750,750,GBP,paid,2024-03-15T17:44:00
se_005088,co_0566,renewal,Medium,,2024-04-15,2024-04-15,,,monthly,396,750,750,GBP,paid,2024-04-15T10:37:00
se_005089,co_0566,renewal,Medium,,2024-05-15,2024-05-15,,,monthly,396,750,750,GBP,paid,2024-05-15T17:25:00
se_005090,co_0566,renewal,Medium,,2024-06-15,2024-06-15,,,monthly,396,750,750,GBP,paid,2024-06-15T15:18:00
se_005091,co_0566,renewal,Medium,,2024-08-05,2024-07-15,,,monthly,396,750,750,GBP,paid,2024-07-15T12:59:00
se_005092,co_0566,renewal,Medium,,2024-08-15,2024-08-15,,,monthly,396,750,750,GBP,paid,2024-08-15T11:57:00
se_005093,co_0566,renewal,Medium,,2024-09-29,2024-09-15,,,monthly,396,750,750,GBP,paid,2024-09-15T19:04:00
se_005094,co_0566,renewal,Medium,,2024-10-15,2024-10-15,,,monthly,396,750,750,GBP,paid,2024-10-15T08:50:00
se_005095,co_0566,renewal,Medium,,,2024-11-15,,,monthly,396,750,750,GBP,paid,2024-11-15T17:57:00
se_005096,co_0566,renewal,Medium,,2024-12-15,2024-12-15,,,monthly,396,750,750,GBP,paid,2024-12-15T19:07:00
se_005097,co_0566,renewal,Medium,,2025-01-15,2025-01-15,,,monthly,396,750,750,GBP,paid,2025-01-15T10:02:00
se_005098,co_0566,renewal,Medium,,2025-02-15,2025-02-15,,,monthly,396,750,750,GBP,paid,2025-02-15T19:40:00
se_005099,co_0566,renewal,Medium,,2025-03-15,2025-03-15,,,monthly,396,750,750,GBP,paid,2025-03-15T15:42:00
se_005100,co_0566,renewal,Medium,,2025-04-15,2025-04-15,,,monthly,396,750,750,GBP,paid,2025-04-15T15:13:00
se_005101,co_0566,renewal,Medium,,2025-05-15,2025-05-15,,,monthly,396,750,750,GBP,paid,2025-05-15T08:22:00
se_005102,co_0566,renewal,Medium,,2025-06-15,2025-06-15,,,monthly,396,750,750,GBP,paid,2025-06-15T14:41:00
se_005103,co_0566,renewal,Medium,,2025-07-15,2025-07-15,,,monthly,396,750,750,GBP,paid,2025-07-15T11:03:00
se_005104,co_0566,renewal,Medium,,2025-08-15,2025-08-15,,,monthly,396,750,750,GBP,paid,2025-08-15T13:45:00
se_005105,co_0566,renewal,Medium,,2025-09-15,2025-09-15,,,monthly,396,750,750,GBP,paid,2025-09-15T16:56:00
se_005106,co_0566,renewal,Medium,,2025-10-15,2025-10-15,,,monthly,396,750,750,GBP,paid,2025-10-15T09:06:00
se_005107,co_0566,renewal,Medium,,2025-11-15,2025-11-15,,,monthly,396,750,750,GBP,paid,2025-11-15T08:41:00
se_005108,co_0566,renewal,Medium,,2025-12-15,2025-12-15,,,monthly,396,750,750,GBP,paid,2025-12-15T10:03:00
se_005109,co_0566,renewal,Medium,,2026-01-15,2026-01-15,,,monthly,396,750,750,GBP,paid,2026-01-15T13:40:00
se_005110,co_0566,renewal,Medium,,2026-02-15,2026-02-15,,,monthly,396,750,750,GBP,paid,2026-02-15T17:40:00
se_005111,co_0566,renewal,Medium,,2026-03-15,2026-03-15,,,monthly,396,750,750,GBP,paid,2026-03-15T16:51:00
se_005112,co_0566,renewal,Medium,,2026-04-15,2026-04-15,,,monthly,396,750,750,GBP,paid,2026-04-15T19:34:00
se_005113,co_0566,renewal,Medium,,2026-05-15,2026-05-15,,,monthly,396,750,750,GBP,paid,2026-05-15T15:52:00
se_005114,co_0566,renewal,Medium,,2026-06-15,2026-06-15,,,monthly,396,750,750,GBP,paid,2026-06-15T18:15:00
se_005115,co_0567,trial_start,Medium,,,,,2024-10-30,monthly,239,0,0,GBP,not_applicable,2024-10-23T11:26:00
se_005116,co_0567,converted,Medium,,2024-10-31,2024-10-31,,,monthly,239,750,750,GBP,paid,2024-10-31T08:03:00
se_005117,co_0567,renewal,Medium,,2024-11-30,2024-11-30,,,monthly,239,750,750,GBP,paid,2024-11-30T14:51:00
se_005118,co_0567,renewal,Medium,,2024-12-30,2024-12-30,,,monthly,239,750,750,GBP,paid,2024-12-30T14:38:00
se_005119,co_0567,renewal,Medium,,2025-01-30,2025-01-30,,,monthly,239,750,750,GBP,paid,2025-01-30T08:14:00
se_005120,co_0567,renewal,Medium,,2025-02-28,2025-02-28,,,monthly,239,750,750,GBP,paid,2025-02-28T16:06:00
se_005121,co_0567,renewal,Medium,,2025-03-28,2025-03-28,,,monthly,239,750,750,GBP,paid,2025-03-28T17:23:00
se_005122,co_0567,renewal,Medium,,2025-04-28,2025-04-28,,,monthly,239,750,750,GBP,paid,2025-04-28T13:48:00
se_005123,co_0567,renewal,Medium,,2025-05-28,2025-05-28,,,monthly,239,750,750,GBP,paid,2025-05-28T13:59:00
se_005124,co_0567,renewal,Medium,,2025-06-28,2025-06-28,,,monthly,239,750,750,GBP,paid,2025-06-28T10:27:00
se_005125,co_0567,renewal,Medium,,,2025-07-28,,,monthly,239,750,750,GBP,paid,2025-07-28T19:59:00
se_005126,co_0567,renewal,Medium,,2025-08-28,2025-08-28,,,monthly,239,750,750,GBP,paid,2025-08-28T19:47:00
se_005127,co_0567,renewal,Medium,,2025-09-28,2025-09-28,,,monthly,239,750,750,GBP,paid,2025-09-28T11:42:00
se_005128,co_0567,renewal,Medium,,2025-10-28,2025-10-28,,,monthly,239,750,750,GBP,paid,2025-10-28T13:24:00
se_005129,co_0567,renewal,Medium,,2025-11-28,2025-11-28,,,monthly,239,750,750,GBP,paid,2025-11-28T17:37:00
se_005130,co_0567,renewal,Medium,,2025-12-28,2025-12-28,,,monthly,239,750,750,GBP,paid,2025-12-28T14:53:00
se_005131,co_0567,renewal,Medium,,2026-01-28,2026-01-28,,,monthly,239,750,750,GBP,paid,2026-01-28T12:50:00
se_005132,co_0567,renewal,Medium,,2026-02-28,2026-02-28,,,monthly,239,750,750,GBP,paid,2026-02-28T17:01:00
se_005133,co_0567,renewal,Medium,,2026-03-28,2026-03-28,,,monthly,239,750,750,GBP,paid,2026-03-28T13:05:00
se_005134,co_0567,renewal,Medium,,2026-04-28,2026-04-28,,,monthly,239,750,750,GBP,paid,2026-04-28T18:28:00
se_005135,co_0567,renewal,Medium,,2026-05-28,2026-05-28,,,monthly,239,750,750,GBP,paid,2026-05-28T19:16:00
se_005136,co_0567,renewal,Medium,,2026-06-28,2026-06-28,,,monthly,239,750,750,GBP,paid,2026-06-28T16:01:00
se_005137,co_0568,trial_start,Small,,,,,2025-03-31,monthly,64,0,0,GBP,not_applicable,2025-03-24T08:58:00
se_005138,co_0568,converted,Small,,2025-03-28,2025-03-28,,,monthly,64,200,200,GBP,paid,2025-03-28T08:44:00
se_005139,co_0568,renewal,Small,,2025-04-28,2025-04-28,,,monthly,64,200,200,GBP,paid,2025-04-28T11:54:00
se_005140,co_0568,renewal,Small,,2025-05-28,2025-05-28,,,monthly,64,200,200,GBP,paid,2025-05-28T10:53:00
se_005141,co_0568,renewal,Small,,2025-06-28,2025-06-28,,,monthly,64,200,200,GBP,paid,2025-06-28T16:46:00
se_005142,co_0568,renewal,Small,,2025-07-28,2025-07-28,,,monthly,64,200,200,GBP,paid,2025-07-28T11:28:00
se_005143,co_0568,renewal,Small,,2025-08-28,2025-08-28,,,monthly,64,200,200,GBP,paid,2025-08-28T14:25:00
se_005144,co_0568,renewal,Small,,2025-09-28,2025-09-28,,,monthly,64,200,200,GBP,paid,2025-09-28T16:13:00
se_005145,co_0568,renewal,Small,,2025-10-28,2025-10-28,,,monthly,64,200,200,GBP,paid,2025-10-28T17:40:00
se_005146,co_0568,renewal,Small,,2025-12-05,2025-11-28,,,monthly,64,200,200,GBP,paid,2025-11-28T11:43:00
se_005147,co_0568,renewal,Small,,2025-12-28,2025-12-28,,,monthly,64,200,200,GBP,paid,2025-12-28T08:13:00
se_005148,co_0568,renewal,Small,,2026-01-28,2026-01-28,,,monthly,64,200,200,GBP,paid,2026-01-28T12:40:00
se_005149,co_0568,renewal,Small,,2026-02-28,2026-02-28,,,monthly,64,200,200,GBP,paid,2026-02-28T17:24:00
se_005150,co_0568,renewal,Small,,2026-03-28,2026-03-28,,,monthly,64,200,200,GBP,paid,2026-03-28T18:46:00
se_005151,co_0568,renewal,Small,,2026-05-09,2026-04-28,,,monthly,64,200,200,GBP,paid,2026-04-28T19:14:00
se_005152,co_0568,renewal,Small,,2026-05-28,2026-05-28,,,monthly,64,200,200,GBP,paid,2026-05-28T19:00:00
se_005153,co_0568,renewal,Small,,2026-06-29,2026-06-28,,,monthly,64,200,200,GBP,paid,2026-06-28T17:10:00
se_005154,co_0569,trial_start,Medium,,,,,2024-05-28,monthly,161,0,0,GBP,not_applicable,2024-05-21T13:41:00
se_005155,co_0569,converted,Medium,,2024-05-27,2024-05-27,,,monthly,161,750,750,GBP,paid,2024-05-27T14:18:00
se_005156,co_0569,renewal,Medium,,2024-06-27,2024-06-27,,,monthly,161,750,750,GBP,paid,2024-06-27T15:23:00
se_005157,co_0569,renewal,Medium,,2024-07-27,2024-07-27,,,monthly,161,750,750,GBP,paid,2024-07-27T11:44:00
se_005158,co_0569,renewal,Medium,,2024-08-27,2024-08-27,,,monthly,161,750,750,GBP,paid,2024-08-27T13:22:00
se_005159,co_0569,renewal,Medium,,2024-10-09,2024-09-27,,,monthly,161,750,750,GBP,paid,2024-09-27T18:26:00
se_005160,co_0569,renewal,Medium,,2024-10-27,2024-10-27,,,monthly,161,750,750,GBP,paid,2024-10-27T12:02:00
se_005161,co_0569,renewal,Medium,,2024-11-27,2024-11-27,,,monthly,161,750,750,GBP,paid,2024-11-27T10:34:00
se_005162,co_0569,renewal,Medium,,2024-12-27,2024-12-27,,,monthly,161,750,750,GBP,paid,2024-12-27T12:44:00
se_005163,co_0569,renewal,Medium,,2025-01-27,2025-01-27,,,monthly,161,750,750,GBP,paid,2025-01-27T13:05:00
se_005164,co_0569,renewal,Medium,,2025-03-05,2025-02-27,,,monthly,161,750,750,GBP,paid,2025-02-27T15:28:00
se_005165,co_0569,renewal,Medium,,2025-03-27,2025-03-27,,,monthly,161,750,750,GBP,paid,2025-03-27T15:33:00
se_005166,co_0569,renewal,Medium,,2025-04-27,2025-04-27,,,monthly,161,750,750,GBP,paid,2025-04-27T16:13:00
se_005167,co_0569,renewal,Medium,,2025-05-27,2025-05-27,,,monthly,161,750,750,GBP,paid,2025-05-27T15:29:00
se_005168,co_0569,renewal,Medium,,2025-06-27,2025-06-27,,,monthly,161,750,750,GBP,paid,2025-06-27T18:56:00
se_005169,co_0569,renewal,Medium,,2025-07-27,2025-07-27,,,monthly,161,750,750,GBP,paid,2025-07-27T12:30:00
se_005170,co_0569,renewal,Medium,,2025-08-27,2025-08-27,,,monthly,161,750,750,GBP,paid,2025-08-27T19:36:00
se_005171,co_0569,renewal,Medium,,,2025-09-27,,,monthly,161,750,750,GBP,paid,2025-09-27T18:40:00
se_005172,co_0569,renewal,Medium,,2025-10-27,2025-10-27,,,monthly,161,750,750,GBP,paid,2025-10-27T11:48:00
se_005173,co_0569,renewal,Medium,,2025-11-27,2025-11-27,,,monthly,161,750,750,GBP,paid,2025-11-27T17:25:00
se_005174,co_0569,renewal,Medium,,2025-12-27,2025-12-27,,,monthly,161,750,750,GBP,paid,2025-12-27T16:56:00
se_005175,co_0569,renewal,Medium,,2026-01-27,2026-01-27,,,monthly,161,750,750,GBP,paid,2026-01-27T14:11:00
se_005176,co_0569,renewal,Medium,,2026-02-27,2026-02-27,,,monthly,161,750,750,GBP,paid,2026-02-27T10:32:00
se_005177,co_0569,renewal,Medium,,2026-03-27,2026-03-27,,,monthly,161,750,750,GBP,paid,2026-03-27T15:55:00
se_005178,co_0569,renewal,Medium,,2026-04-27,2026-04-27,,,monthly,161,750,750,GBP,paid,2026-04-27T16:39:00
se_005179,co_0569,payment_failed,Medium,,2026-05-27,2026-05-27,,,monthly,161,750,750,GBP,failed,2026-05-27T12:42:00
se_005180,co_0569,payment_recovered,Medium,,2026-06-04,2026-06-04,,,monthly,161,750,750,GBP,paid,2026-06-04T17:13:00
se_005181,co_0569,renewal,Medium,,2026-06-27,2026-06-27,,,monthly,161,750,750,GBP,paid,2026-06-27T08:01:00
se_005182,co_0570,trial_start,Medium,,,,,2025-10-20,monthly,183,0,0,GBP,not_applicable,2025-10-13T13:31:00
se_005183,co_0571,trial_start,Medium,,,,,2025-09-07,monthly,204,0,0,GBP,not_applicable,2025-08-31T08:41:00
se_005184,co_0572,trial_start,Small,,,,,2024-01-29,monthly,70,0,0,GBP,not_applicable,2024-01-22T19:40:00
se_005185,co_0572,converted,Small,,2024-01-24,2024-01-24,,,monthly,70,200,200,GBP,paid,2024-01-24T19:30:00
se_005186,co_0572,renewal,Small,,2024-02-24,2024-02-24,,,monthly,70,200,200,GBP,paid,2024-02-24T17:00:00
se_005187,co_0572,renewal,Small,,2024-03-24,2024-03-24,,,monthly,70,200,200,GBP,paid,2024-03-24T10:21:00
se_005188,co_0572,renewal,Small,,2024-04-24,2024-04-24,,,monthly,70,200,200,GBP,paid,2024-04-24T17:28:00
se_005189,co_0572,renewal,Small,,2024-05-24,2024-05-24,,,monthly,70,200,200,GBP,paid,2024-05-24T19:24:00
se_005190,co_0572,renewal,Small,,2024-06-24,2024-06-24,,,monthly,70,200,200,GBP,paid,2024-06-24T12:19:00
se_005191,co_0572,renewal,Small,,2024-07-30,2024-07-24,,,monthly,70,200,200,GBP,paid,2024-07-24T17:04:00
se_005192,co_0572,renewal,Small,,2024-08-24,2024-08-24,,,monthly,70,200,200,GBP,paid,2024-08-24T11:15:00
se_005193,co_0572,renewal,Small,,2024-09-24,2024-09-24,,,monthly,70,200,200,GBP,paid,2024-09-24T08:25:00
se_005194,co_0572,renewal,Small,,2024-10-24,2024-10-24,,,monthly,70,200,200,GBP,paid,2024-10-24T09:17:00
se_005195,co_0572,renewal,Small,,2024-11-24,2024-11-24,,,monthly,70,200,200,GBP,paid,2024-11-24T16:12:00
se_005196,co_0572,renewal,Small,,2024-12-24,2024-12-24,,,monthly,70,200,200,GBP,paid,2024-12-24T16:08:00
se_005197,co_0572,renewal,Small,,2025-01-24,2025-01-24,,,monthly,70,200,200,GBP,paid,2025-01-24T13:08:00
se_005198,co_0572,renewal,Small,,2025-02-24,2025-02-24,,,monthly,70,200,200,GBP,paid,2025-02-24T12:22:00
se_005199,co_0572,renewal,Small,,2025-03-24,2025-03-24,,,monthly,70,200,200,GBP,paid,2025-03-24T08:15:00
se_005200,co_0572,renewal,Small,,2025-04-24,2025-04-24,,,monthly,70,200,200,GBP,paid,2025-04-24T12:54:00
se_005201,co_0572,renewal,Small,,2025-05-24,2025-05-24,,,monthly,70,200,200,GBP,paid,2025-05-24T09:21:00
se_005202,co_0572,renewal,Small,,2025-06-24,2025-06-24,,,monthly,70,200,200,GBP,paid,2025-06-24T18:29:00
se_005203,co_0572,renewal,Small,,2025-07-24,2025-07-24,,,monthly,70,200,200,GBP,paid,2025-07-24T16:22:00
se_005204,co_0572,renewal,Small,,2025-08-27,2025-08-24,,,monthly,70,200,200,GBP,paid,2025-08-24T12:02:00
se_005205,co_0572,renewal,Small,,2025-09-24,2025-09-24,,,monthly,70,200,200,GBP,paid,2025-09-24T11:18:00
se_005206,co_0572,renewal,Small,,2025-10-24,2025-10-24,,,monthly,70,200,200,GBP,paid,2025-10-24T19:23:00
se_005207,co_0572,renewal,Small,,2025-12-04,2025-11-24,,,monthly,70,200,200,GBP,paid,2025-11-24T15:18:00
se_005208,co_0572,renewal,Small,,2025-12-29,2025-12-24,,,monthly,70,200,200,GBP,paid,2025-12-24T08:12:00
se_005209,co_0572,renewal,Small,,2026-01-24,2026-01-24,,,monthly,70,200,200,GBP,paid,2026-01-24T10:01:00
se_005210,co_0572,renewal,Small,,2026-03-13,2026-02-24,,,monthly,70,200,200,GBP,paid,2026-02-24T10:27:00
se_005211,co_0572,renewal,Small,,2026-03-24,2026-03-24,,,monthly,70,200,200,GBP,paid,2026-03-24T11:06:00
se_005212,co_0572,renewal,Small,,2026-04-24,2026-04-24,,,monthly,70,200,200,GBP,paid,2026-04-24T16:35:00
se_005213,co_0572,renewal,Small,,2026-05-24,2026-05-24,,,monthly,70,200,200,GBP,paid,2026-05-24T09:21:00
se_005214,co_0572,payment_failed,Small,,2026-06-24,2026-06-24,,,monthly,70,200,200,GBP,failed,2026-06-24T17:48:00
se_005215,co_0572,payment_recovered,Small,,2026-06-29,2026-06-29,,,monthly,70,200,200,GBP,paid,2026-06-29T19:23:00
se_005216,co_0573,trial_start,Medium,,,,,2024-04-01,monthly,225,0,0,GBP,not_applicable,2024-03-25T10:36:00
se_005217,co_0573,converted,Medium,,2024-04-03,2024-04-03,,,monthly,225,750,750,GBP,paid,2024-04-03T19:14:00
se_005218,co_0573,renewal,Medium,,2024-05-13,2024-05-03,,,monthly,225,750,750,GBP,paid,2024-05-03T15:32:00
se_005219,co_0573,downgrade,Small,Medium,2024-05-07,2024-05-07,,,monthly,225,200,200,GBP,paid,2024-05-07T17:25:00
se_005220,co_0573,renewal,Small,,2024-06-03,2024-06-03,,,monthly,225,200,200,GBP,paid,2024-06-03T18:35:00
se_005221,co_0573,renewal,Small,,2024-07-03,2024-07-03,,,monthly,225,200,200,GBP,paid,2024-07-03T17:36:00
se_005222,co_0573,renewal,Small,,2024-08-03,2024-08-03,,,monthly,225,200,200,GBP,paid,2024-08-03T09:01:00
se_005223,co_0573,renewal,Small,,2024-09-03,2024-09-03,,,monthly,225,200,200,GBP,paid,2024-09-03T11:08:00
se_005224,co_0573,payment_failed,Small,,2024-10-03,2024-10-03,,,monthly,225,200,200,GBP,failed,2024-10-03T09:43:00
se_005225,co_0573,payment_recovered,Small,,2024-10-10,2024-10-10,,,monthly,225,200,200,GBP,paid,2024-10-10T13:39:00
se_005226,co_0573,renewal,Small,,2024-11-03,2024-11-03,,,monthly,225,200,200,GBP,paid,2024-11-03T18:15:00
se_005227,co_0573,renewal,Small,,2024-12-03,2024-12-03,,,monthly,225,200,200,GBP,paid,2024-12-03T08:48:00
se_005228,co_0573,renewal,Small,,2025-01-03,2025-01-03,,,monthly,225,200,200,GBP,paid,2025-01-03T17:04:00
se_005229,co_0573,renewal,Small,,2025-02-03,2025-02-03,,,monthly,225,200,200,GBP,paid,2025-02-03T18:20:00
se_005230,co_0573,payment_failed,Small,,2025-03-03,2025-03-03,,,monthly,225,200,200,GBP,failed,2025-03-03T15:21:00
se_005231,co_0573,payment_recovered,Small,,2025-03-17,2025-03-17,,,monthly,225,200,200,GBP,paid,2025-03-17T12:05:00
se_005232,co_0573,renewal,Small,,2025-04-03,2025-04-03,,,monthly,225,200,200,GBP,paid,2025-04-03T08:03:00
se_005233,co_0573,renewal,small,,2025-05-03,2025-05-03,,,monthly,225,200,200,GBP,paid,2025-05-03T13:55:00
se_005234,co_0573,renewal,Small,,2025-06-03,2025-06-03,,,monthly,225,200,200,GBP,paid,2025-06-03T14:19:00
se_005235,co_0573,renewal,Small,,2025-07-03,2025-07-03,,,monthly,225,200,200,GBP,paid,2025-07-03T13:38:00
se_005236,co_0573,renewal,Small,,2025-08-03,2025-08-03,,,monthly,225,200,200,GBP,paid,2025-08-03T16:50:00
se_005237,co_0573,renewal,Small,,2025-09-03,2025-09-03,,,monthly,225,200,200,GBP,paid,2025-09-03T13:09:00
se_005238,co_0573,renewal,Small,,2025-10-03,2025-10-03,,,monthly,225,200,200,GBP,paid,2025-10-03T15:10:00
se_005239,co_0573,renewal,Small,,2025-11-03,2025-11-03,,,monthly,225,200,200,GBP,paid,2025-11-03T13:43:00
se_005240,co_0573,renewal,Small,,2025-12-03,2025-12-03,,,monthly,225,200,200,GBP,paid,2025-12-03T10:32:00
se_005241,co_0573,renewal,Small,,2026-01-03,2026-01-03,,,monthly,225,200,200,GBP,paid,2026-01-03T11:00:00
se_005242,co_0573,renewal,Small,,2026-02-03,2026-02-03,,,monthly,225,200,200,GBP,paid,2026-02-03T13:54:00
se_005243,co_0573,renewal,Small,,2026-03-03,2026-03-03,,,monthly,225,200,200,GBP,paid,2026-03-03T10:45:00
se_005244,co_0573,renewal,Small,,2026-04-08,2026-04-03,,,monthly,225,200,200,GBP,paid,2026-04-03T15:48:00
se_005245,co_0573,renewal,Small,,,2026-05-03,,,monthly,225,200,200,GBP,paid,2026-05-03T18:40:00
se_005246,co_0573,renewal,Small,,2026-06-03,2026-06-03,,,monthly,225,200,200,GBP,paid,2026-06-03T10:01:00
se_005247,co_0574,trial_start,Medium,,,,,2023-12-06,annual,217,0,0,GBP,not_applicable,2023-11-29T08:19:00
se_005248,co_0575,trial_start,Small,,,,,2025-04-03,monthly,126,0,0,GBP,not_applicable,2025-03-27T08:28:00
se_005249,co_0576,trial_start,Small,,,,,2024-09-07,annual,117,0,0,GBP,not_applicable,2024-08-31T09:20:00
se_005250,co_0576,converted,Small,,2024-09-02,2024-09-02,,,annual,117,200,2400,GBP,paid,2024-09-02T14:47:00
se_005251,co_0576,renewal,Small,,2025-09-02,2025-09-02,,,annual,117,200,2400,GBP,paid,2025-09-02T18:25:00
se_005252,co_0577,trial_start,Medium,,,,,2024-10-21,annual,211,0,0,GBP,not_applicable,2024-10-14T08:57:00
se_005253,co_0578,trial_start,Small,,,,,2025-07-25,monthly,50,0,0,GBP,not_applicable,2025-07-18T10:33:00
se_005254,co_0578,converted,Small,,2025-07-27,2025-07-27,,,monthly,50,200,200,GBP,paid,2025-07-27T18:23:00
se_005255,co_0578,renewal,Small,,2025-08-27,2025-08-27,,,monthly,50,200,200,GBP,paid,2025-08-27T11:17:00
se_005256,co_0578,renewal,Small,,2025-09-27,2025-09-27,,,monthly,50,200,200,GBP,paid,2025-09-27T15:09:00
se_005257,co_0578,renewal,Small,,2025-10-27,2025-10-27,,,monthly,50,200,200,GBP,paid,2025-10-27T19:52:00
se_005258,co_0578,renewal,Small,,2025-12-12,2025-11-27,,,monthly,50,200,200,GBP,paid,2025-11-27T16:12:00
se_005259,co_0578,renewal,Small,,2025-12-27,2025-12-27,,,monthly,50,200,200,GBP,paid,2025-12-27T15:31:00
se_005260,co_0578,renewal,Small,,2026-01-27,2026-01-27,,,monthly,50,200,200,GBP,paid,2026-01-27T19:13:00
se_005261,co_0578,renewal,Small ,,2026-02-27,2026-02-27,,,monthly,50,200,200,GBP,paid,2026-02-27T12:50:00
se_005262,co_0578,payment_failed,Small,,2026-03-27,2026-03-27,,,monthly,50,200,200,GBP,failed,2026-03-27T09:07:00
se_005263,co_0578,delinquent_churn,Small,,,2026-04-21,2026-04-21,,monthly,50,200,0,GBP,not_applicable,2026-04-21T19:25:00
se_005264,co_0579,trial_start,Medium,,,,,2024-07-02,annual,213,0,0,GBP,not_applicable,2024-06-25T14:24:00
se_005265,co_0579,converted,Medium,,2024-07-04,2024-07-04,,,annual,213,750,9000,GBP,paid,2024-07-04T10:45:00
se_005266,co_0579,renewal,Medium,,2025-07-04,2025-07-04,,,annual,213,750,9000,GBP,paid,2025-07-04T09:45:00
se_005267,co_0580,trial_start,Medium,,,,,2023-10-27,monthly,245,0,0,GBP,not_applicable,2023-10-20T08:31:00
se_005268,co_0580,converted,Medium,,2023-10-25,2023-10-25,,,monthly,245,750,750,GBP,paid,2023-10-25T12:41:00
se_005269,co_0580,renewal,Medium,,2023-11-25,2023-11-25,,,monthly,245,750,750,GBP,paid,2023-11-25T18:39:00
se_005270,co_0580,renewal,Medium,,2023-12-25,2023-12-25,,,monthly,245,750,750,GBP,paid,2023-12-25T11:18:00
se_005271,co_0580,renewal,Medium,,2024-01-25,2024-01-25,,,monthly,245,750,750,GBP,paid,2024-01-25T19:16:00
se_005272,co_0580,renewal,Medium,,2024-02-25,2024-02-25,,,monthly,245,750,750,GBP,paid,2024-02-25T09:57:00
se_005273,co_0580,renewal,Medium,,2024-03-25,2024-03-25,,,monthly,245,750,750,GBP,paid,2024-03-25T12:45:00
se_005274,co_0580,renewal,Medium,,2024-04-25,2024-04-25,,,monthly,245,750,750,GBP,paid,2024-04-25T10:30:00
se_005275,co_0580,renewal,Medium,,2024-05-25,2024-05-25,,,monthly,245,750,750,GBP,paid,2024-05-25T14:07:00
se_005276,co_0580,renewal,Medium,,2024-06-25,2024-06-25,,,monthly,245,750,750,GBP,paid,2024-06-25T17:32:00
se_005277,co_0580,renewal,Medium,,2024-07-25,2024-07-25,,,monthly,245,750,750,GBP,paid,2024-07-25T13:10:00
se_005278,co_0580,renewal,Medium,,2024-08-25,2024-08-25,,,monthly,245,750,750,GBP,paid,2024-08-25T08:42:00
se_005279,co_0580,renewal,Medium,,2024-09-25,2024-09-25,,,monthly,245,750,750,GBP,paid,2024-09-25T14:31:00
se_005280,co_0580,renewal,Medium,,2024-10-25,2024-10-25,,,monthly,245,750,750,GBP,paid,2024-10-25T19:29:00
se_005281,co_0580,renewal,Medium,,2024-11-25,2024-11-25,,,monthly,245,750,750,GBP,paid,2024-11-25T09:48:00
se_005282,co_0580,renewal,Medium,,2024-12-25,2024-12-25,,,monthly,245,750,750,GBP,paid,2024-12-25T17:51:00
se_005283,co_0580,renewal,Medium,,2025-01-25,2025-01-25,,,monthly,245,750,750,GBP,paid,2025-01-25T17:12:00
se_005284,co_0580,renewal,Medium,,2025-02-25,2025-02-25,,,monthly,245,750,750,GBP,paid,2025-02-25T14:35:00
se_005285,co_0580,renewal,Medium,,2025-03-25,2025-03-25,,,monthly,245,750,750,GBP,paid,2025-03-25T16:24:00
se_005286,co_0580,renewal,Medium,,,2025-04-25,,,monthly,245,750,750,GBP,paid,2025-04-25T13:13:00
se_005287,co_0580,renewal,Medium,,2025-05-25,2025-05-25,,,monthly,245,750,750,GBP,paid,2025-05-25T12:09:00
se_005288,co_0580,renewal,Medium,,2025-06-25,2025-06-25,,,monthly,245,750,750,GBP,paid,2025-06-25T14:03:00
se_005289,co_0580,renewal,Medium,,2025-07-25,2025-07-25,,,monthly,245,750,750,GBP,paid,2025-07-25T14:16:00
se_005290,co_0580,renewal,Medium,,2025-08-25,2025-08-25,,,monthly,245,750,750,GBP,paid,2025-08-25T10:20:00
se_005291,co_0580,renewal,MEDIUM,,2025-09-25,2025-09-25,,,monthly,245,750,750,GBP,paid,2025-09-25T14:20:00
se_005292,co_0580,renewal,Medium,,2025-10-25,2025-10-25,,,monthly,245,750,750,GBP,paid,2025-10-25T10:40:00
se_005293,co_0580,renewal,Medium,,2025-11-25,2025-11-25,,,monthly,245,750,750,GBP,paid,2025-11-25T14:52:00
se_005294,co_0580,renewal,Medium,,2025-12-25,2025-12-25,,,monthly,245,750,750,GBP,paid,2025-12-25T18:27:00
se_005295,co_0580,renewal,Medium,,2026-01-25,2026-01-25,,,monthly,245,750,750,GBP,paid,2026-01-25T11:12:00
se_005296,co_0580,renewal,Medium,,2026-02-25,2026-02-25,,,monthly,245,750,750,GBP,paid,2026-02-25T15:43:00
se_005297,co_0580,renewal,Medium,,,2026-03-25,,,monthly,245,750,750,GBP,paid,2026-03-25T16:53:00
se_005298,co_0580,renewal,Medium,,2026-04-25,2026-04-25,,,monthly,245,750,750,GBP,paid,2026-04-25T10:00:00
se_005299,co_0580,payment_failed,Medium,,2026-05-25,2026-05-25,,,monthly,245,750,750,GBP,failed,2026-05-25T09:12:00
se_005300,co_0580,payment_recovered,Medium,,2026-06-11,2026-06-11,,,monthly,245,750,750,GBP,paid,2026-06-11T18:44:00
se_005301,co_0580,renewal,Medium,,2026-06-25,2026-06-25,,,monthly,245,750,750,GBP,paid,2026-06-25T08:21:00
se_005302,co_0581,trial_start,Small,,,,,2024-05-12,annual,124,0,0,GBP,not_applicable,2024-05-05T17:30:00
se_005303,co_0582,trial_start,Small,,,,,2025-09-01,monthly,76,0,0,GBP,not_applicable,2025-08-25T08:42:00
se_005304,co_0582,converted,Small,,2025-09-01,2025-09-01,,,monthly,76,200,200,GBP,paid,2025-09-01T15:09:00
se_005305,co_0582,renewal,Small,,2025-10-01,2025-10-01,,,monthly,76,200,200,GBP,paid,2025-10-01T19:05:00
se_005306,co_0582,renewal,Small,,2025-11-01,2025-11-01,,,monthly,76,200,200,GBP,paid,2025-11-01T18:04:00
se_005307,co_0582,renewal,Small,,2025-12-01,2025-12-01,,,monthly,76,200,200,GBP,paid,2025-12-01T12:40:00
se_005308,co_0582,renewal,Small,,2026-01-01,2026-01-01,,,monthly,76,200,200,GBP,paid,2026-01-01T15:25:00
se_005309,co_0582,renewal,Small,,2026-02-01,2026-02-01,,,monthly,76,200,200,GBP,paid,2026-02-01T10:29:00
se_005310,co_0582,renewal,Small,,2026-03-01,2026-03-01,,,monthly,76,200,200,GBP,paid,2026-03-01T08:57:00
se_005311,co_0582,renewal,Small,,2026-04-01,2026-04-01,,,monthly,76,200,200,GBP,paid,2026-04-01T18:07:00
se_005312,co_0582,renewal,Small,,2026-05-01,2026-05-01,,,monthly,76,200,200,GBP,paid,2026-05-01T11:46:00
se_005313,co_0582,renewal,Small,,2026-06-01,2026-06-01,,,monthly,76,200,200,GBP,paid,2026-06-01T14:49:00
se_005314,co_0583,trial_start,Medium ,,,,,2024-08-29,monthly,126,0,0,GBP,not_applicable,2024-08-22T18:22:00
se_005315,co_0583,converted,Medium,,2024-08-29,2024-08-29,,,monthly,126,750,750,GBP,paid,2024-08-29T16:05:00
se_005316,co_0583,renewal,Medium,,2024-09-29,2024-09-29,,,monthly,126,750,750,GBP,paid,2024-09-29T15:10:00
se_005317,co_0583,renewal,Medium,,2024-10-29,2024-10-29,,,monthly,126,750,750,GBP,paid,2024-10-29T19:03:00
se_005318,co_0583,renewal,Medium,,2024-11-29,2024-11-29,,,monthly,126,750,750,GBP,paid,2024-11-29T09:45:00
se_005319,co_0583,renewal,Medium,,2024-12-29,2024-12-29,,,monthly,126,750,750,GBP,paid,2024-12-29T17:17:00
se_005320,co_0583,renewal,Medium,,2025-01-29,2025-01-29,,,monthly,126,750,750,GBP,paid,2025-01-29T10:11:00
se_005321,co_0583,renewal,Medium,,2025-02-28,2025-02-28,,,monthly,126,750,750,GBP,paid,2025-02-28T11:44:00
se_005322,co_0583,renewal,Medium,,2025-03-28,2025-03-28,,,monthly,126,750,750,GBP,paid,2025-03-28T09:14:00
se_005323,co_0583,renewal,Medium,,2025-04-28,2025-04-28,,,monthly,126,750,750,GBP,paid,2025-04-28T14:35:00
se_005324,co_0583,renewal,Medium ,,2025-05-28,2025-05-28,,,monthly,126,750,750,GBP,paid,2025-05-28T13:53:00
se_005325,co_0583,renewal,Medium,,2025-06-28,2025-06-28,,,monthly,126,750,750,GBP,paid,2025-06-28T11:52:00
se_005326,co_0583,renewal,Medium,,2025-07-28,2025-07-28,,,monthly,126,750,750,GBP,paid,2025-07-28T10:05:00
se_005327,co_0583,renewal,Medium,,2025-08-28,2025-08-28,,,monthly,126,750,750,GBP,paid,2025-08-28T09:40:00
se_005328,co_0583,renewal,Medium,,2025-09-28,2025-09-28,,,monthly,126,750,750,GBP,paid,2025-09-28T08:28:00
se_005329,co_0583,renewal,Medium,,2025-10-28,2025-10-28,,,monthly,126,750,750,GBP,paid,2025-10-28T13:54:00
se_005330,co_0583,renewal,Medium,,2025-11-28,2025-11-28,,,monthly,126,750,750,GBP,paid,2025-11-28T18:45:00
se_005331,co_0583,renewal,Medium,,2025-12-28,2025-12-28,,,monthly,126,750,750,GBP,paid,2025-12-28T13:59:00
se_005332,co_0583,renewal,Medium,,2026-01-28,2026-01-28,,,monthly,126,750,750,GBP,paid,2026-01-28T14:32:00
se_005333,co_0583,renewal,Medium,,2026-02-28,2026-02-28,,,monthly,126,750,750,GBP,paid,2026-02-28T10:51:00
se_005334,co_0583,renewal,Medium,,2026-04-18,2026-03-28,,,monthly,126,750,750,GBP,paid,2026-03-28T10:57:00
se_005335,co_0583,renewal,Medium,,2026-04-28,2026-04-28,,,monthly,126,750,750,GBP,paid,2026-04-28T19:02:00
se_005336,co_0583,renewal,Medium,,2026-05-28,2026-05-28,,,monthly,126,750,750,GBP,paid,2026-05-28T14:57:00
se_005337,co_0583,renewal,Medium,,2026-06-28,2026-06-28,,,monthly,126,750,750,GBP,paid,2026-06-28T11:29:00
se_005338,co_0584,trial_start,Small,,,,,2024-06-21,monthly,76,0,0,GBP,not_applicable,2024-06-14T16:21:00
se_005339,co_0584,converted,Small,,2024-06-19,2024-06-19,,,monthly,76,200,200,GBP,paid,2024-06-19T19:02:00
se_005340,co_0584,renewal,Small,,2024-07-19,2024-07-19,,,monthly,76,200,200,GBP,paid,2024-07-19T16:09:00
se_005341,co_0584,renewal,Small,,2024-08-19,2024-08-19,,,monthly,76,200,200,GBP,paid,2024-08-19T13:48:00
se_005342,co_0584,renewal,Small,,2024-09-19,2024-09-19,,,monthly,76,200,200,GBP,paid,2024-09-19T15:37:00
se_005343,co_0584,renewal,Small,,2024-11-06,2024-10-19,,,monthly,76,200,200,GBP,paid,2024-10-19T15:30:00
se_005344,co_0584,renewal,Small,,2024-11-19,2024-11-19,,,monthly,76,200,200,GBP,paid,2024-11-19T08:12:00
se_005345,co_0584,renewal,Small,,2024-12-19,2024-12-19,,,monthly,76,200,200,GBP,paid,2024-12-19T08:13:00
se_005346,co_0584,renewal,Small,,2025-01-19,2025-01-19,,,monthly,76,200,200,GBP,paid,2025-01-19T14:41:00
se_005347,co_0584,renewal,Small,,2025-02-19,2025-02-19,,,monthly,76,200,200,GBP,paid,2025-02-19T11:44:00
se_005348,co_0584,renewal,Small,,2025-03-19,2025-03-19,,,monthly,76,200,200,GBP,paid,2025-03-19T17:51:00
se_005349,co_0584,renewal,Small,,2025-04-19,2025-04-19,,,monthly,76,200,200,GBP,paid,2025-04-19T09:01:00
se_005350,co_0584,renewal,Small,,2025-05-19,2025-05-19,,,monthly,76,200,200,GBP,paid,2025-05-19T09:31:00
se_005351,co_0584,renewal,Small,,2025-06-19,2025-06-19,,,monthly,76,200,200,GBP,paid,2025-06-19T18:49:00
se_005352,co_0584,renewal,Small,,2025-07-19,2025-07-19,,,monthly,76,200,200,GBP,paid,2025-07-19T12:01:00
se_005353,co_0584,renewal,Small,,2025-08-19,2025-08-19,,,monthly,76,200,200,GBP,paid,2025-08-19T14:47:00
se_005354,co_0584,renewal,Small,,2025-09-19,2025-09-19,,,monthly,76,200,200,GBP,paid,2025-09-19T13:36:00
se_005355,co_0584,renewal,Small,,2025-10-19,2025-10-19,,,monthly,76,200,200,GBP,paid,2025-10-19T13:42:00
se_005356,co_0584,renewal,Small,,2025-11-29,2025-11-19,,,monthly,76,200,200,GBP,paid,2025-11-19T13:11:00
se_005357,co_0584,renewal,Small,,2025-12-19,2025-12-19,,,monthly,76,200,200,GBP,paid,2025-12-19T14:10:00
se_005358,co_0584,renewal,Small,,2026-01-19,2026-01-19,,,monthly,76,200,200,GBP,paid,2026-01-19T11:35:00
se_005359,co_0584,renewal,Small,,2026-02-19,2026-02-19,,,monthly,76,200,200,GBP,paid,2026-02-19T09:33:00
se_005360,co_0584,renewal,Small,,2026-03-19,2026-03-19,,,monthly,76,200,200,GBP,paid,2026-03-19T09:19:00
se_005361,co_0584,renewal,Small,,2026-04-19,2026-04-19,,,monthly,76,200,200,GBP,paid,2026-04-19T13:56:00
se_005362,co_0584,renewal,Small,,2026-05-19,2026-05-19,,,monthly,76,200,200,GBP,paid,2026-05-19T11:24:00
se_005363,co_0584,renewal,Small,,2026-06-22,2026-06-19,,,monthly,76,200,200,GBP,paid,2026-06-19T12:46:00
se_005364,co_0585,trial_start,Medium,,,,,2026-04-05,monthly,193,0,0,GBP,not_applicable,2026-03-29T08:32:00
se_005365,co_0585,converted,Medium,,2026-04-01,2026-04-01,,,monthly,193,750,750,GBP,paid,2026-04-01T08:42:00
se_005366,co_0585,renewal,Medium,,2026-05-01,2026-05-01,,,monthly,193,750,750,GBP,paid,2026-05-01T13:03:00
se_005367,co_0585,renewal,Medium,,2026-06-01,2026-06-01,,,monthly,193,750,750,GBP,paid,2026-06-01T08:31:00
se_005368,co_0586,trial_start,Medium,,,,,2025-08-27,annual,511,0,0,GBP,not_applicable,2025-08-20T13:25:00
se_005369,co_0587,trial_start,Medium,,,,,2024-06-15,monthly,155,0,0,GBP,not_applicable,2024-06-08T10:40:00
se_005370,co_0587,converted,Medium,,2024-06-12,2024-06-12,,,monthly,155,750,750,GBP,paid,2024-06-12T12:51:00
se_005371,co_0587,renewal,Medium,,2024-07-20,2024-07-12,,,monthly,155,750,750,GBP,paid,2024-07-12T13:36:00
se_005372,co_0587,renewal,Medium,,2024-08-12,2024-08-12,,,monthly,155,750,750,GBP,paid,2024-08-12T14:27:00
se_005373,co_0587,renewal,Medium,,2024-09-12,2024-09-12,,,monthly,155,750,750,GBP,paid,2024-09-12T13:33:00
se_005374,co_0587,renewal,Medium,,2024-10-12,2024-10-12,,,monthly,155,750,750,GBP,paid,2024-10-12T13:31:00
se_005375,co_0587,renewal,Medium,,2024-11-12,2024-11-12,,,monthly,155,750,750,GBP,paid,2024-11-12T10:43:00
se_005376,co_0587,renewal,Medium,,2024-12-12,2024-12-12,,,monthly,155,750,750,GBP,paid,2024-12-12T16:59:00
se_005377,co_0587,renewal,Medium,,2025-01-12,2025-01-12,,,monthly,155,750,750,GBP,paid,2025-01-12T16:57:00
se_005378,co_0587,renewal,Medium,,2025-02-12,2025-02-12,,,monthly,155,750,750,GBP,paid,2025-02-12T09:10:00
se_005379,co_0587,renewal,Medium,,2025-03-12,2025-03-12,,,monthly,155,750,750,GBP,paid,2025-03-12T19:16:00
se_005380,co_0587,renewal,Medium,,2025-04-12,2025-04-12,,,monthly,155,750,750,GBP,paid,2025-04-12T13:34:00
se_005381,co_0587,renewal,Medium,,2025-05-12,2025-05-12,,,monthly,155,750,750,GBP,paid,2025-05-12T18:50:00
se_005382,co_0587,renewal,Medium,,2025-06-12,2025-06-12,,,monthly,155,750,750,GBP,paid,2025-06-12T10:17:00
se_005383,co_0587,renewal,Medium,,2025-07-12,2025-07-12,,,monthly,155,750,750,GBP,paid,2025-07-12T18:59:00
se_005384,co_0587,renewal,Medium,,2025-08-12,2025-08-12,,,monthly,155,750,750,GBP,paid,2025-08-12T15:18:00
se_005385,co_0587,renewal,Medium,,2025-09-12,2025-09-12,,,monthly,155,750,750,GBP,paid,2025-09-12T12:17:00
se_005386,co_0587,renewal,Medium,,2025-10-12,2025-10-12,,,monthly,155,750,750,GBP,paid,2025-10-12T17:08:00
se_005387,co_0587,renewal,Medium,,2025-11-12,2025-11-12,,,monthly,155,750,750,GBP,paid,2025-11-12T08:29:00
se_005388,co_0587,renewal,Medium,,2025-12-12,2025-12-12,,,monthly,155,750,750,GBP,paid,2025-12-12T16:39:00
se_005389,co_0587,renewal,Medium,,2026-01-12,2026-01-12,,,monthly,155,750,750,GBP,paid,2026-01-12T16:58:00
se_005390,co_0587,renewal,Medium,,2026-02-12,2026-02-12,,,monthly,155,750,750,GBP,paid,2026-02-12T16:38:00
se_005391,co_0587,renewal,Medium ,,2026-03-12,2026-03-12,,,monthly,155,750,750,GBP,paid,2026-03-12T12:25:00
se_005392,co_0587,renewal,Medium,,2026-04-26,2026-04-12,,,monthly,155,750,750,GBP,paid,2026-04-12T15:31:00
se_005393,co_0587,payment_failed,Medium,,2026-05-12,2026-05-12,,,monthly,155,750,750,GBP,failed,2026-05-12T14:20:00
se_005394,co_0587,payment_recovered,Medium,,2026-05-24,2026-05-24,,,monthly,155,750,750,GBP,paid,2026-05-24T11:27:00
se_005395,co_0587,renewal,Medium,,2026-06-29,2026-06-12,,,monthly,155,750,750,GBP,paid,2026-06-12T10:51:00
se_005396,co_0588,trial_start,Small,,,,,2025-09-09,monthly,87,0,0,GBP,not_applicable,2025-09-02T13:57:00
se_005397,co_0588,converted,Small,,2025-09-05,2025-09-05,,,monthly,87,200,200,GBP,paid,2025-09-05T18:58:00
se_005398,co_0588,payment_failed,Small,,2025-10-05,2025-10-05,,,monthly,87,200,200,GBP,failed,2025-10-05T16:29:00
se_005399,co_0588,renewal,Small,,2025-11-05,2025-11-05,,,monthly,87,200,200,GBP,paid,2025-11-05T12:29:00
se_005400,co_0588,renewal,Small,,2025-12-05,2025-12-05,,,monthly,87,200,200,GBP,paid,2025-12-05T11:25:00
se_005401,co_0588,renewal,Small,,2026-01-05,2026-01-05,,,monthly,87,200,200,GBP,paid,2026-01-05T12:55:00
se_005402,co_0588,renewal,Small,,2026-02-05,2026-02-05,,,monthly,87,200,200,GBP,paid,2026-02-05T12:19:00
se_005403,co_0588,renewal,Small,,,2026-03-05,,,monthly,87,200,200,GBP,paid,2026-03-05T17:26:00
se_005404,co_0588,renewal,Small,,2026-04-05,2026-04-05,,,monthly,87,200,200,GBP,paid,2026-04-05T10:11:00
se_005405,co_0588,renewal,Small,,2026-05-05,2026-05-05,,,monthly,87,200,200,GBP,paid,2026-05-05T14:58:00
se_005406,co_0588,renewal,Small,,2026-06-05,2026-06-05,,,monthly,87,200,200,GBP,paid,2026-06-05T16:50:00
se_005407,co_0589,trial_start,Large,,,,,2024-12-09,annual,654,0,0,GBP,not_applicable,2024-12-02T13:40:00
se_005408,co_0589,converted,Large,,2024-12-12,2024-12-12,,,annual,654,1500,18000,GBP,paid,2024-12-12T08:34:00
se_005409,co_0589,renewal,Large,,2025-12-12,2025-12-12,,,annual,654,1500,18000,GBP,paid,2025-12-12T10:52:00
se_005410,co_0590,trial_start,Medium,,,,,2025-09-08,annual,310,0,0,GBP,not_applicable,2025-09-01T18:04:00
se_005411,co_0590,converted,MEDIUM,,2025-09-11,2025-09-11,,,annual,310,750,9000,GBP,paid,2025-09-11T09:23:00
se_005412,co_0591,trial_start,Small,,,,,2024-11-11,annual,28,0,0,GBP,not_applicable,2024-11-04T16:51:00
se_005413,co_0592,trial_start,Medium,,,,,2024-10-04,annual,129,0,0,GBP,not_applicable,2024-09-27T08:19:00
se_005414,co_0593,trial_start,Small,,,,,2024-08-02,monthly,80,0,0,GBP,not_applicable,2024-07-26T16:25:00
se_005415,co_0594,trial_start,Medium,,,,,2025-03-22,annual,128,0,0,GBP,not_applicable,2025-03-15T09:11:00
se_005416,co_0595,trial_start,Small,,,,,2026-04-25,annual,44,0,0,GBP,not_applicable,2026-04-18T12:12:00
se_005417,co_0595,converted,Small,,2026-04-20,2026-04-20,,,annual,44,200,2400,GBP,paid,2026-04-20T17:31:00
se_005418,co_0596,trial_start,Small,,,,,2025-11-15,annual,128,0,0,GBP,not_applicable,2025-11-08T14:40:00
se_005419,co_0596,converted,Small,,2025-11-11,2025-11-11,,,annual,128,200,2400,GBP,paid,2025-11-11T09:48:00
se_005420,co_0597,trial_start,Small,,,,,2023-10-17,monthly,75,0,0,GBP,not_applicable,2023-10-10T11:12:00
se_005421,co_0597,converted,Small,,2023-10-16,2023-10-16,,,monthly,75,200,200,GBP,paid,2023-10-16T19:59:00
se_005422,co_0597,renewal,Small,,2023-11-16,2023-11-16,,,monthly,75,200,200,GBP,paid,2023-11-16T16:12:00
se_005423,co_0597,renewal,Small,,2023-12-16,2023-12-16,,,monthly,75,200,200,GBP,paid,2023-12-16T13:35:00
se_005424,co_0597,renewal,Small,,2024-01-16,2024-01-16,,,monthly,75,200,200,GBP,paid,2024-01-16T13:40:00
se_005425,co_0597,renewal,Small,,2024-02-16,2024-02-16,,,monthly,75,200,200,GBP,paid,2024-02-16T15:26:00
se_005426,co_0597,renewal,Small,,2024-03-16,2024-03-16,,,monthly,75,200,200,GBP,paid,2024-03-16T12:59:00
se_005427,co_0597,renewal,Small,,2024-04-16,2024-04-16,,,monthly,75,200,200,GBP,paid,2024-04-16T17:23:00
se_005428,co_0597,renewal,Small,,2024-05-16,2024-05-16,,,monthly,75,200,200,GBP,paid,2024-05-16T16:48:00
se_005429,co_0597,renewal,Small,,2024-06-16,2024-06-16,,,monthly,75,200,200,GBP,paid,2024-06-16T12:05:00
se_005430,co_0597,renewal,Small,,2024-07-16,2024-07-16,,,monthly,75,200,200,GBP,paid,2024-07-16T16:32:00
se_005431,co_0597,renewal,Small,,2024-08-16,2024-08-16,,,monthly,75,200,200,GBP,paid,2024-08-16T13:51:00
se_005432,co_0597,renewal,Small,,2024-09-16,2024-09-16,,,monthly,75,200,200,GBP,paid,2024-09-16T15:15:00
se_005433,co_0597,renewal,Small,,2024-10-16,2024-10-16,,,monthly,75,200,200,GBP,paid,2024-10-16T13:01:00
se_005434,co_0597,renewal,Small,,2024-11-16,2024-11-16,,,monthly,75,200,200,GBP,paid,2024-11-16T12:03:00
se_005435,co_0597,renewal,Small,,2024-12-16,2024-12-16,,,monthly,75,200,200,GBP,paid,2024-12-16T18:57:00
se_005436,co_0597,renewal,Small,,2025-01-16,2025-01-16,,,monthly,75,200,200,GBP,paid,2025-01-16T11:18:00
se_005437,co_0597,renewal,Small,,2025-02-16,2025-02-16,,,monthly,75,200,200,GBP,paid,2025-02-16T16:11:00
se_005438,co_0597,renewal,Small,,2025-03-16,2025-03-16,,,monthly,75,200,200,GBP,paid,2025-03-16T11:10:00
se_005439,co_0597,renewal,Small,,2025-04-16,2025-04-16,,,monthly,75,200,200,GBP,paid,2025-04-16T08:45:00
se_005440,co_0597,renewal,Small,,2025-05-26,2025-05-16,,,monthly,75,200,200,GBP,paid,2025-05-16T19:01:00
se_005441,co_0597,renewal,Small,,2025-06-16,2025-06-16,,,monthly,75,200,200,GBP,paid,2025-06-16T19:01:00
se_005442,co_0597,renewal,Small,,2025-07-16,2025-07-16,,,monthly,75,200,200,GBP,paid,2025-07-16T18:17:00
se_005443,co_0597,renewal,Small,,2025-08-16,2025-08-16,,,monthly,75,200,200,GBP,paid,2025-08-16T08:01:00
se_005444,co_0597,payment_failed,Small,,2025-09-16,2025-09-16,,,monthly,75,200,200,GBP,failed,2025-09-16T18:14:00
se_005445,co_0597,payment_recovered,Small,,2025-09-24,2025-09-24,,,monthly,75,200,200,GBP,paid,2025-09-24T12:50:00
se_005446,co_0597,renewal,Small,,2025-10-16,2025-10-16,,,monthly,75,200,200,GBP,paid,2025-10-16T11:27:00
se_005447,co_0597,renewal,Small,,2025-11-21,2025-11-16,,,monthly,75,200,200,GBP,paid,2025-11-16T15:19:00
se_005448,co_0597,renewal,Small,,2025-12-16,2025-12-16,,,monthly,75,200,200,GBP,paid,2025-12-16T15:06:00
se_005449,co_0597,renewal,Small,,2026-01-19,2026-01-16,,,monthly,75,200,200,GBP,paid,2026-01-16T10:01:00
se_005450,co_0597,renewal,Small,,2026-02-16,2026-02-16,,,monthly,75,200,200,GBP,paid,2026-02-16T12:51:00
se_005451,co_0597,renewal,Small,,2026-03-16,2026-03-16,,,monthly,75,200,200,GBP,paid,2026-03-16T08:35:00
se_005452,co_0597,renewal,Small,,2026-04-16,2026-04-16,,,monthly,75,200,200,GBP,paid,2026-04-16T15:57:00
se_005453,co_0597,renewal,Small,,2026-05-16,2026-05-16,,,monthly,75,200,200,GBP,paid,2026-05-16T09:53:00
se_005454,co_0597,renewal,Small,,2026-06-16,2026-06-16,,,monthly,75,200,200,GBP,paid,2026-06-16T13:52:00
se_005455,co_0598,trial_start,Small,,,,,2026-06-20,monthly,123,0,0,GBP,not_applicable,2026-06-13T19:04:00
se_005456,co_0599,trial_start,Small,,,,,2026-04-22,monthly,62,0,0,GBP,not_applicable,2026-04-15T12:30:00
se_005457,co_0599,converted,Small,,2026-04-21,2026-04-21,,,monthly,62,200,200,GBP,paid,2026-04-21T10:10:00
se_005458,co_0599,renewal,Small,,2026-05-21,2026-05-21,,,monthly,62,200,200,GBP,paid,2026-05-21T14:57:00
se_005459,co_0599,renewal,Small,,2026-06-21,2026-06-21,,,monthly,62,200,200,GBP,paid,2026-06-21T11:52:00
se_005460,co_0600,trial_start,Small,,,,,2025-04-27,monthly,134,0,0,GBP,not_applicable,2025-04-20T09:17:00
se_005461,co_0601,trial_start,SMALL,,,,,2025-03-04,monthly,84,0,0,GBP,not_applicable,2025-02-25T09:49:00
se_005462,co_0601,converted,Small,,2025-02-28,2025-02-28,,,monthly,84,200,200,GBP,paid,2025-02-28T19:02:00
se_005463,co_0601,renewal,Small,,2025-03-28,2025-03-28,,,monthly,84,200,200,GBP,paid,2025-03-28T09:38:00
se_005464,co_0601,renewal,Small,,,2025-04-28,,,monthly,84,200,200,GBP,paid,2025-04-28T17:44:00
se_005465,co_0601,renewal,Small,,2025-05-28,2025-05-28,,,monthly,84,200,200,GBP,paid,2025-05-28T19:08:00
se_005466,co_0601,renewal,Small,,2025-06-28,2025-06-28,,,monthly,84,200,200,GBP,paid,2025-06-28T17:12:00
se_005467,co_0601,payment_failed,Small,,2025-07-28,2025-07-28,,,monthly,84,200,200,GBP,failed,2025-07-28T11:15:00
se_005468,co_0601,payment_recovered,Small,,2025-08-14,2025-08-14,,,monthly,84,200,200,GBP,paid,2025-08-14T11:48:00
se_005469,co_0601,renewal,Small,,2025-08-28,2025-08-28,,,monthly,84,200,200,GBP,paid,2025-08-28T14:10:00
se_005470,co_0601,renewal,Small,,2025-09-28,2025-09-28,,,monthly,84,200,200,GBP,paid,2025-09-28T18:12:00
se_005471,co_0601,renewal,Small,,2025-10-28,2025-10-28,,,monthly,84,200,200,GBP,paid,2025-10-28T11:39:00
se_005472,co_0601,renewal,Small,,2025-11-28,2025-11-28,,,monthly,84,200,200,GBP,paid,2025-11-28T11:34:00
se_005473,co_0601,renewal,Small,,2025-12-28,2025-12-28,,,monthly,84,200,200,GBP,paid,2025-12-28T10:08:00
se_005474,co_0601,renewal,Small,,2026-01-28,2026-01-28,,,monthly,84,200,200,GBP,paid,2026-01-28T16:36:00
se_005475,co_0601,renewal,Small,,2026-02-28,2026-02-28,,,monthly,84,200,200,GBP,paid,2026-02-28T14:45:00
se_005476,co_0601,renewal,Small,,2026-04-07,2026-03-28,,,monthly,84,200,200,GBP,paid,2026-03-28T14:10:00
se_005477,co_0601,renewal,Small,,2026-04-28,2026-04-28,,,monthly,84,200,200,GBP,paid,2026-04-28T12:52:00
se_005478,co_0601,renewal,Small,,2026-05-28,2026-05-28,,,monthly,84,200,200,GBP,paid,2026-05-28T15:15:00
se_005479,co_0601,renewal,Small,,2026-06-28,2026-06-28,,,monthly,84,200,200,GBP,paid,2026-06-28T09:02:00
se_005480,co_0602,trial_start,Medium,,,,,2026-03-21,monthly,217,0,0,GBP,not_applicable,2026-03-14T19:25:00
se_005481,co_0603,trial_start,Small,,,,,2024-07-14,monthly,107,0,0,GBP,not_applicable,2024-07-07T15:34:00
se_005482,co_0603,converted,Small,,2024-07-11,2024-07-11,,,monthly,107,200,200,GBP,paid,2024-07-11T08:56:00
se_005483,co_0603,renewal,Small,,2024-08-11,2024-08-11,,,monthly,107,200,200,GBP,paid,2024-08-11T13:13:00
se_005484,co_0603,renewal,Small,,2024-09-11,2024-09-11,,,monthly,107,200,200,GBP,paid,2024-09-11T18:51:00
se_005485,co_0603,renewal,Small,,2024-10-15,2024-10-11,,,monthly,107,200,200,GBP,paid,2024-10-11T10:21:00
se_005486,co_0603,renewal,Small,,2024-11-11,2024-11-11,,,monthly,107,200,200,GBP,paid,2024-11-11T17:34:00
se_005487,co_0603,renewal,Small,,2024-12-11,2024-12-11,,,monthly,107,200,200,GBP,paid,2024-12-11T18:10:00
se_005488,co_0603,renewal,Small,,2025-01-11,2025-01-11,,,monthly,107,200,200,GBP,paid,2025-01-11T16:37:00
se_005489,co_0603,renewal,Small,,2025-02-11,2025-02-11,,,monthly,107,200,200,GBP,paid,2025-02-11T18:31:00
se_005490,co_0603,renewal,Small,,2025-03-11,2025-03-11,,,monthly,107,200,200,GBP,paid,2025-03-11T14:05:00
se_005491,co_0603,renewal,Small,,2025-04-11,2025-04-11,,,monthly,107,200,200,GBP,paid,2025-04-11T14:15:00
se_005492,co_0603,renewal,Small,,2025-05-11,2025-05-11,,,monthly,107,200,200,GBP,paid,2025-05-11T18:40:00
se_005493,co_0603,renewal,Small,,2025-06-11,2025-06-11,,,monthly,107,200,200,GBP,paid,2025-06-11T08:52:00
se_005494,co_0603,renewal,Small,,2025-07-11,2025-07-11,,,monthly,107,200,200,GBP,paid,2025-07-11T18:20:00
se_005495,co_0603,renewal,Small,,2025-08-11,2025-08-11,,,monthly,107,200,200,GBP,paid,2025-08-11T16:19:00
se_005496,co_0603,renewal,Small,,2025-09-11,2025-09-11,,,monthly,107,200,200,GBP,paid,2025-09-11T15:32:00
se_005497,co_0603,renewal,Small,,2025-10-11,2025-10-11,,,monthly,107,200,200,GBP,paid,2025-10-11T17:17:00
se_005498,co_0603,renewal,Small,,2025-11-11,2025-11-11,,,monthly,107,200,200,GBP,paid,2025-11-11T12:21:00
se_005499,co_0603,renewal,Small,,2025-12-11,2025-12-11,,,monthly,107,200,200,GBP,paid,2025-12-11T12:04:00
se_005500,co_0603,renewal,Small,,2026-01-11,2026-01-11,,,monthly,107,200,200,GBP,paid,2026-01-11T10:09:00
se_005501,co_0603,renewal,Small,,2026-02-11,2026-02-11,,,monthly,107,200,200,GBP,paid,2026-02-11T10:26:00
se_005502,co_0603,renewal,Small,,2026-03-11,2026-03-11,,,monthly,107,200,200,GBP,paid,2026-03-11T18:13:00
se_005503,co_0603,renewal,Small,,2026-04-11,2026-04-11,,,monthly,107,200,200,GBP,paid,2026-04-11T10:37:00
se_005504,co_0603,renewal,Small,,2026-05-11,2026-05-11,,,monthly,107,200,200,GBP,paid,2026-05-11T15:51:00
se_005505,co_0603,renewal,Small,,2026-06-29,2026-06-11,,,monthly,107,200,200,GBP,paid,2026-06-11T17:40:00
se_005506,co_0604,trial_start,Small,,,,,2023-11-29,monthly,93,0,0,GBP,not_applicable,2023-11-22T09:06:00
se_005507,co_0604,converted,Small,,2023-11-29,2023-11-29,,,monthly,93,200,200,GBP,paid,2023-11-29T19:54:00
se_005508,co_0604,renewal,Small,,2023-12-29,2023-12-29,,,monthly,93,200,200,GBP,paid,2023-12-29T17:54:00
se_005509,co_0604,renewal,Small,,2024-01-29,2024-01-29,,,monthly,93,200,200,GBP,paid,2024-01-29T08:53:00
se_005510,co_0604,renewal,Small,,2024-02-29,2024-02-29,,,monthly,93,200,200,GBP,paid,2024-02-29T16:08:00
se_005511,co_0604,renewal,Small,,2024-03-29,2024-03-29,,,monthly,93,200,200,GBP,paid,2024-03-29T08:13:00
se_005512,co_0604,renewal,Small,,2024-04-29,2024-04-29,,,monthly,93,200,200,GBP,paid,2024-04-29T08:07:00
se_005513,co_0604,renewal,Small,,2024-05-29,2024-05-29,,,monthly,93,200,200,GBP,paid,2024-05-29T12:32:00
se_005514,co_0604,renewal,Small,,2024-06-29,2024-06-29,,,monthly,93,200,200,GBP,paid,2024-06-29T13:16:00
se_005515,co_0604,renewal,Small,,2024-07-29,2024-07-29,,,monthly,93,200,200,GBP,paid,2024-07-29T12:28:00
se_005516,co_0604,renewal,Small,,2024-09-05,2024-08-29,,,monthly,93,200,200,GBP,paid,2024-08-29T19:53:00
se_005517,co_0604,payment_failed,Small,,2024-09-29,2024-09-29,,,monthly,93,200,200,GBP,failed,2024-09-29T12:18:00
se_005518,co_0604,payment_recovered,Small,,2024-10-15,2024-10-15,,,monthly,93,200,200,GBP,paid,2024-10-15T15:16:00
se_005519,co_0604,renewal,Small,,2024-10-29,2024-10-29,,,monthly,93,200,200,GBP,paid,2024-10-29T19:07:00
se_005520,co_0604,renewal,Small,,2024-11-29,2024-11-29,,,monthly,93,200,200,GBP,paid,2024-11-29T15:55:00
se_005521,co_0604,renewal,Small,,2024-12-29,2024-12-29,,,monthly,93,200,200,GBP,paid,2024-12-29T15:54:00
se_005522,co_0604,renewal,Small,,2025-01-29,2025-01-29,,,monthly,93,200,200,GBP,paid,2025-01-29T10:34:00
se_005523,co_0604,renewal,Small,,2025-02-28,2025-02-28,,,monthly,93,200,200,GBP,paid,2025-02-28T17:31:00
se_005524,co_0604,renewal,Small,,2025-03-28,2025-03-28,,,monthly,93,200,200,GBP,paid,2025-03-28T18:13:00
se_005525,co_0604,renewal,Small,,2025-04-28,2025-04-28,,,monthly,93,200,200,GBP,paid,2025-04-28T18:22:00
se_005526,co_0604,renewal,Small,,2025-05-28,2025-05-28,,,monthly,93,200,200,GBP,paid,2025-05-28T17:56:00
se_005527,co_0604,renewal,Small,,2025-06-28,2025-06-28,,,monthly,93,200,200,GBP,paid,2025-06-28T14:56:00
se_005528,co_0604,renewal,Small,,2025-07-28,2025-07-28,,,monthly,93,200,200,GBP,paid,2025-07-28T09:33:00
se_005529,co_0604,renewal,Small,,2025-08-28,2025-08-28,,,monthly,93,200,200,GBP,paid,2025-08-28T09:55:00
se_005530,co_0604,renewal,Small,,2025-10-03,2025-09-28,,,monthly,93,200,200,GBP,paid,2025-09-28T11:08:00
se_005531,co_0604,renewal,Small,,2025-10-28,2025-10-28,,,monthly,93,200,200,GBP,paid,2025-10-28T15:31:00
se_005532,co_0604,renewal,Small,,2025-11-28,2025-11-28,,,monthly,93,200,200,GBP,paid,2025-11-28T13:49:00
se_005533,co_0604,renewal,Small,,2025-12-28,2025-12-28,,,monthly,93,200,200,GBP,paid,2025-12-28T15:00:00
se_005534,co_0604,renewal,Small,,2026-01-28,2026-01-28,,,monthly,93,200,200,GBP,paid,2026-01-28T09:25:00
se_005535,co_0604,renewal,Small,,2026-02-28,2026-02-28,,,monthly,93,200,200,GBP,paid,2026-02-28T17:23:00
se_005536,co_0604,renewal,Small,,2026-03-28,2026-03-28,,,monthly,93,200,200,GBP,paid,2026-03-28T12:24:00
se_005537,co_0604,renewal,Small,,2026-04-28,2026-04-28,,,monthly,93,200,200,GBP,paid,2026-04-28T13:25:00
se_005538,co_0604,renewal,Small,,2026-05-28,2026-05-28,,,monthly,93,200,200,GBP,paid,2026-05-28T18:17:00
se_005539,co_0604,renewal,Small,,2026-06-28,2026-06-28,,,monthly,93,200,200,GBP,paid,2026-06-28T16:20:00
se_005540,co_0605,trial_start,Small,,,,,2024-10-28,annual,93,0,0,GBP,not_applicable,2024-10-21T10:29:00
se_005541,co_0605,converted,Small,,2024-10-24,2024-10-24,,,annual,93,200,2400,GBP,paid,2024-10-24T09:37:00
se_005542,co_0605,renewal,Small,,2025-10-24,2025-10-24,,,annual,93,200,2400,GBP,paid,2025-10-24T15:14:00
se_005543,co_0606,trial_start,Medium,,,,,2026-04-01,monthly,188,0,0,GBP,not_applicable,2026-03-25T14:37:00
se_005544,co_0607,trial_start,Medium,,,,,2024-10-30,monthly,124,0,0,GBP,not_applicable,2024-10-23T11:23:00
se_005545,co_0607,converted,Medium,,2024-11-01,2024-11-01,,,monthly,124,750,750,GBP,paid,2024-11-01T11:01:00
se_005546,co_0607,renewal,Medium,,2024-12-01,2024-12-01,,,monthly,124,750,750,GBP,paid,2024-12-01T10:54:00
se_005547,co_0607,renewal,Medium,,2025-01-13,2025-01-01,,,monthly,124,750,750,GBP,paid,2025-01-01T10:46:00
se_005548,co_0607,renewal,Medium,,2025-02-01,2025-02-01,,,monthly,124,750,750,GBP,paid,2025-02-01T16:51:00
se_005549,co_0607,payment_failed,Medium,,2025-03-01,2025-03-01,,,monthly,124,750,750,GBP,failed,2025-03-01T19:05:00
se_005550,co_0607,payment_recovered,Medium,,2025-03-10,2025-03-10,,,monthly,124,750,750,GBP,paid,2025-03-10T15:08:00
se_005551,co_0607,renewal,Medium,,2025-04-01,2025-04-01,,,monthly,124,750,750,GBP,paid,2025-04-01T11:46:00
se_005552,co_0607,payment_failed,Medium,,2025-05-01,2025-05-01,,,monthly,124,750,750,GBP,failed,2025-05-01T09:23:00
se_005553,co_0607,payment_recovered,Medium,,2025-05-19,2025-05-13,,,monthly,124,750,750,GBP,paid,2025-05-13T15:14:00
se_005554,co_0607,renewal,Medium,,2025-06-01,2025-06-01,,,monthly,124,750,750,GBP,paid,2025-06-01T11:27:00
se_005555,co_0607,renewal,Medium,,2025-07-01,2025-07-01,,,monthly,124,750,750,GBP,paid,2025-07-01T18:17:00
se_005556,co_0607,renewal,medium,,2025-08-01,2025-08-01,,,monthly,124,750,750,GBP,paid,2025-08-01T15:47:00
se_005557,co_0607,renewal,Medium,,2025-09-01,2025-09-01,,,monthly,124,750,750,GBP,paid,2025-09-01T13:01:00
se_005558,co_0607,renewal,Medium,,2025-10-17,2025-10-01,,,monthly,124,750,750,GBP,paid,2025-10-01T13:31:00
se_005559,co_0607,renewal,Medium,,2025-11-01,2025-11-01,,,monthly,124,750,750,GBP,paid,2025-11-01T11:26:00
se_005560,co_0607,renewal,Medium,,2025-12-01,2025-12-01,,,monthly,124,750,750,GBP,paid,2025-12-01T19:22:00
se_005561,co_0607,renewal,Medium,,2026-01-01,2026-01-01,,,monthly,124,750,750,GBP,paid,2026-01-01T14:12:00
se_005562,co_0607,renewal,Medium,,2026-02-01,2026-02-01,,,monthly,124,750,750,GBP,paid,2026-02-01T19:49:00
se_005563,co_0607,payment_failed,Medium,,2026-03-01,2026-03-01,,,monthly,124,750,750,GBP,failed,2026-03-01T15:20:00
se_005564,co_0607,payment_recovered,Medium,,2026-03-11,2026-03-11,,,monthly,124,750,750,GBP,paid,2026-03-11T10:46:00
se_005565,co_0607,renewal,Medium,,2026-04-01,2026-04-01,,,monthly,124,750,750,GBP,paid,2026-04-01T15:49:00
se_005566,co_0607,renewal,Medium,,2026-05-01,2026-05-01,,,monthly,124,750,750,GBP,paid,2026-05-01T16:25:00
se_005567,co_0607,renewal,Medium,,2026-06-01,2026-06-01,,,monthly,124,750,750,GBP,paid,2026-06-01T12:09:00
se_005568,co_0608,trial_start,Medium,,,,,2024-01-07,annual,260,0,0,GBP,not_applicable,2023-12-31T13:23:00
se_005569,co_0608,converted,Medium,,2024-01-04,2024-01-04,,,annual,260,750,9000,GBP,paid,2024-01-04T11:51:00
se_005570,co_0608,renewal,Medium,,2025-01-04,2025-01-04,,,annual,260,750,9000,GBP,paid,2025-01-04T17:01:00
se_005571,co_0608,renewal,Medium,,2026-01-14,2026-01-04,,,annual,260,750,9000,GBP,paid,2026-01-04T16:17:00
se_005572,co_0609,trial_start,Small,,,,,2025-07-07,annual,108,0,0,GBP,not_applicable,2025-06-30T16:31:00
se_005573,co_0609,converted,Small,,2025-07-07,2025-07-07,,,annual,108,200,2400,GBP,paid,2025-07-07T08:19:00
se_005574,co_0610,trial_start,Small,,,,,2024-01-29,monthly,46,0,0,GBP,not_applicable,2024-01-22T09:11:00
se_005575,co_0610,converted,Small,,2024-01-27,2024-01-27,,,monthly,46,200,200,GBP,paid,2024-01-27T16:03:00
se_005576,co_0610,renewal,Small,,2024-02-27,2024-02-27,,,monthly,46,200,200,GBP,paid,2024-02-27T13:31:00
se_005577,co_0610,renewal,Small,,2024-03-27,2024-03-27,,,monthly,46,200,200,GBP,paid,2024-03-27T15:33:00
se_005578,co_0610,renewal,Small,,2024-04-27,2024-04-27,,,monthly,46,200,200,GBP,paid,2024-04-27T16:44:00
se_005579,co_0610,renewal,Small,,2024-05-27,2024-05-27,,,monthly,46,200,200,GBP,paid,2024-05-27T15:28:00
se_005580,co_0610,renewal,Small,,2024-06-27,2024-06-27,,,monthly,46,200,200,GBP,paid,2024-06-27T12:12:00
se_005581,co_0610,renewal,Small,,2024-07-27,2024-07-27,,,monthly,46,200,200,GBP,paid,2024-07-27T16:15:00
se_005582,co_0610,renewal,Small,,2024-08-27,2024-08-27,,,monthly,46,200,200,GBP,paid,2024-08-27T09:38:00
se_005583,co_0610,renewal,Small,,2024-09-27,2024-09-27,,,monthly,46,200,200,GBP,paid,2024-09-27T14:20:00
se_005584,co_0610,renewal,Small,,2024-10-27,2024-10-27,,,monthly,46,200,200,GBP,paid,2024-10-27T17:35:00
se_005585,co_0610,renewal,Small,,2024-11-27,2024-11-27,,,monthly,46,200,200,GBP,paid,2024-11-27T10:09:00
se_005586,co_0610,renewal,Small,,2024-12-27,2024-12-27,,,monthly,46,200,200,GBP,paid,2024-12-27T12:48:00
se_005587,co_0610,renewal,Small,,2025-01-27,2025-01-27,,,monthly,46,200,200,GBP,paid,2025-01-27T13:29:00
se_005588,co_0610,renewal,Small,,2025-02-27,2025-02-27,,,monthly,46,200,200,GBP,paid,2025-02-27T14:55:00
se_005589,co_0610,renewal,Small,,2025-03-27,2025-03-27,,,monthly,46,200,200,GBP,paid,2025-03-27T18:22:00
se_005590,co_0610,renewal,Small,,2025-04-27,2025-04-27,,,monthly,46,200,200,GBP,paid,2025-04-27T11:26:00
se_005591,co_0610,renewal,Small,,2025-05-27,2025-05-27,,,monthly,46,200,200,GBP,paid,2025-05-27T18:10:00
se_005592,co_0610,renewal,Small,,2025-06-27,2025-06-27,,,monthly,46,200,200,GBP,paid,2025-06-27T12:47:00
se_005593,co_0610,renewal,Small,,2025-07-27,2025-07-27,,,monthly,46,200,200,GBP,paid,2025-07-27T16:14:00
se_005594,co_0610,renewal,Small,,2025-08-27,2025-08-27,,,monthly,46,200,200,GBP,paid,2025-08-27T09:45:00
se_005595,co_0610,renewal,Small,,2025-09-27,2025-09-27,,,monthly,46,200,200,GBP,paid,2025-09-27T14:52:00
se_005596,co_0610,renewal,Small,,2025-10-27,2025-10-27,,,monthly,46,200,200,GBP,paid,2025-10-27T11:51:00
se_005597,co_0610,renewal,Small,,2025-11-27,2025-11-27,,,monthly,46,200,200,GBP,paid,2025-11-27T19:17:00
se_005598,co_0610,renewal,Small,,2025-12-27,2025-12-27,,,monthly,46,200,200,GBP,paid,2025-12-27T15:11:00
se_005599,co_0610,renewal,Small,,2026-01-27,2026-01-27,,,monthly,46,200,200,GBP,paid,2026-01-27T19:25:00
se_005600,co_0610,payment_failed,Small,,2026-02-27,2026-02-27,,,monthly,46,200,200,GBP,failed,2026-02-27T11:25:00
se_005601,co_0610,payment_recovered,Small,,2026-03-16,2026-03-16,,,monthly,46,200,200,GBP,paid,2026-03-16T15:47:00
se_005602,co_0610,renewal,Small,,2026-03-27,2026-03-27,,,monthly,46,200,200,GBP,paid,2026-03-27T14:43:00
se_005603,co_0610,renewal,Small,,2026-04-27,2026-04-27,,,monthly,46,200,200,GBP,paid,2026-04-27T16:40:00
se_005604,co_0610,renewal,Small,,2026-05-27,2026-05-27,,,monthly,46,200,200,GBP,paid,2026-05-27T12:01:00
se_005605,co_0610,renewal,Small,,2026-06-27,2026-06-27,,,monthly,46,200,200,GBP,paid,2026-06-27T19:42:00
se_005606,co_0611,trial_start,Medium,,,,,2025-03-18,annual,146,0,0,GBP,not_applicable,2025-03-11T15:25:00
se_005607,co_0612,trial_start,Small,,,,,2024-09-13,monthly,48,0,0,GBP,not_applicable,2024-09-06T12:15:00
se_005608,co_0612,converted,Small,,2024-09-09,2024-09-09,,,monthly,48,200,200,GBP,paid,2024-09-09T17:11:00
se_005609,co_0612,renewal,Small,,2024-10-09,2024-10-09,,,monthly,48,200,200,GBP,paid,2024-10-09T09:18:00
se_005610,co_0612,renewal,Small,,2024-11-09,2024-11-09,,,monthly,48,200,200,GBP,paid,2024-11-09T10:01:00
se_005611,co_0612,renewal,Small,,2024-12-09,2024-12-09,,,monthly,48,200,200,GBP,paid,2024-12-09T13:08:00
se_005612,co_0612,renewal,Small,,2025-01-09,2025-01-09,,,monthly,48,200,200,GBP,paid,2025-01-09T15:10:00
se_005613,co_0612,renewal,Small,,2025-02-09,2025-02-09,,,monthly,48,200,200,GBP,paid,2025-02-09T09:45:00
se_005614,co_0612,renewal,Small,,2025-03-21,2025-03-09,,,monthly,48,200,200,GBP,paid,2025-03-09T10:50:00
se_005615,co_0612,cancellation_scheduled,Small,,,2025-02-06,,,monthly,48,200,200,GBP,not_applicable,2025-02-06T10:56:00
se_005616,co_0612,voluntary_churn,Small,,,2025-03-14,2025-03-14,,monthly,48,200,0,GBP,not_applicable,2025-03-14T19:22:00
se_005617,co_0613,trial_start,Small,,,,,2025-04-16,monthly,24,0,0,GBP,not_applicable,2025-04-09T16:29:00
se_005618,co_0614,trial_start,Medium,,,,,2024-12-19,monthly,169,0,0,GBP,not_applicable,2024-12-12T13:41:00
se_005619,co_0614,converted,Medium,,2024-12-18,2024-12-18,,,monthly,169,750,750,GBP,paid,2024-12-18T08:42:00
se_005620,co_0614,renewal,Medium,,2025-01-18,2025-01-18,,,monthly,169,750,750,GBP,paid,2025-01-18T11:31:00
se_005621,co_0614,renewal,Medium,,2025-02-18,2025-02-18,,,monthly,169,750,750,GBP,paid,2025-02-18T16:05:00
se_005622,co_0614,renewal,Medium,,2025-03-18,2025-03-18,,,monthly,169,750,750,GBP,paid,2025-03-18T17:38:00
se_005623,co_0614,renewal,Medium,,2025-05-05,2025-04-18,,,monthly,169,750,750,GBP,paid,2025-04-18T16:02:00
se_005624,co_0614,renewal,Medium,,2025-05-18,2025-05-18,,,monthly,169,750,750,GBP,paid,2025-05-18T09:11:00
se_005625,co_0614,renewal,Medium,,2025-06-18,2025-06-18,,,monthly,169,750,750,GBP,paid,2025-06-18T15:37:00
se_005626,co_0614,renewal,Medium,,2025-07-18,2025-07-18,,,monthly,169,750,750,GBP,paid,2025-07-18T14:23:00
se_005627,co_0614,renewal,Medium,,2025-08-18,2025-08-18,,,monthly,169,750,750,GBP,paid,2025-08-18T17:33:00
se_005628,co_0614,renewal,Medium,,2025-09-18,2025-09-18,,,monthly,169,750,750,GBP,paid,2025-09-18T14:50:00
se_005629,co_0614,renewal,Medium,,2025-10-18,2025-10-18,,,monthly,169,750,750,GBP,paid,2025-10-18T13:28:00
se_005630,co_0614,renewal,Medium,,2025-11-18,2025-11-18,,,monthly,169,750,750,GBP,paid,2025-11-18T16:04:00
se_005631,co_0614,renewal,Medium,,2025-12-18,2025-12-18,,,monthly,169,750,750,GBP,paid,2025-12-18T13:03:00
se_005632,co_0614,renewal,Medium,,2026-01-18,2026-01-18,,,monthly,169,750,750,GBP,paid,2026-01-18T11:42:00
se_005633,co_0614,renewal,Medium,,2026-02-18,2026-02-18,,,monthly,169,750,750,GBP,paid,2026-02-18T12:50:00
se_005634,co_0614,renewal,Medium,,2026-03-18,2026-03-18,,,monthly,169,750,750,GBP,paid,2026-03-18T16:01:00
se_005635,co_0614,renewal,Medium,,2026-04-18,2026-04-18,,,monthly,169,750,750,GBP,paid,2026-04-18T13:45:00
se_005636,co_0614,renewal,Medium,,2026-05-18,2026-05-18,,,monthly,169,750,750,GBP,paid,2026-05-18T08:44:00
se_005637,co_0614,renewal,Medium,,2026-06-18,2026-06-18,,,monthly,169,750,750,GBP,paid,2026-06-18T15:23:00
se_005638,co_0615,trial_start,Small,,,,,2024-11-08,annual,18,0,0,GBP,not_applicable,2024-11-01T19:19:00
se_005639,co_0616,trial_start,Large,,,,,2023-09-14,monthly,723,0,0,GBP,not_applicable,2023-09-07T14:55:00
se_005640,co_0616,converted,Large,,2023-09-10,2023-09-10,,,monthly,723,1500,1500,GBP,paid,2023-09-10T12:55:00
se_005641,co_0616,renewal,Large,,2023-10-10,2023-10-10,,,monthly,723,1500,1500,GBP,paid,2023-10-10T16:37:00
se_005642,co_0616,renewal,Large,,2023-11-10,2023-11-10,,,monthly,723,1500,1500,GBP,paid,2023-11-10T08:30:00
se_005643,co_0616,renewal,Large,,2023-12-10,2023-12-10,,,monthly,723,1500,1500,GBP,paid,2023-12-10T11:08:00
se_005644,co_0616,renewal,Large,,2024-01-10,2024-01-10,,,monthly,723,1500,1500,GBP,paid,2024-01-10T18:30:00
se_005645,co_0616,renewal,Large,,2024-02-10,2024-02-10,,,monthly,723,1500,1500,GBP,paid,2024-02-10T10:47:00
se_005646,co_0616,renewal,Large,,2024-03-10,2024-03-10,,,monthly,723,1500,1500,GBP,paid,2024-03-10T18:47:00
se_005647,co_0616,renewal,Large,,2024-04-10,2024-04-10,,,monthly,723,1500,1500,GBP,paid,2024-04-10T17:33:00
se_005648,co_0616,renewal,Large,,2024-05-10,2024-05-10,,,monthly,723,1500,1500,GBP,paid,2024-05-10T15:55:00
se_005649,co_0616,renewal,Large,,2024-06-10,2024-06-10,,,monthly,723,1500,1500,GBP,paid,2024-06-10T09:38:00
se_005650,co_0616,renewal,Large,,2024-07-10,2024-07-10,,,monthly,723,1500,1500,GBP,paid,2024-07-10T10:25:00
se_005651,co_0616,renewal,Large,,2024-08-10,2024-08-10,,,monthly,723,1500,1500,GBP,paid,2024-08-10T15:55:00
se_005652,co_0616,renewal,Large,,2024-09-10,2024-09-10,,,monthly,723,1500,1500,GBP,paid,2024-09-10T14:50:00
se_005653,co_0616,renewal,Large,,2024-10-31,2024-10-10,,,monthly,723,1500,1500,GBP,paid,2024-10-10T11:47:00
se_005654,co_0616,renewal,Large,,2024-11-10,2024-11-10,,,monthly,723,1500,1500,GBP,paid,2024-11-10T19:12:00
se_005655,co_0616,renewal,Large,,2024-12-10,2024-12-10,,,monthly,723,1500,1500,GBP,paid,2024-12-10T09:48:00
se_005656,co_0616,renewal,Large,,2025-01-10,2025-01-10,,,monthly,723,1500,1500,GBP,paid,2025-01-10T10:23:00
se_005657,co_0616,renewal,Large,,2025-02-10,2025-02-10,,,monthly,723,1500,1500,GBP,paid,2025-02-10T13:55:00
se_005658,co_0616,renewal,Large,,2025-03-10,2025-03-10,,,monthly,723,1500,1500,GBP,paid,2025-03-10T17:29:00
se_005659,co_0616,renewal,Large,,2025-04-10,2025-04-10,,,monthly,723,1500,1500,GBP,paid,2025-04-10T08:37:00
se_005660,co_0616,renewal,Large,,2025-05-10,2025-05-10,,,monthly,723,1500,1500,GBP,paid,2025-05-10T17:45:00
se_005661,co_0616,renewal,Large,,2025-06-10,2025-06-10,,,monthly,723,1500,1500,GBP,paid,2025-06-10T19:18:00
se_005662,co_0616,renewal,large,,2025-07-10,2025-07-10,,,monthly,723,1500,1500,GBP,paid,2025-07-10T17:07:00
se_005663,co_0616,renewal,Large,,2025-08-10,2025-08-10,,,monthly,723,1500,1500,GBP,paid,2025-08-10T19:13:00
se_005664,co_0616,renewal,Large,,2025-09-10,2025-09-10,,,monthly,723,1500,1500,GBP,paid,2025-09-10T12:38:00
se_005665,co_0616,renewal,Large,,2025-10-14,2025-10-10,,,monthly,723,1500,1500,GBP,paid,2025-10-10T18:45:00
se_005666,co_0616,renewal,Large,,2025-11-10,2025-11-10,,,monthly,723,1500,1500,GBP,paid,2025-11-10T13:24:00
se_005667,co_0616,renewal,Large,,2025-12-13,2025-12-10,,,monthly,723,1500,1500,GBP,paid,2025-12-10T14:50:00
se_005668,co_0616,renewal,Large,,2026-01-10,2026-01-10,,,monthly,723,1500,1500,GBP,paid,2026-01-10T16:45:00
se_005669,co_0616,renewal,Large,,2026-02-10,2026-02-10,,,monthly,723,1500,1500,GBP,paid,2026-02-10T14:01:00
se_005670,co_0616,renewal,Large,,2026-03-10,2026-03-10,,,monthly,723,1500,1500,GBP,paid,2026-03-10T17:59:00
se_005671,co_0616,renewal,Large,,2026-04-17,2026-04-10,,,monthly,723,1500,1500,GBP,paid,2026-04-10T19:16:00
se_005672,co_0616,renewal,Large,,2026-05-10,2026-05-10,,,monthly,723,1500,1500,GBP,paid,2026-05-10T14:36:00
se_005673,co_0616,renewal,Large,,2026-06-10,2026-06-10,,,monthly,723,1500,1500,GBP,paid,2026-06-10T09:13:00
se_005674,co_0617,trial_start,Small,,,,,2024-06-07,monthly,113,0,0,GBP,not_applicable,2024-05-31T09:04:00
se_005675,co_0617,converted,Small,,2024-06-03,2024-06-03,,,monthly,113,200,200,GBP,paid,2024-06-03T16:27:00
se_005676,co_0617,renewal,Small,,2024-07-03,2024-07-03,,,monthly,113,200,200,GBP,paid,2024-07-03T12:19:00
se_005677,co_0617,renewal,Small,,2024-08-03,2024-08-03,,,monthly,113,200,200,GBP,paid,2024-08-03T10:24:00
se_005678,co_0617,renewal,Small,,2024-09-03,2024-09-03,,,monthly,113,200,200,GBP,paid,2024-09-03T08:02:00
se_005679,co_0617,renewal,Small,,2024-10-15,2024-10-03,,,monthly,113,200,200,GBP,paid,2024-10-03T15:04:00
se_005680,co_0617,renewal,Small,,2024-11-15,2024-11-03,,,monthly,113,200,200,GBP,paid,2024-11-03T19:23:00
se_005681,co_0617,renewal,Small,,2024-12-03,2024-12-03,,,monthly,113,200,200,GBP,paid,2024-12-03T12:48:00
se_005682,co_0617,renewal,Small,,2025-01-03,2025-01-03,,,monthly,113,200,200,GBP,paid,2025-01-03T15:04:00
se_005683,co_0617,renewal,Small,,2025-02-10,2025-02-03,,,monthly,113,200,200,GBP,paid,2025-02-03T15:51:00
se_005684,co_0617,renewal,Small,,2025-03-03,2025-03-03,,,monthly,113,200,200,GBP,paid,2025-03-03T18:34:00
se_005685,co_0617,renewal,Small,,2025-04-03,2025-04-03,,,monthly,113,200,200,GBP,paid,2025-04-03T11:33:00
se_005686,co_0617,renewal,Small,,2025-05-03,2025-05-03,,,monthly,113,200,200,GBP,paid,2025-05-03T12:08:00
se_005687,co_0617,renewal,Small,,2025-06-03,2025-06-03,,,monthly,113,200,200,GBP,paid,2025-06-03T13:26:00
se_005688,co_0617,renewal,Small,,2025-07-22,2025-07-03,,,monthly,113,200,200,GBP,paid,2025-07-03T18:30:00
se_005689,co_0617,renewal,Small,,,2025-08-03,,,monthly,113,200,200,GBP,paid,2025-08-03T13:24:00
se_005690,co_0617,renewal,Small,,2025-09-03,2025-09-03,,,monthly,113,200,200,GBP,paid,2025-09-03T17:17:00
se_005691,co_0617,renewal,Small,,2025-10-03,2025-10-03,,,monthly,113,200,200,GBP,paid,2025-10-03T10:46:00
se_005692,co_0617,renewal,Small,,2025-11-03,2025-11-03,,,monthly,113,200,200,GBP,paid,2025-11-03T19:17:00
se_005693,co_0617,renewal,Small,,2025-12-03,2025-12-03,,,monthly,113,200,200,GBP,paid,2025-12-03T08:35:00
se_005694,co_0617,renewal,Small,,2026-01-17,2026-01-03,,,monthly,113,200,200,GBP,paid,2026-01-03T09:44:00
se_005695,co_0617,renewal,Small,,2026-02-03,2026-02-03,,,monthly,113,200,200,GBP,paid,2026-02-03T08:16:00
se_005696,co_0617,renewal,Small,,2026-03-03,2026-03-03,,,monthly,113,200,200,GBP,paid,2026-03-03T11:49:00
se_005697,co_0617,renewal,Small,,2026-04-03,2026-04-03,,,monthly,113,200,200,GBP,paid,2026-04-03T19:49:00
se_005698,co_0617,renewal,Small,,2026-05-03,2026-05-03,,,monthly,113,200,200,GBP,paid,2026-05-03T09:42:00
se_005699,co_0617,renewal,Small,,2026-06-03,2026-06-03,,,monthly,113,200,200,GBP,paid,2026-06-03T19:54:00
se_005700,co_0618,trial_start,Small,,,,,2024-04-10,annual,38,0,0,GBP,not_applicable,2024-04-03T19:08:00
se_005701,co_0619,trial_start,Small,,,,,2024-09-22,monthly,55,0,0,GBP,not_applicable,2024-09-15T14:14:00
se_005702,co_0620,trial_start,Medium,,,,,2025-08-27,annual,133,0,0,GBP,not_applicable,2025-08-20T11:23:00
se_005703,co_0621,trial_start,Medium,,,,,2026-03-11,monthly,265,0,0,GBP,not_applicable,2026-03-04T16:29:00
se_005704,co_0622,trial_start,Medium,,,,,2025-05-26,annual,157,0,0,GBP,not_applicable,2025-05-19T16:34:00
se_005705,co_0622,converted,Medium,,2025-05-23,2025-05-23,,,annual,157,750,9000,GBP,paid,2025-05-23T13:39:00
se_005706,co_0622,renewal,Medium,,2026-05-23,2026-05-23,,,annual,157,750,9000,GBP,paid,2026-05-23T15:02:00
se_005707,co_0623,trial_start,Small,,,,,2026-01-16,monthly,57,0,0,GBP,not_applicable,2026-01-09T10:51:00
se_005708,co_0623,converted,Small,,2026-01-13,2026-01-13,,,monthly,57,200,200,GBP,paid,2026-01-13T11:59:00
se_005709,co_0623,renewal,Small,,2026-02-13,2026-02-13,,,monthly,57,200,200,GBP,paid,2026-02-13T12:28:00
se_005710,co_0623,renewal,Small,,2026-03-13,2026-03-13,,,monthly,57,200,200,GBP,paid,2026-03-13T16:40:00
se_005711,co_0623,renewal,Small,,2026-04-13,2026-04-13,,,monthly,57,200,200,GBP,paid,2026-04-13T08:16:00
se_005712,co_0623,renewal,Small,,2026-05-20,2026-05-13,,,monthly,57,200,200,GBP,paid,2026-05-13T17:48:00
se_005713,co_0623,renewal,Small,,2026-06-13,2026-06-13,,,monthly,57,200,200,GBP,paid,2026-06-13T17:21:00
se_005714,co_0624,trial_start,Small,,,,,2026-05-20,annual,89,0,0,GBP,not_applicable,2026-05-13T12:04:00
se_005715,co_0624,converted,Small,,2026-05-16,2026-05-16,,,annual,89,200,2400,GBP,paid,2026-05-16T19:07:00
se_005716,co_0625,trial_start,Small,,,,,2025-02-15,annual,66,0,0,GBP,not_applicable,2025-02-08T09:41:00
se_005717,co_0626,trial_start,Small,,,,,2024-09-30,annual,82,0,0,GBP,not_applicable,2024-09-23T13:02:00
se_005718,co_0626,converted,Small,,2024-09-28,2024-09-28,,,annual,82,200,2400,GBP,paid,2024-09-28T17:36:00
se_005719,co_0626,renewal,Small,,2025-09-28,2025-09-28,,,annual,82,200,2400,GBP,paid,2025-09-28T09:38:00
se_005720,co_0627,trial_start,Small,,,,,2024-06-27,monthly,99,0,0,GBP,not_applicable,2024-06-20T08:24:00
se_005721,co_0627,converted,Small,,2024-06-28,2024-06-28,,,monthly,99,200,200,GBP,paid,2024-06-28T13:12:00
se_005722,co_0627,renewal,Small,,2024-07-28,2024-07-28,,,monthly,99,200,200,GBP,paid,2024-07-28T14:22:00
se_005723,co_0627,renewal,Small,,2024-08-28,2024-08-28,,,monthly,99,200,200,GBP,paid,2024-08-28T09:15:00
se_005724,co_0627,renewal,Small,,2024-09-28,2024-09-28,,,monthly,99,200,200,GBP,paid,2024-09-28T12:50:00
se_005725,co_0627,renewal,Small,,,2024-10-28,,,monthly,99,200,200,GBP,paid,2024-10-28T10:32:00
se_005726,co_0627,renewal,Small,,2024-11-28,2024-11-28,,,monthly,99,200,200,GBP,paid,2024-11-28T15:40:00
se_005727,co_0627,renewal,Small,,2024-12-28,2024-12-28,,,monthly,99,200,200,GBP,paid,2024-12-28T18:10:00
se_005728,co_0627,renewal,Small,,2025-01-28,2025-01-28,,,monthly,99,200,200,GBP,paid,2025-01-28T08:28:00
se_005729,co_0627,renewal,Small,,2025-02-28,2025-02-28,,,monthly,99,200,200,GBP,paid,2025-02-28T10:25:00
se_005730,co_0627,renewal,Small,,2025-03-28,2025-03-28,,,monthly,99,200,200,GBP,paid,2025-03-28T08:09:00
se_005731,co_0627,renewal,Small,,2025-05-02,2025-04-28,,,monthly,99,200,200,GBP,paid,2025-04-28T08:53:00
se_005732,co_0627,renewal,Small,,2025-05-28,2025-05-28,,,monthly,99,200,200,GBP,paid,2025-05-28T13:37:00
se_005733,co_0627,renewal,Small,,2025-06-28,2025-06-28,,,monthly,99,200,200,GBP,paid,2025-06-28T11:23:00
se_005734,co_0627,renewal,Small,,2025-07-28,2025-07-28,,,monthly,99,200,200,GBP,paid,2025-07-28T14:30:00
se_005735,co_0627,renewal,Small,,2025-08-28,2025-08-28,,,monthly,99,200,200,GBP,paid,2025-08-28T13:02:00
se_005736,co_0627,renewal,Small,,2025-09-28,2025-09-28,,,monthly,99,200,200,GBP,paid,2025-09-28T11:36:00
se_005737,co_0627,cancellation_scheduled,Small,,,2025-09-01,,,monthly,99,200,200,GBP,not_applicable,2025-09-01T19:10:00
se_005738,co_0627,voluntary_churn,Small,,,2025-10-12,2025-10-12,,monthly,99,200,0,GBP,not_applicable,2025-10-12T16:56:00
se_005739,co_0628,trial_start,Medium,,,,,2023-12-10,monthly,171,0,0,GBP,not_applicable,2023-12-03T15:41:00
se_005740,co_0628,converted,Medium,,2023-12-08,2023-12-08,,,monthly,171,750,750,GBP,paid,2023-12-08T15:59:00
se_005741,co_0628,renewal,Medium,,2024-01-08,2024-01-08,,,monthly,171,750,750,GBP,paid,2024-01-08T09:43:00
se_005742,co_0628,renewal,Medium,,2024-02-08,2024-02-08,,,monthly,171,750,750,GBP,paid,2024-02-08T08:36:00
se_005743,co_0628,renewal,Medium,,2024-03-08,2024-03-08,,,monthly,171,750,750,GBP,paid,2024-03-08T14:41:00
se_005744,co_0628,renewal,Medium,,2024-04-08,2024-04-08,,,monthly,171,750,750,GBP,paid,2024-04-08T15:56:00
se_005745,co_0628,renewal,Medium,,2024-05-08,2024-05-08,,,monthly,171,750,750,GBP,paid,2024-05-08T16:33:00
se_005746,co_0628,renewal,Medium,,2024-06-08,2024-06-08,,,monthly,171,750,750,GBP,paid,2024-06-08T13:02:00
se_005747,co_0628,renewal,Medium,,,2024-07-08,,,monthly,171,750,750,GBP,paid,2024-07-08T14:13:00
se_005748,co_0628,renewal,Medium,,2024-08-08,2024-08-08,,,monthly,171,750,750,GBP,paid,2024-08-08T16:09:00
se_005749,co_0628,renewal,Medium,,2024-09-08,2024-09-08,,,monthly,171,750,750,GBP,paid,2024-09-08T12:05:00
se_005750,co_0628,renewal,Medium,,2024-10-08,2024-10-08,,,monthly,171,750,750,GBP,paid,2024-10-08T19:59:00
se_005751,co_0628,renewal,Medium,,2024-11-08,2024-11-08,,,monthly,171,750,750,GBP,paid,2024-11-08T11:21:00
se_005752,co_0628,renewal,Medium,,2024-12-08,2024-12-08,,,monthly,171,750,750,GBP,paid,2024-12-08T16:51:00
se_005753,co_0628,renewal,Medium,,2025-01-08,2025-01-08,,,monthly,171,750,750,GBP,paid,2025-01-08T13:53:00
se_005754,co_0628,renewal,Medium,,2025-02-08,2025-02-08,,,monthly,171,750,750,GBP,paid,2025-02-08T10:11:00
se_005755,co_0628,renewal,Medium,,2025-03-08,2025-03-08,,,monthly,171,750,750,GBP,paid,2025-03-08T13:29:00
se_005756,co_0628,renewal,Medium,,2025-04-08,2025-04-08,,,monthly,171,750,750,GBP,paid,2025-04-08T08:58:00
se_005757,co_0628,renewal,Medium,,2025-05-08,2025-05-08,,,monthly,171,750,750,GBP,paid,2025-05-08T10:42:00
se_005758,co_0628,renewal,Medium,,2025-06-14,2025-06-08,,,monthly,171,750,750,GBP,paid,2025-06-08T14:16:00
se_005759,co_0628,renewal,Medium,,2025-07-08,2025-07-08,,,monthly,171,750,750,GBP,paid,2025-07-08T08:28:00
se_005760,co_0628,renewal,Medium,,2025-08-08,2025-08-08,,,monthly,171,750,750,GBP,paid,2025-08-08T12:13:00
se_005761,co_0628,renewal,Medium,,2025-09-08,2025-09-08,,,monthly,171,750,750,GBP,paid,2025-09-08T08:02:00
se_005762,co_0628,renewal,Medium,,2025-10-08,2025-10-08,,,monthly,171,750,750,GBP,paid,2025-10-08T17:35:00
se_005763,co_0628,renewal,Medium,,2025-11-08,2025-11-08,,,monthly,171,750,750,GBP,paid,2025-11-08T15:02:00
se_005764,co_0628,renewal,Medium,,2025-12-08,2025-12-08,,,monthly,171,750,750,GBP,paid,2025-12-08T13:18:00
se_005765,co_0628,renewal,Medium,,2026-01-08,2026-01-08,,,monthly,171,750,750,GBP,paid,2026-01-08T14:09:00
se_005766,co_0628,renewal,medium,,2026-02-08,2026-02-08,,,monthly,171,750,750,GBP,paid,2026-02-08T14:00:00
se_005767,co_0628,renewal,Medium,,2026-03-08,2026-03-08,,,monthly,171,750,750,GBP,paid,2026-03-08T12:30:00
se_005768,co_0628,renewal,Medium,,2026-04-08,2026-04-08,,,monthly,171,750,750,GBP,paid,2026-04-08T14:23:00
se_005769,co_0628,renewal,Medium,,2026-05-08,2026-05-08,,,monthly,171,750,750,GBP,paid,2026-05-08T14:21:00
se_005770,co_0628,renewal,Medium,,2026-06-08,2026-06-08,,,monthly,171,750,750,GBP,paid,2026-06-08T18:10:00
se_005771,co_0629,trial_start,Medium,,,,,2023-08-22,monthly,195,0,0,GBP,not_applicable,2023-08-15T16:57:00
se_005772,co_0629,converted,Medium,,2023-08-20,2023-08-20,,,monthly,195,750,750,GBP,paid,2023-08-20T17:13:00
se_005773,co_0629,renewal,Medium,,2023-09-20,2023-09-20,,,monthly,195,750,750,GBP,paid,2023-09-20T13:46:00
se_005774,co_0629,renewal,Medium,,2023-10-20,2023-10-20,,,monthly,195,750,750,GBP,paid,2023-10-20T18:29:00
se_005775,co_0629,renewal,Medium,,2023-11-24,2023-11-20,,,monthly,195,750,750,GBP,paid,2023-11-20T10:32:00
se_005776,co_0629,renewal,Medium,,2023-12-20,2023-12-20,,,monthly,195,750,750,GBP,paid,2023-12-20T13:48:00
se_005777,co_0629,renewal,Medium ,,2024-01-20,2024-01-20,,,monthly,195,750,750,GBP,paid,2024-01-20T11:56:00
se_005778,co_0629,renewal,Medium,,2024-02-20,2024-02-20,,,monthly,195,750,750,GBP,paid,2024-02-20T15:36:00
se_005779,co_0629,renewal,Medium,,2024-03-20,2024-03-20,,,monthly,195,750,750,GBP,paid,2024-03-20T17:12:00
se_005780,co_0629,renewal,Medium,,2024-04-20,2024-04-20,,,monthly,195,750,750,GBP,paid,2024-04-20T14:07:00
se_005781,co_0629,renewal,Medium,,2024-05-20,2024-05-20,,,monthly,195,750,750,GBP,paid,2024-05-20T09:30:00
se_005782,co_0629,renewal,Medium,,2024-06-20,2024-06-20,,,monthly,195,750,750,GBP,paid,2024-06-20T09:06:00
se_005783,co_0629,renewal,Medium,,2024-07-20,2024-07-20,,,monthly,195,750,750,GBP,paid,2024-07-20T12:11:00
se_005784,co_0629,renewal,Medium,,2024-08-20,2024-08-20,,,monthly,195,750,750,GBP,paid,2024-08-20T15:24:00
se_005785,co_0629,renewal,Medium,,2024-09-20,2024-09-20,,,monthly,195,750,750,GBP,paid,2024-09-20T19:15:00
se_005786,co_0629,renewal,Medium,,2024-10-20,2024-10-20,,,monthly,195,750,750,GBP,paid,2024-10-20T13:44:00
se_005787,co_0629,renewal,Medium,,2024-11-20,2024-11-20,,,monthly,195,750,750,GBP,paid,2024-11-20T18:21:00
se_005788,co_0629,renewal,Medium,,2024-12-20,2024-12-20,,,monthly,195,750,750,GBP,paid,2024-12-20T15:10:00
se_005789,co_0629,renewal,Medium,,2025-01-20,2025-01-20,,,monthly,195,750,750,GBP,paid,2025-01-20T16:43:00
se_005790,co_0629,renewal,Medium,,2025-02-20,2025-02-20,,,monthly,195,750,750,GBP,paid,2025-02-20T17:20:00
se_005791,co_0629,renewal,Medium,,2025-03-20,2025-03-20,,,monthly,195,750,750,GBP,paid,2025-03-20T19:56:00
se_005792,co_0629,renewal,Medium,,2025-04-20,2025-04-20,,,monthly,195,750,750,GBP,paid,2025-04-20T15:02:00
se_005793,co_0629,renewal,Medium,,2025-05-20,2025-05-20,,,monthly,195,750,750,GBP,paid,2025-05-20T16:03:00
se_005794,co_0629,payment_failed,Medium,,2025-06-20,2025-06-20,,,monthly,195,750,750,GBP,failed,2025-06-20T15:18:00
se_005795,co_0629,renewal,Medium,,2025-07-20,2025-07-20,,,monthly,195,750,750,GBP,paid,2025-07-20T11:32:00
se_005796,co_0629,renewal,Medium,,2025-08-20,2025-08-20,,,monthly,195,750,750,GBP,paid,2025-08-20T18:04:00
se_005797,co_0629,renewal,Medium,,2025-09-20,2025-09-20,,,monthly,195,750,750,GBP,paid,2025-09-20T17:26:00
se_005798,co_0629,renewal,Medium,,2025-10-20,2025-10-20,,,monthly,195,750,750,GBP,paid,2025-10-20T17:00:00
se_005799,co_0629,renewal,Medium,,2025-11-20,2025-11-20,,,monthly,195,750,750,GBP,paid,2025-11-20T16:24:00
se_005800,co_0629,renewal,Medium,,,2025-12-20,,,monthly,195,750,750,GBP,paid,2025-12-20T19:10:00
se_005801,co_0629,renewal,Medium,,2026-01-20,2026-01-20,,,monthly,195,750,750,GBP,paid,2026-01-20T15:55:00
se_005802,co_0629,renewal,Medium,,2026-02-20,2026-02-20,,,monthly,195,750,750,GBP,paid,2026-02-20T16:37:00
se_005803,co_0629,renewal,Medium,,2026-03-20,2026-03-20,,,monthly,195,750,750,GBP,paid,2026-03-20T09:42:00
se_005804,co_0629,renewal,Medium,,2026-04-20,2026-04-20,,,monthly,195,750,750,GBP,paid,2026-04-20T19:45:00
se_005805,co_0629,renewal,Medium,,2026-05-20,2026-05-20,,,monthly,195,750,750,GBP,paid,2026-05-20T17:39:00
se_005806,co_0629,renewal,Medium,,2026-06-29,2026-06-20,,,monthly,195,750,750,GBP,paid,2026-06-20T16:25:00
se_005807,co_0630,trial_start,Small,,,,,2025-03-25,monthly,47,0,0,GBP,not_applicable,2025-03-18T15:50:00
se_005808,co_0631,trial_start,Medium,,,,,2023-07-26,monthly,265,0,0,GBP,not_applicable,2023-07-19T10:41:00
se_005809,co_0632,trial_start,Medium,,,,,2025-11-27,annual,289,0,0,GBP,not_applicable,2025-11-20T19:21:00
se_005810,co_0632,converted,Medium ,,2025-11-26,2025-11-26,,,annual,289,750,9000,GBP,paid,2025-11-26T17:30:00
se_005811,co_0633,trial_start,Medium,,,,,2024-10-20,annual,144,0,0,GBP,not_applicable,2024-10-13T19:36:00
se_005812,co_0633,converted,Medium,,2024-10-16,2024-10-16,,,annual,144,750,9000,GBP,paid,2024-10-16T15:43:00
se_005813,co_0633,renewal,Medium,,2025-10-16,2025-10-16,,,annual,144,750,9000,GBP,paid,2025-10-16T08:59:00
se_005814,co_0634,trial_start,Small,,,,,2025-04-05,monthly,119,0,0,GBP,not_applicable,2025-03-29T11:48:00
se_005815,co_0635,trial_start,Medium,,,,,2024-06-04,annual,154,0,0,GBP,not_applicable,2024-05-28T18:48:00
se_005816,co_0635,converted,Medium,,2024-06-05,2024-06-05,,,annual,154,750,9000,GBP,paid,2024-06-05T09:47:00
se_005817,co_0635,renewal,Medium,,2025-06-12,2025-06-05,,,annual,154,750,9000,GBP,paid,2025-06-05T15:30:00
se_005818,co_0635,renewal,Medium,,2026-06-05,2026-06-05,,,annual,154,750,9000,GBP,paid,2026-06-05T17:47:00
se_005819,co_0636,trial_start,Small,,,,,2025-07-11,monthly,47,0,0,GBP,not_applicable,2025-07-04T13:00:00
se_005820,co_0636,converted,Small,,2025-07-09,2025-07-09,,,monthly,47,200,200,GBP,paid,2025-07-09T11:56:00
se_005821,co_0636,renewal,Small,,2025-08-09,2025-08-09,,,monthly,47,200,200,GBP,paid,2025-08-09T19:05:00
se_005822,co_0636,renewal,Small,,,2025-09-09,,,monthly,47,200,200,GBP,paid,2025-09-09T16:17:00
se_005823,co_0636,renewal,Small,,2025-10-09,2025-10-09,,,monthly,47,200,200,GBP,paid,2025-10-09T14:59:00
se_005824,co_0636,renewal,Small,,2025-11-09,2025-11-09,,,monthly,47,200,200,GBP,paid,2025-11-09T12:33:00
se_005825,co_0636,renewal,Small,,2025-12-09,2025-12-09,,,monthly,47,200,200,GBP,paid,2025-12-09T14:30:00
se_005826,co_0636,renewal,Small,,2026-01-09,2026-01-09,,,monthly,47,200,200,GBP,paid,2026-01-09T09:18:00
se_005827,co_0636,renewal,Small,,2026-03-02,2026-02-09,,,monthly,47,200,200,GBP,paid,2026-02-09T17:39:00
se_005828,co_0636,renewal,Small,,2026-03-09,2026-03-09,,,monthly,47,200,200,GBP,paid,2026-03-09T15:24:00
se_005829,co_0636,renewal,Small,,2026-04-09,2026-04-09,,,monthly,47,200,200,GBP,paid,2026-04-09T12:56:00
se_005830,co_0636,renewal,Small,,2026-05-09,2026-05-09,,,monthly,47,200,200,GBP,paid,2026-05-09T15:49:00
se_005831,co_0636,renewal,Small,,2026-06-09,2026-06-09,,,monthly,47,200,200,GBP,paid,2026-06-09T16:16:00
se_005832,co_0637,trial_start,Small,,,,,2025-02-07,annual,38,0,0,GBP,not_applicable,2025-01-31T10:19:00
se_005833,co_0637,converted,Small,,2025-02-10,2025-02-10,,,annual,38,200,2400,GBP,paid,2025-02-10T19:24:00
se_005834,co_0637,renewal,Small,,2026-02-10,2026-02-10,,,annual,38,200,2400,GBP,paid,2026-02-10T17:53:00
se_005835,co_0638,trial_start,Medium,,,,,2023-08-18,monthly,217,0,0,GBP,not_applicable,2023-08-11T19:36:00
se_005836,co_0639,trial_start,Medium,,,,,2026-02-11,annual,341,0,0,GBP,not_applicable,2026-02-04T16:37:00
se_005837,co_0640,trial_start,Medium,,,,,2023-11-17,annual,181,0,0,GBP,not_applicable,2023-11-10T17:23:00
se_005838,co_0640,converted,Medium,,2023-11-15,2023-11-15,,,annual,181,750,9000,GBP,paid,2023-11-15T09:58:00
se_005839,co_0640,payment_failed,Medium,,2024-11-15,2024-11-15,,,annual,181,750,750,GBP,failed,2024-11-15T17:08:00
se_005840,co_0640,payment_recovered,Medium,,2024-11-27,2024-11-27,,,annual,181,750,9000,GBP,paid,2024-11-27T10:08:00
se_005841,co_0640,payment_failed,Medium,,2025-11-15,2025-11-15,,,annual,181,750,750,GBP,failed,2025-11-15T08:22:00
se_005842,co_0641,trial_start,Medium,,,,,2024-12-04,annual,345,0,0,GBP,not_applicable,2024-11-27T12:48:00
se_005843,co_0641,converted,Medium,,,2024-11-30,,,annual,345,750,9000,GBP,paid,2024-11-30T17:57:00
se_005844,co_0641,renewal,Medium,,2025-11-30,2025-11-30,,,annual,345,750,9000,GBP,paid,2025-11-30T18:16:00
se_005845,co_0642,trial_start,Small,,,,,2023-09-19,monthly,28,0,0,GBP,not_applicable,2023-09-12T08:01:00
se_005846,co_0642,converted,Small,,2023-09-17,2023-09-17,,,monthly,28,200,200,GBP,paid,2023-09-17T13:17:00
se_005847,co_0642,renewal,Small,,2023-10-17,2023-10-17,,,monthly,28,200,200,GBP,paid,2023-10-17T17:26:00
se_005848,co_0642,renewal,Small,,2023-11-17,2023-11-17,,,monthly,28,200,200,GBP,paid,2023-11-17T10:25:00
se_005849,co_0642,renewal,Small,,2023-12-17,2023-12-17,,,monthly,28,200,200,GBP,paid,2023-12-17T10:55:00
se_005850,co_0642,renewal,Small,,2024-01-17,2024-01-17,,,monthly,28,200,200,GBP,paid,2024-01-17T11:56:00
se_005851,co_0642,renewal,Small,,2024-02-17,2024-02-17,,,monthly,28,200,200,GBP,paid,2024-02-17T11:33:00
se_005852,co_0642,renewal,Small,,2024-03-17,2024-03-17,,,monthly,28,200,200,GBP,paid,2024-03-17T15:27:00
se_005853,co_0642,renewal,Small,,2024-04-17,2024-04-17,,,monthly,28,200,200,GBP,paid,2024-04-17T12:49:00
se_005854,co_0642,renewal,Small,,2024-05-17,2024-05-17,,,monthly,28,200,200,GBP,paid,2024-05-17T12:17:00
se_005855,co_0642,renewal,Small,,2024-06-17,2024-06-17,,,monthly,28,200,200,GBP,paid,2024-06-17T08:14:00
se_005856,co_0642,renewal,Small,,2024-07-17,2024-07-17,,,monthly,28,200,200,GBP,paid,2024-07-17T09:25:00
se_005857,co_0642,renewal,Small,,2024-08-17,2024-08-17,,,monthly,28,200,200,GBP,paid,2024-08-17T19:27:00
se_005858,co_0642,renewal,Small,,2024-09-17,2024-09-17,,,monthly,28,200,200,GBP,paid,2024-09-17T15:05:00
se_005859,co_0642,renewal,Small,,2024-11-07,2024-10-17,,,monthly,28,200,200,GBP,paid,2024-10-17T17:02:00
se_005860,co_0642,renewal,Small,,2024-11-17,2024-11-17,,,monthly,28,200,200,GBP,paid,2024-11-17T16:25:00
se_005861,co_0642,renewal,Small,,2024-12-17,2024-12-17,,,monthly,28,200,200,GBP,paid,2024-12-17T12:52:00
se_005862,co_0642,renewal,Small,,2025-01-17,2025-01-17,,,monthly,28,200,200,GBP,paid,2025-01-17T10:03:00
se_005863,co_0642,renewal,Small,,2025-02-17,2025-02-17,,,monthly,28,200,200,GBP,paid,2025-02-17T19:59:00
se_005864,co_0642,renewal,Small,,2025-04-04,2025-03-17,,,monthly,28,200,200,GBP,paid,2025-03-17T08:58:00
se_005865,co_0642,renewal,Small,,2025-04-17,2025-04-17,,,monthly,28,200,200,GBP,paid,2025-04-17T11:07:00
se_005866,co_0642,renewal,Small,,2025-06-06,2025-05-17,,,monthly,28,200,200,GBP,paid,2025-05-17T16:10:00
se_005867,co_0642,renewal,Small,,2025-06-17,2025-06-17,,,monthly,28,200,200,GBP,paid,2025-06-17T13:30:00
se_005868,co_0642,renewal,Small,,2025-07-20,2025-07-17,,,monthly,28,200,200,GBP,paid,2025-07-17T12:11:00
se_005869,co_0642,renewal,Small,,2025-08-21,2025-08-17,,,monthly,28,200,200,GBP,paid,2025-08-17T08:07:00
se_005870,co_0642,renewal,Small,,2025-09-17,2025-09-17,,,monthly,28,200,200,GBP,paid,2025-09-17T09:16:00
se_005871,co_0642,renewal,Small,,2025-10-17,2025-10-17,,,monthly,28,200,200,GBP,paid,2025-10-17T13:39:00
se_005872,co_0642,renewal,Small,,2025-11-17,2025-11-17,,,monthly,28,200,200,GBP,paid,2025-11-17T11:49:00
se_005873,co_0642,renewal,Small,,2025-12-17,2025-12-17,,,monthly,28,200,200,GBP,paid,2025-12-17T16:13:00
se_005874,co_0642,renewal,Small,,2026-01-17,2026-01-17,,,monthly,28,200,200,GBP,paid,2026-01-17T10:13:00
se_005875,co_0642,renewal,Small,,2026-02-17,2026-02-17,,,monthly,28,200,200,GBP,paid,2026-02-17T16:55:00
se_005876,co_0642,renewal,Small ,,2026-03-17,2026-03-17,,,monthly,28,200,200,GBP,paid,2026-03-17T10:36:00
se_005877,co_0642,renewal,Small,,2026-04-29,2026-04-17,,,monthly,28,200,200,GBP,paid,2026-04-17T12:03:00
se_005878,co_0642,renewal,Small,,2026-05-17,2026-05-17,,,monthly,28,200,200,GBP,paid,2026-05-17T17:05:00
se_005879,co_0642,renewal,Small,,2026-06-17,2026-06-17,,,monthly,28,200,200,GBP,paid,2026-06-17T12:05:00
se_005880,co_0643,trial_start,Medium,,,,,2025-07-01,annual,153,0,0,GBP,not_applicable,2025-06-24T14:16:00
se_005881,co_0643,converted,Medium,,2025-06-26,2025-06-26,,,annual,153,750,9000,GBP,paid,2025-06-26T18:42:00
se_005882,co_0643,renewal,Medium,,2026-06-26,2026-06-26,,,annual,153,750,9000,GBP,paid,2026-06-26T16:51:00
se_005883,co_0644,trial_start,Small,,,,,2025-05-12,monthly,59,0,0,GBP,not_applicable,2025-05-05T18:02:00
se_005884,co_0644,converted,Small,,2025-05-15,2025-05-15,,,monthly,59,200,200,GBP,paid,2025-05-15T12:00:00
se_005885,co_0644,renewal,Small,,2025-06-15,2025-06-15,,,monthly,59,200,200,GBP,paid,2025-06-15T09:06:00
se_005886,co_0644,renewal,Small,,2025-07-15,2025-07-15,,,monthly,59,200,200,GBP,paid,2025-07-15T17:54:00
se_005887,co_0644,renewal,Small,,2025-08-15,2025-08-15,,,monthly,59,200,200,GBP,paid,2025-08-15T11:51:00
se_005888,co_0644,renewal,Small,,2025-09-15,2025-09-15,,,monthly,59,200,200,GBP,paid,2025-09-15T12:42:00
se_005889,co_0644,renewal,Small,,2025-10-15,2025-10-15,,,monthly,59,200,200,GBP,paid,2025-10-15T09:07:00
se_005890,co_0644,renewal,Small,,2025-11-15,2025-11-15,,,monthly,59,200,200,GBP,paid,2025-11-15T13:12:00
se_005891,co_0644,renewal,Small,,2025-12-15,2025-12-15,,,monthly,59,200,200,GBP,paid,2025-12-15T19:39:00
se_005892,co_0644,cancellation_scheduled,Small,,,2025-11-12,,,monthly,59,200,200,GBP,not_applicable,2025-11-12T10:45:00
se_005893,co_0644,voluntary_churn,Small,,,2025-12-26,2025-12-26,,monthly,59,200,0,GBP,not_applicable,2025-12-26T18:41:00
se_005894,co_0645,trial_start,Small,,,,,2024-08-27,annual,78,0,0,EUR,not_applicable,2024-08-20T19:43:00
se_005895,co_0646,trial_start,Medium,,,,,2023-07-12,monthly,212,0,0,GBP,not_applicable,2023-07-05T08:46:00
se_005896,co_0646,converted,Medium,,2023-07-09,2023-07-09,,,monthly,212,750,750,GBP,paid,2023-07-09T10:16:00
se_005897,co_0646,renewal,Medium,,2023-08-09,2023-08-09,,,monthly,212,750,750,GBP,paid,2023-08-09T10:16:00
se_005898,co_0646,renewal,Medium,,2023-09-09,2023-09-09,,,monthly,212,750,750,GBP,paid,2023-09-09T08:24:00
se_005899,co_0646,renewal,Medium,,2023-10-09,2023-10-09,,,monthly,212,750,750,GBP,paid,2023-10-09T09:05:00
se_005900,co_0646,renewal,Medium,,2023-11-09,2023-11-09,,,monthly,212,750,750,GBP,paid,2023-11-09T12:58:00
se_005901,co_0646,renewal,Medium,,2023-12-09,2023-12-09,,,monthly,212,750,750,GBP,paid,2023-12-09T11:03:00
se_005902,co_0646,renewal,Medium,,2024-01-09,2024-01-09,,,monthly,212,750,750,GBP,paid,2024-01-09T16:33:00
se_005903,co_0646,renewal,Medium,,2024-02-09,2024-02-09,,,monthly,212,750,750,GBP,paid,2024-02-09T17:36:00
se_005904,co_0646,renewal,Medium,,2024-03-09,2024-03-09,,,monthly,212,750,750,GBP,paid,2024-03-09T13:00:00
se_005905,co_0646,renewal,Medium,,2024-04-09,2024-04-09,,,monthly,212,750,750,GBP,paid,2024-04-09T18:03:00
se_005906,co_0646,renewal,Medium,,2024-05-09,2024-05-09,,,monthly,212,750,750,GBP,paid,2024-05-09T09:02:00
se_005907,co_0646,renewal,Medium,,2024-06-17,2024-06-09,,,monthly,212,750,750,GBP,paid,2024-06-09T13:37:00
se_005908,co_0646,renewal,Medium,,2024-07-09,2024-07-09,,,monthly,212,750,750,GBP,paid,2024-07-09T14:25:00
se_005909,co_0646,renewal,Medium,,2024-08-09,2024-08-09,,,monthly,212,750,750,GBP,paid,2024-08-09T16:52:00
se_005910,co_0646,renewal,Medium,,2024-09-09,2024-09-09,,,monthly,212,750,750,GBP,paid,2024-09-09T11:54:00
se_005911,co_0646,renewal,Medium,,2024-10-09,2024-10-09,,,monthly,212,750,750,GBP,paid,2024-10-09T16:32:00
se_005912,co_0646,renewal,Medium,,2024-11-09,2024-11-09,,,monthly,212,750,750,GBP,paid,2024-11-09T17:28:00
se_005913,co_0646,renewal,Medium,,2024-12-09,2024-12-09,,,monthly,212,750,750,GBP,paid,2024-12-09T08:22:00
se_005914,co_0646,renewal,Medium,,2025-01-09,2025-01-09,,,monthly,212,750,750,GBP,paid,2025-01-09T13:34:00
se_005915,co_0646,renewal,Medium,,2025-02-09,2025-02-09,,,monthly,212,750,750,GBP,paid,2025-02-09T19:55:00
se_005916,co_0646,renewal,Medium,,2025-03-09,2025-03-09,,,monthly,212,750,750,GBP,paid,2025-03-09T19:36:00
se_005917,co_0646,renewal,Medium,,2025-04-09,2025-04-09,,,monthly,212,750,750,GBP,paid,2025-04-09T13:23:00
se_005918,co_0646,renewal,Medium,,2025-05-09,2025-05-09,,,monthly,212,750,750,GBP,paid,2025-05-09T08:03:00
se_005919,co_0646,renewal,Medium,,2025-06-09,2025-06-09,,,monthly,212,750,750,GBP,paid,2025-06-09T15:40:00
se_005920,co_0646,renewal,Medium,,2025-07-09,2025-07-09,,,monthly,212,750,750,GBP,paid,2025-07-09T15:51:00
se_005921,co_0646,renewal,Medium,,2025-08-22,2025-08-09,,,monthly,212,750,750,GBP,paid,2025-08-09T14:01:00
se_005922,co_0646,renewal,Medium,,2025-09-09,2025-09-09,,,monthly,212,750,750,GBP,paid,2025-09-09T16:52:00
se_005923,co_0646,renewal,Medium,,2025-10-09,2025-10-09,,,monthly,212,750,750,GBP,paid,2025-10-09T10:45:00
se_005924,co_0646,renewal,Medium,,2025-11-09,2025-11-09,,,monthly,212,750,750,GBP,paid,2025-11-09T18:52:00
se_005925,co_0646,renewal,Medium,,2025-12-09,2025-12-09,,,monthly,212,750,750,GBP,paid,2025-12-09T13:21:00
se_005926,co_0646,renewal,Medium,,2026-01-09,2026-01-09,,,monthly,212,750,750,GBP,paid,2026-01-09T18:50:00
se_005927,co_0646,renewal,Medium,,2026-02-22,2026-02-09,,,monthly,212,750,750,GBP,paid,2026-02-09T18:24:00
se_005928,co_0646,renewal,Medium,,2026-03-09,2026-03-09,,,monthly,212,750,750,GBP,paid,2026-03-09T15:31:00
se_005929,co_0646,renewal,Medium,,2026-04-09,2026-04-09,,,monthly,212,750,750,GBP,paid,2026-04-09T12:22:00
se_005930,co_0646,renewal,Medium,,2026-05-09,2026-05-09,,,monthly,212,750,750,GBP,paid,2026-05-09T13:06:00
se_005931,co_0646,renewal,Medium,,2026-06-09,2026-06-09,,,monthly,212,750,750,GBP,paid,2026-06-09T08:29:00
se_005932,co_0647,trial_start,Small,,,,,2024-06-07,annual,99,0,0,GBP,not_applicable,2024-05-31T16:19:00
se_005933,co_0647,converted,Small,,2024-06-05,2024-06-05,,,annual,99,200,2400,GBP,paid,2024-06-05T12:46:00
se_005934,co_0647,renewal,Small,,2025-06-05,2025-06-05,,,annual,99,200,2400,GBP,paid,2025-06-05T17:43:00
se_005935,co_0647,renewal,Small,,2026-06-05,2026-06-05,,,annual,99,200,2400,GBP,paid,2026-06-05T09:00:00
se_005936,co_0648,trial_start,Small,,,,,2023-10-09,monthly,114,0,0,GBP,not_applicable,2023-10-02T16:57:00
se_005937,co_0648,converted,Small,,2023-10-09,2023-10-09,,,monthly,114,200,200,GBP,paid,2023-10-09T14:10:00
se_005938,co_0648,renewal,Small,,2023-11-09,2023-11-09,,,monthly,114,200,200,GBP,paid,2023-11-09T14:29:00
se_005939,co_0648,renewal,Small,,2023-12-09,2023-12-09,,,monthly,114,200,200,GBP,paid,2023-12-09T12:42:00
se_005940,co_0648,renewal,Small,,2024-01-26,2024-01-09,,,monthly,114,200,200,GBP,paid,2024-01-09T12:06:00
se_005941,co_0648,renewal,Small,,2024-02-09,2024-02-09,,,monthly,114,200,200,GBP,paid,2024-02-09T15:39:00
se_005942,co_0648,renewal,small,,2024-03-23,2024-03-09,,,monthly,114,200,200,GBP,paid,2024-03-09T18:14:00
se_005943,co_0648,renewal,Small,,2024-04-09,2024-04-09,,,monthly,114,200,200,GBP,paid,2024-04-09T11:48:00
se_005944,co_0648,renewal,Small,,2024-05-09,2024-05-09,,,monthly,114,200,200,GBP,paid,2024-05-09T12:28:00
se_005945,co_0648,payment_failed,Small,,2024-06-09,2024-06-09,,,monthly,114,200,200,GBP,failed,2024-06-09T18:24:00
se_005946,co_0648,payment_recovered,Small,,2024-06-15,2024-06-15,,,monthly,114,200,200,GBP,paid,2024-06-15T14:50:00
se_005947,co_0648,renewal,Small,,2024-07-09,2024-07-09,,,monthly,114,200,200,GBP,paid,2024-07-09T14:33:00
se_005948,co_0648,renewal,Small,,2024-08-09,2024-08-09,,,monthly,114,200,200,GBP,paid,2024-08-09T17:46:00
se_005949,co_0648,renewal,Small,,2024-09-09,2024-09-09,,,monthly,114,200,200,GBP,paid,2024-09-09T19:21:00
se_005950,co_0648,renewal,Small,,2024-10-09,2024-10-09,,,monthly,114,200,200,GBP,paid,2024-10-09T16:59:00
se_005951,co_0648,renewal,Small,,2024-11-24,2024-11-09,,,monthly,114,200,200,GBP,paid,2024-11-09T11:04:00
se_005952,co_0648,renewal,Small,,2024-12-09,2024-12-09,,,monthly,114,200,200,GBP,paid,2024-12-09T12:51:00
se_005953,co_0648,renewal,Small,,2025-01-27,2025-01-09,,,monthly,114,200,200,GBP,paid,2025-01-09T17:50:00
se_005954,co_0648,renewal,Small,,2025-02-09,2025-02-09,,,monthly,114,200,200,GBP,paid,2025-02-09T14:53:00
se_005955,co_0648,renewal,Small,,2025-03-09,2025-03-09,,,monthly,114,200,200,GBP,paid,2025-03-09T08:48:00
se_005956,co_0648,renewal,Small,,2025-04-09,2025-04-09,,,monthly,114,200,200,GBP,paid,2025-04-09T19:48:00
se_005957,co_0648,renewal,Small,,2025-05-09,2025-05-09,,,monthly,114,200,200,GBP,paid,2025-05-09T16:52:00
se_005958,co_0648,renewal,Small,,2025-06-09,2025-06-09,,,monthly,114,200,200,GBP,paid,2025-06-09T15:53:00
se_005959,co_0648,renewal,Small,,2025-07-16,2025-07-09,,,monthly,114,200,200,GBP,paid,2025-07-09T10:53:00
se_005960,co_0648,renewal,Small,,2025-08-09,2025-08-09,,,monthly,114,200,200,GBP,paid,2025-08-09T10:17:00
se_005961,co_0648,renewal,Small,,2025-09-09,2025-09-09,,,monthly,114,200,200,GBP,paid,2025-09-09T17:53:00
se_005962,co_0648,renewal,Small,,2025-10-09,2025-10-09,,,monthly,114,200,200,GBP,paid,2025-10-09T16:38:00
se_005963,co_0648,renewal,Small,,2025-11-09,2025-11-09,,,monthly,114,200,200,GBP,paid,2025-11-09T11:26:00
se_005964,co_0648,renewal,Small,,2025-12-28,2025-12-09,,,monthly,114,200,200,GBP,paid,2025-12-09T16:36:00
se_005965,co_0648,renewal,Small,,2026-01-09,2026-01-09,,,monthly,114,200,200,GBP,paid,2026-01-09T18:13:00
se_005966,co_0648,renewal,Small,,2026-02-09,2026-02-09,,,monthly,114,200,200,GBP,paid,2026-02-09T11:06:00
se_005967,co_0648,renewal,Small,,2026-03-09,2026-03-09,,,monthly,114,200,200,GBP,paid,2026-03-09T11:36:00
se_005968,co_0648,renewal,Small,,2026-04-09,2026-04-09,,,monthly,114,200,200,GBP,paid,2026-04-09T10:13:00
se_005969,co_0648,renewal,Small,,2026-05-09,2026-05-09,,,monthly,114,200,200,GBP,paid,2026-05-09T14:34:00
se_005970,co_0648,renewal,Small,,2026-06-09,2026-06-09,,,monthly,114,200,200,GBP,paid,2026-06-09T12:14:00
se_005971,co_0649,trial_start,Small,,,,,2025-10-09,monthly,107,0,0,GBP,not_applicable,2025-10-02T11:21:00
se_005972,co_0650,trial_start,Small,,,,,2025-12-02,monthly,144,0,0,GBP,not_applicable,2025-11-25T09:19:00
se_005973,co_0650,converted,Small,,2025-11-30,2025-11-30,,,monthly,144,200,200,GBP,paid,2025-11-30T11:49:00
se_005974,co_0650,renewal,Small,,2025-12-30,2025-12-30,,,monthly,144,200,200,GBP,paid,2025-12-30T13:12:00
se_005975,co_0650,renewal,Small,,2026-01-30,2026-01-30,,,monthly,144,200,200,GBP,paid,2026-01-30T10:05:00
se_005976,co_0650,renewal,Small,,2026-03-19,2026-02-28,,,monthly,144,200,200,GBP,paid,2026-02-28T16:26:00
se_005977,co_0650,renewal,Small,,2026-03-28,2026-03-28,,,monthly,144,200,200,GBP,paid,2026-03-28T08:58:00
se_005978,co_0650,renewal,Small,,2026-04-28,2026-04-28,,,monthly,144,200,200,GBP,paid,2026-04-28T14:32:00
se_005979,co_0650,renewal,Small,,2026-05-28,2026-05-28,,,monthly,144,200,200,GBP,paid,2026-05-28T08:17:00
se_005980,co_0650,renewal,Small,,2026-06-28,2026-06-28,,,monthly,144,200,200,GBP,paid,2026-06-28T13:46:00
se_005981,co_0651,trial_start,Small,,,,,2024-08-12,monthly,20,0,0,GBP,not_applicable,2024-08-05T13:42:00
se_005982,co_0651,converted,Small,,2024-08-08,2024-08-08,,,monthly,20,200,200,GBP,paid,2024-08-08T16:16:00
se_005983,co_0651,renewal,Small,,2024-09-08,2024-09-08,,,monthly,20,200,200,GBP,paid,2024-09-08T10:10:00
se_005984,co_0651,payment_failed,Small,,2024-10-08,2024-10-08,,,monthly,20,200,200,GBP,failed,2024-10-08T18:48:00
se_005985,co_0651,delinquent_churn,Small,,,2024-11-03,2024-11-03,,monthly,20,200,0,GBP,not_applicable,2024-11-03T14:14:00
se_005986,co_0652,trial_start,Medium,,,,,2025-01-05,annual,234,0,0,GBP,not_applicable,2024-12-29T09:43:00
se_005987,co_0653,trial_start,Small,,,,,2025-01-16,monthly,89,0,0,GBP,not_applicable,2025-01-09T18:47:00
se_005988,co_0653,converted,Small,,2025-01-14,2025-01-14,,,monthly,89,200,200,GBP,paid,2025-01-14T10:17:00
se_005989,co_0653,renewal,Small,,2025-02-14,2025-02-14,,,monthly,89,200,200,GBP,paid,2025-02-14T12:41:00
se_005990,co_0653,renewal,Small,,2025-03-14,2025-03-14,,,monthly,89,200,200,GBP,paid,2025-03-14T11:01:00
se_005991,co_0653,renewal,Small,,2025-04-14,2025-04-14,,,monthly,89,200,200,GBP,paid,2025-04-14T11:10:00
se_005992,co_0653,renewal,Small,,2025-05-14,2025-05-14,,,monthly,89,200,200,GBP,paid,2025-05-14T16:13:00
se_005993,co_0653,renewal,Small,,2025-06-14,2025-06-14,,,monthly,89,200,200,GBP,paid,2025-06-14T15:49:00
se_005994,co_0653,renewal,Small,,2025-07-14,2025-07-14,,,monthly,89,200,200,GBP,paid,2025-07-14T08:15:00
se_005995,co_0653,renewal,Small,,2025-08-14,2025-08-14,,,monthly,89,200,200,GBP,paid,2025-08-14T17:27:00
se_005996,co_0653,renewal,Small,,2025-09-14,2025-09-14,,,monthly,89,200,200,GBP,paid,2025-09-14T12:49:00
se_005997,co_0653,renewal,Small,,2025-10-14,2025-10-14,,,monthly,89,200,200,GBP,paid,2025-10-14T13:42:00
se_005998,co_0653,payment_failed,Small,,2025-11-14,2025-11-14,,,monthly,89,200,200,GBP,failed,2025-11-14T15:37:00
se_005999,co_0653,payment_recovered,Small,,2025-12-06,2025-11-27,,,monthly,89,200,200,GBP,paid,2025-11-27T08:50:00
se_006000,co_0653,renewal,Small,,2025-12-14,2025-12-14,,,monthly,89,200,200,GBP,paid,2025-12-14T16:21:00
se_006001,co_0653,renewal,Small,,2026-01-14,2026-01-14,,,monthly,89,200,200,GBP,paid,2026-01-14T16:38:00
se_006002,co_0653,renewal,Small,,2026-02-14,2026-02-14,,,monthly,89,200,200,GBP,paid,2026-02-14T14:44:00
se_006003,co_0653,renewal,Small,,2026-03-14,2026-03-14,,,monthly,89,200,200,GBP,paid,2026-03-14T14:16:00
se_006004,co_0653,renewal,Small,,2026-04-14,2026-04-14,,,monthly,89,200,200,GBP,paid,2026-04-14T09:34:00
se_006005,co_0653,renewal,Small,,2026-05-14,2026-05-14,,,monthly,89,200,200,GBP,paid,2026-05-14T18:09:00
se_006006,co_0653,renewal,Small,,2026-06-14,2026-06-14,,,monthly,89,200,200,GBP,paid,2026-06-14T17:09:00
se_006007,co_0654,trial_start,Small,,,,,2026-06-09,monthly,43,0,0,GBP,not_applicable,2026-06-02T18:59:00
se_006008,co_0655,trial_start,Small,,,,,2024-09-30,monthly,38,0,0,GBP,not_applicable,2024-09-23T14:56:00
se_006009,co_0656,trial_start,Small,,,,,2025-03-02,monthly,74,0,0,GBP,not_applicable,2025-02-23T15:34:00
se_006010,co_0656,converted,Small,,2025-03-01,2025-03-01,,,monthly,74,200,200,GBP,paid,2025-03-01T16:00:00
se_006011,co_0656,payment_failed,Small,,2025-04-01,2025-04-01,,,monthly,74,200,200,GBP,failed,2025-04-01T08:11:00
se_006012,co_0656,payment_recovered,Small,,2025-04-11,2025-04-11,,,monthly,74,200,200,GBP,paid,2025-04-11T17:44:00
se_006013,co_0656,renewal,Small,,2025-05-01,2025-05-01,,,monthly,74,200,200,GBP,paid,2025-05-01T16:07:00
se_006014,co_0656,renewal,Small,,2025-06-01,2025-06-01,,,monthly,74,200,200,GBP,paid,2025-06-01T19:48:00
se_006015,co_0656,renewal,Small,,2025-07-01,2025-07-01,,,monthly,74,200,200,GBP,paid,2025-07-01T08:05:00
se_006016,co_0656,renewal,Small,,2025-08-01,2025-08-01,,,monthly,74,200,200,GBP,paid,2025-08-01T08:28:00
se_006017,co_0656,renewal,Small,,2025-09-01,2025-09-01,,,monthly,74,200,200,GBP,paid,2025-09-01T15:03:00
se_006018,co_0656,renewal,Small,,2025-10-01,2025-10-01,,,monthly,74,200,200,GBP,paid,2025-10-01T16:13:00
se_006019,co_0656,renewal,Small,,2025-11-01,2025-11-01,,,monthly,74,200,200,GBP,paid,2025-11-01T10:55:00
se_006020,co_0656,renewal,Small,,2025-12-01,2025-12-01,,,monthly,74,200,200,GBP,paid,2025-12-01T14:07:00
se_006021,co_0656,upgrade,Medium,Small,2025-12-07,2025-12-07,,,monthly,74,750,750,GBP,paid,2025-12-07T10:03:00
se_006022,co_0656,renewal,Medium,,2026-01-01,2026-01-01,,,monthly,74,750,750,GBP,paid,2026-01-01T12:50:00
se_006023,co_0656,renewal,Medium,,2026-02-01,2026-02-01,,,monthly,74,750,750,GBP,paid,2026-02-01T11:20:00
se_006024,co_0656,renewal,Medium,,2026-03-01,2026-03-01,,,monthly,74,750,750,GBP,paid,2026-03-01T15:08:00
se_006025,co_0656,renewal,Medium,,2026-04-09,2026-04-01,,,monthly,74,750,750,GBP,paid,2026-04-01T12:38:00
se_006026,co_0656,renewal,Medium,,2026-05-01,2026-05-01,,,monthly,74,750,750,GBP,paid,2026-05-01T15:23:00
se_006027,co_0656,renewal,Medium,,2026-06-01,2026-06-01,,,monthly,74,750,750,GBP,paid,2026-06-01T14:05:00
se_006028,co_0657,trial_start,Medium,,,,,2024-04-14,annual,197,0,0,GBP,not_applicable,2024-04-07T19:36:00
se_006029,co_0657,converted,Medium,,2024-04-13,2024-04-13,,,annual,197,750,9000,GBP,paid,2024-04-13T11:03:00
se_006030,co_0657,renewal,Medium,,2025-04-13,2025-04-13,,,annual,197,750,9000,GBP,paid,2025-04-13T13:03:00
se_006031,co_0657,renewal,Medium,,2026-04-27,2026-04-13,,,annual,197,750,9000,GBP,paid,2026-04-13T12:23:00
se_006032,co_0658,trial_start,Large,,,,,2023-12-03,annual,781,0,0,GBP,not_applicable,2023-11-26T16:20:00
se_006033,co_0659,trial_start,Medium,,,,,2025-10-11,annual,130,0,0,GBP,not_applicable,2025-10-04T16:52:00
se_006034,co_0659,converted,Medium,,2025-10-12,2025-10-12,,,annual,130,750,9000,GBP,paid,2025-10-12T10:51:00
se_006035,co_0660,trial_start,Medium,,,,,2023-10-09,annual,371,0,0,GBP,not_applicable,2023-10-02T09:41:00
se_006036,co_0660,converted,Medium,,2023-10-10,2023-10-10,,,annual,371,750,9000,GBP,paid,2023-10-10T10:19:00
se_006037,co_0660,renewal,Medium,,2024-10-10,2024-10-10,,,annual,371,750,9000,GBP,paid,2024-10-10T12:08:00
se_006038,co_0660,renewal,Medium,,2025-10-10,2025-10-10,,,annual,371,750,9000,GBP,paid,2025-10-10T18:53:00
se_006039,co_0661,trial_start,Medium,,,,,2024-01-22,monthly,310,0,0,GBP,not_applicable,2024-01-15T08:00:00
se_006040,co_0661,converted,Medium,,2024-01-24,2024-01-24,,,monthly,310,750,750,GBP,paid,2024-01-24T18:30:00
se_006041,co_0661,renewal,Medium,,2024-02-24,2024-02-24,,,monthly,310,750,750,GBP,paid,2024-02-24T19:09:00
se_006042,co_0661,renewal,Medium,,2024-03-24,2024-03-24,,,monthly,310,750,750,GBP,paid,2024-03-24T11:06:00
se_006043,co_0661,renewal,Medium,,2024-05-04,2024-04-24,,,monthly,310,750,750,GBP,paid,2024-04-24T18:45:00
se_006044,co_0661,renewal,Medium,,2024-05-24,2024-05-24,,,monthly,310,750,750,GBP,paid,2024-05-24T09:08:00
se_006045,co_0661,renewal,Medium ,,2024-06-24,2024-06-24,,,monthly,310,750,750,GBP,paid,2024-06-24T09:42:00
se_006046,co_0661,renewal,Medium,,2024-07-24,2024-07-24,,,monthly,310,750,750,GBP,paid,2024-07-24T13:03:00
se_006047,co_0661,renewal,Medium,,2024-08-24,2024-08-24,,,monthly,310,750,750,GBP,paid,2024-08-24T16:41:00
se_006048,co_0661,renewal,Medium,,2024-09-24,2024-09-24,,,monthly,310,750,750,GBP,paid,2024-09-24T08:43:00
se_006049,co_0661,renewal,Medium,,2024-10-24,2024-10-24,,,monthly,310,750,750,GBP,paid,2024-10-24T15:00:00
se_006050,co_0661,renewal,Medium,,2024-12-01,2024-11-24,,,monthly,310,750,750,GBP,paid,2024-11-24T16:26:00
se_006051,co_0661,renewal,Medium,,2025-01-01,2024-12-24,,,monthly,310,750,750,GBP,paid,2024-12-24T08:15:00
se_006052,co_0661,renewal,Medium,,2025-01-24,2025-01-24,,,monthly,310,750,750,GBP,paid,2025-01-24T13:07:00
se_006053,co_0661,renewal,Medium,,2025-03-07,2025-02-24,,,monthly,310,750,750,GBP,paid,2025-02-24T10:01:00
se_006054,co_0661,renewal,Medium,,2025-03-24,2025-03-24,,,monthly,310,750,750,GBP,paid,2025-03-24T17:23:00
se_006055,co_0661,renewal,Medium,,2025-04-24,2025-04-24,,,monthly,310,750,750,GBP,paid,2025-04-24T15:47:00
se_006056,co_0661,renewal,Medium,,2025-05-24,2025-05-24,,,monthly,310,750,750,GBP,paid,2025-05-24T15:35:00
se_006057,co_0661,renewal,Medium,,2025-06-24,2025-06-24,,,monthly,310,750,750,GBP,paid,2025-06-24T18:04:00
se_006058,co_0661,renewal,Medium,,2025-07-24,2025-07-24,,,monthly,310,750,750,GBP,paid,2025-07-24T08:07:00
se_006059,co_0661,renewal,Medium,,2025-08-24,2025-08-24,,,monthly,310,750,750,GBP,paid,2025-08-24T16:18:00
se_006060,co_0661,renewal,Medium,,2025-09-24,2025-09-24,,,monthly,310,750,750,GBP,paid,2025-09-24T09:45:00
se_006061,co_0661,renewal,Medium,,2025-10-24,2025-10-24,,,monthly,310,750,750,GBP,paid,2025-10-24T18:20:00
se_006062,co_0661,renewal,Medium,,2025-12-12,2025-11-24,,,monthly,310,750,750,GBP,paid,2025-11-24T17:03:00
se_006063,co_0661,renewal,MEDIUM,,2025-12-24,2025-12-24,,,monthly,310,750,750,GBP,paid,2025-12-24T16:58:00
se_006064,co_0661,renewal,Medium,,2026-01-24,2026-01-24,,,monthly,310,750,750,GBP,paid,2026-01-24T14:58:00
se_006065,co_0661,renewal,Medium,,2026-02-24,2026-02-24,,,monthly,310,750,750,GBP,paid,2026-02-24T16:38:00
se_006066,co_0661,renewal,Medium,,2026-03-24,2026-03-24,,,monthly,310,750,750,GBP,paid,2026-03-24T14:36:00
se_006067,co_0661,renewal,Medium,,2026-04-24,2026-04-24,,,monthly,310,750,750,GBP,paid,2026-04-24T17:57:00
se_006068,co_0661,renewal,Medium,,2026-05-24,2026-05-24,,,monthly,310,750,750,GBP,paid,2026-05-24T19:23:00
se_006069,co_0661,renewal,Medium,,2026-06-24,2026-06-24,,,monthly,310,750,750,GBP,paid,2026-06-24T10:21:00
se_006070,co_0662,trial_start,Small,,,,,2025-05-13,monthly,42,0,0,GBP,not_applicable,2025-05-06T19:06:00
se_006071,co_0662,converted,Small,,2025-05-13,2025-05-13,,,monthly,42,200,200,GBP,paid,2025-05-13T08:17:00
se_006072,co_0662,renewal,Small,,2025-06-13,2025-06-13,,,monthly,42,200,200,GBP,paid,2025-06-13T19:53:00
se_006073,co_0662,renewal,Small,,2025-07-13,2025-07-13,,,monthly,42,200,200,GBP,paid,2025-07-13T15:54:00
se_006074,co_0662,renewal,Small,,2025-08-13,2025-08-13,,,monthly,42,200,200,GBP,paid,2025-08-13T10:36:00
se_006075,co_0662,renewal,Small,,2025-09-13,2025-09-13,,,monthly,42,200,200,GBP,paid,2025-09-13T13:01:00
se_006076,co_0662,renewal,Small,,,2025-10-13,,,monthly,42,200,200,GBP,paid,2025-10-13T17:47:00
se_006077,co_0662,renewal,Small,,2025-11-13,2025-11-13,,,monthly,42,200,200,GBP,paid,2025-11-13T12:30:00
se_006078,co_0662,renewal,Small,,2025-12-13,2025-12-13,,,monthly,42,200,200,GBP,paid,2025-12-13T10:08:00
se_006079,co_0662,renewal,Small,,,2026-01-13,,,monthly,42,200,200,GBP,paid,2026-01-13T17:31:00
se_006080,co_0662,renewal,Small,,2026-02-13,2026-02-13,,,monthly,42,200,200,GBP,paid,2026-02-13T10:14:00
se_006081,co_0662,renewal,Small,,2026-03-13,2026-03-13,,,monthly,42,200,200,GBP,paid,2026-03-13T09:02:00
se_006082,co_0662,renewal,Small,,2026-04-13,2026-04-13,,,monthly,42,200,200,GBP,paid,2026-04-13T08:05:00
se_006083,co_0662,renewal,Small,,2026-05-13,2026-05-13,,,monthly,42,200,200,GBP,paid,2026-05-13T09:47:00
se_006084,co_0662,renewal,Small,,2026-06-13,2026-06-13,,,monthly,42,200,200,GBP,paid,2026-06-13T09:42:00
se_006085,co_0663,trial_start,Small,,,,,2025-10-09,monthly,70,0,0,GBP,not_applicable,2025-10-02T10:41:00
se_006086,co_0664,trial_start,Small,,,,,2025-06-16,annual,40,0,0,GBP,not_applicable,2025-06-09T15:57:00
se_006087,co_0664,converted,Small,,,2025-06-18,,,annual,40,200,2400,GBP,paid,2025-06-18T17:46:00
se_006088,co_0664,renewal,Small,,,2026-06-18,,,annual,40,200,2400,GBP,paid,2026-06-18T08:55:00
se_006089,co_0665,trial_start,Small,,,,,2024-10-20,monthly,77,0,0,GBP,not_applicable,2024-10-13T10:19:00
se_006090,co_0665,converted,Small,,2024-10-22,2024-10-22,,,monthly,77,200,200,GBP,paid,2024-10-22T13:18:00
se_006091,co_0665,renewal,Small,,2024-11-22,2024-11-22,,,monthly,77,200,200,GBP,paid,2024-11-22T10:43:00
se_006092,co_0665,renewal,Small,,2024-12-22,2024-12-22,,,monthly,77,200,200,GBP,paid,2024-12-22T10:07:00
se_006093,co_0665,renewal,Small,,2025-01-22,2025-01-22,,,monthly,77,200,200,GBP,paid,2025-01-22T12:46:00
se_006094,co_0665,renewal,Small,,2025-02-22,2025-02-22,,,monthly,77,200,200,GBP,paid,2025-02-22T14:20:00
se_006095,co_0665,renewal,Small,,2025-03-22,2025-03-22,,,monthly,77,200,200,GBP,paid,2025-03-22T18:32:00
se_006096,co_0665,renewal,Small,,2025-04-22,2025-04-22,,,monthly,77,200,200,GBP,paid,2025-04-22T18:45:00
se_006097,co_0665,renewal,Small,,2025-05-22,2025-05-22,,,monthly,77,200,200,GBP,paid,2025-05-22T17:39:00
se_006098,co_0665,renewal,Small,,2025-06-26,2025-06-22,,,monthly,77,200,200,GBP,paid,2025-06-22T09:58:00
se_006099,co_0665,renewal,Small,,2025-07-22,2025-07-22,,,monthly,77,200,200,GBP,paid,2025-07-22T19:56:00
se_006100,co_0665,renewal,Small,,2025-08-22,2025-08-22,,,monthly,77,200,200,GBP,paid,2025-08-22T13:47:00
se_006101,co_0665,renewal,Small,,2025-09-22,2025-09-22,,,monthly,77,200,200,GBP,paid,2025-09-22T10:53:00
se_006102,co_0665,renewal,Small,,2025-10-22,2025-10-22,,,monthly,77,200,200,GBP,paid,2025-10-22T08:36:00
se_006103,co_0665,renewal,Small,,2025-11-22,2025-11-22,,,monthly,77,200,200,GBP,paid,2025-11-22T08:11:00
se_006104,co_0665,renewal,Small,,2025-12-22,2025-12-22,,,monthly,77,200,200,GBP,paid,2025-12-22T08:49:00
se_006105,co_0665,renewal,Small,,2026-01-22,2026-01-22,,,monthly,77,200,200,GBP,paid,2026-01-22T17:41:00
se_006106,co_0665,renewal,Small,,2026-02-22,2026-02-22,,,monthly,77,200,200,GBP,paid,2026-02-22T15:49:00
se_006107,co_0665,renewal,Small,,2026-03-22,2026-03-22,,,monthly,77,200,200,GBP,paid,2026-03-22T18:55:00
se_006108,co_0665,renewal,Small,,2026-04-22,2026-04-22,,,monthly,77,200,200,GBP,paid,2026-04-22T11:07:00
se_006109,co_0665,renewal,Small,,2026-05-22,2026-05-22,,,monthly,77,200,200,GBP,paid,2026-05-22T19:45:00
se_006110,co_0665,renewal,Small,,2026-06-29,2026-06-22,,,monthly,77,200,200,GBP,paid,2026-06-22T14:28:00
se_006111,co_0666,trial_start,Small,,,,,2026-03-02,annual,59,0,0,EUR,not_applicable,2026-02-23T13:02:00
se_006112,co_0667,trial_start,Small,,,,,2024-10-17,annual,56,0,0,GBP,not_applicable,2024-10-10T13:38:00
se_006113,co_0667,converted,Small,,2024-10-16,2024-10-16,,,annual,56,200,2400,GBP,paid,2024-10-16T12:50:00
se_006114,co_0667,renewal,Small,,2025-10-16,2025-10-16,,,annual,56,200,2400,GBP,paid,2025-10-16T14:23:00
se_006115,co_0668,trial_start,Small,,,,,2025-09-19,annual,76,0,0,GBP,not_applicable,2025-09-12T13:40:00
se_006116,co_0668,converted,Small,,2025-09-17,2025-09-17,,,annual,76,200,2400,GBP,paid,2025-09-17T16:07:00
se_006117,co_0669,trial_start,Medium,,,,,2025-11-12,annual,234,0,0,GBP,not_applicable,2025-11-05T14:24:00
se_006118,co_0669,converted,Medium,,2025-11-13,2025-11-13,,,annual,234,750,9000,GBP,paid,2025-11-13T14:00:00
se_006119,co_0670,trial_start,Small,,,,,2024-04-30,monthly,41,0,0,GBP,not_applicable,2024-04-23T14:57:00
se_006120,co_0670,converted,Small,,2024-04-28,2024-04-28,,,monthly,41,200,200,GBP,paid,2024-04-28T11:15:00
se_006121,co_0670,payment_failed,Small,,2024-05-28,2024-05-28,,,monthly,41,200,200,GBP,failed,2024-05-28T15:11:00
se_006122,co_0670,payment_failed,Small,,2024-06-28,2024-06-28,,,monthly,41,200,200,GBP,failed,2024-06-28T14:45:00
se_006123,co_0670,renewal,Small,,2024-07-28,2024-07-28,,,monthly,41,200,200,GBP,paid,2024-07-28T16:44:00
se_006124,co_0670,delinquent_churn,Small,,,2024-08-01,2024-08-01,,monthly,41,200,0,GBP,not_applicable,2024-08-01T15:17:00
se_006125,co_0671,trial_start,Small,,,,,2024-12-07,annual,41,0,0,GBP,not_applicable,2024-11-30T19:19:00
se_006126,co_0671,converted,Small,,2024-12-07,2024-12-07,,,annual,41,200,2400,GBP,paid,2024-12-07T18:01:00
se_006127,co_0671,renewal,Small,,2025-12-07,2025-12-07,,,annual,41,200,2400,GBP,paid,2025-12-07T10:52:00
se_006128,co_0672,trial_start,Small,,,,,2025-04-04,annual,62,0,0,GBP,not_applicable,2025-03-28T19:43:00
se_006129,co_0672,converted,Small,,2025-03-31,2025-03-31,,,annual,62,200,2400,GBP,paid,2025-03-31T11:08:00
se_006130,co_0672,renewal,Small,,2026-03-31,2026-03-31,,,annual,62,200,2400,GBP,paid,2026-03-31T19:31:00
se_006131,co_0673,trial_start,Small,,,,,2026-03-03,monthly,68,0,0,GBP,not_applicable,2026-02-24T14:39:00
se_006132,co_0674,trial_start,Small,,,,,2023-09-11,annual,61,0,0,GBP,not_applicable,2023-09-04T10:24:00
se_006133,co_0674,converted,Small,,2023-09-12,2023-09-12,,,annual,61,200,2400,GBP,paid,2023-09-12T14:54:00
se_006134,co_0674,renewal,Small,,2024-09-12,2024-09-12,,,annual,61,200,2400,GBP,paid,2024-09-12T17:42:00
se_006135,co_0674,renewal,Small,,2025-09-12,2025-09-12,,,annual,61,200,2400,GBP,paid,2025-09-12T19:28:00
se_006136,co_0675,trial_start,Medium,,,,,2024-07-18,monthly,193,0,0,GBP,not_applicable,2024-07-11T15:32:00
se_006137,co_0675,converted,Medium,,2024-07-14,2024-07-14,,,monthly,193,750,750,GBP,paid,2024-07-14T11:52:00
se_006138,co_0675,renewal,Medium,,2024-08-14,2024-08-14,,,monthly,193,750,750,GBP,paid,2024-08-14T13:54:00
se_006139,co_0675,renewal,Medium,,2024-09-14,2024-09-14,,,monthly,193,750,750,GBP,paid,2024-09-14T17:18:00
se_006140,co_0675,renewal,Medium,,2024-10-14,2024-10-14,,,monthly,193,750,750,GBP,paid,2024-10-14T10:21:00
se_006141,co_0675,renewal,Medium,,2024-11-14,2024-11-14,,,monthly,193,750,750,GBP,paid,2024-11-14T18:14:00
se_006142,co_0675,renewal,Medium,,2024-12-14,2024-12-14,,,monthly,193,750,750,GBP,paid,2024-12-14T15:22:00
se_006143,co_0675,renewal,Medium,,2025-01-14,2025-01-14,,,monthly,193,750,750,GBP,paid,2025-01-14T10:30:00
se_006144,co_0675,renewal,Medium,,2025-02-19,2025-02-14,,,monthly,193,750,750,GBP,paid,2025-02-14T08:51:00
se_006145,co_0675,renewal,Medium,,2025-03-14,2025-03-14,,,monthly,193,750,750,GBP,paid,2025-03-14T12:17:00
se_006146,co_0675,renewal,Medium,,2025-04-14,2025-04-14,,,monthly,193,750,750,GBP,paid,2025-04-14T18:16:00
se_006147,co_0675,renewal,Medium,,2025-05-14,2025-05-14,,,monthly,193,750,750,GBP,paid,2025-05-14T19:29:00
se_006148,co_0675,renewal,Medium,,2025-06-14,2025-06-14,,,monthly,193,750,750,GBP,paid,2025-06-14T16:46:00
se_006149,co_0675,renewal,Medium,,2025-07-14,2025-07-14,,,monthly,193,750,750,GBP,paid,2025-07-14T15:11:00
se_006150,co_0675,upgrade,Large,Medium,2025-07-21,2025-07-21,,,monthly,193,1500,1500,GBP,paid,2025-07-21T08:31:00
se_006151,co_0675,renewal,Large,,2025-08-14,2025-08-14,,,monthly,193,1500,1500,GBP,paid,2025-08-14T13:31:00
se_006152,co_0675,renewal,Large,,2025-09-14,2025-09-14,,,monthly,193,1500,1500,GBP,paid,2025-09-14T19:56:00
se_006153,co_0675,renewal,Large,,2025-10-14,2025-10-14,,,monthly,193,1500,1500,GBP,paid,2025-10-14T15:38:00
se_006154,co_0675,renewal,Large,,2025-11-24,2025-11-14,,,monthly,193,1500,1500,GBP,paid,2025-11-14T11:20:00
se_006155,co_0675,renewal,Large,,2025-12-14,2025-12-14,,,monthly,193,1500,1500,GBP,paid,2025-12-14T10:44:00
se_006156,co_0675,renewal,Large,,2026-01-14,2026-01-14,,,monthly,193,1500,1500,GBP,paid,2026-01-14T14:02:00
se_006157,co_0675,renewal,Large,,2026-03-03,2026-02-14,,,monthly,193,1500,1500,GBP,paid,2026-02-14T19:41:00
se_006158,co_0675,renewal,Large,,2026-03-14,2026-03-14,,,monthly,193,1500,1500,GBP,paid,2026-03-14T19:22:00
se_006159,co_0675,renewal,Large,,2026-05-05,2026-04-14,,,monthly,193,1500,1500,GBP,paid,2026-04-14T10:43:00
se_006160,co_0675,renewal,Large,,2026-05-14,2026-05-14,,,monthly,193,1500,1500,GBP,paid,2026-05-14T16:16:00
se_006161,co_0675,renewal,Large,,2026-06-14,2026-06-14,,,monthly,193,1500,1500,GBP,paid,2026-06-14T11:56:00
se_006162,co_0676,trial_start,Large,,,,,2025-04-08,monthly,733,0,0,GBP,not_applicable,2025-04-01T12:23:00
se_006163,co_0676,converted,Large,,2025-04-09,2025-04-09,,,monthly,733,1500,1500,GBP,paid,2025-04-09T12:35:00
se_006164,co_0676,renewal,Large,,,2025-05-09,,,monthly,733,1500,1500,GBP,paid,2025-05-09T17:18:00
se_006165,co_0676,renewal,Large,,2025-06-09,2025-06-09,,,monthly,733,1500,1500,GBP,paid,2025-06-09T13:45:00
se_006166,co_0676,renewal,Large,,2025-07-09,2025-07-09,,,monthly,733,1500,1500,GBP,paid,2025-07-09T13:46:00
se_006167,co_0676,renewal,Large,,2025-08-09,2025-08-09,,,monthly,733,1500,1500,GBP,paid,2025-08-09T18:54:00
se_006168,co_0676,renewal,Large,,2025-09-09,2025-09-09,,,monthly,733,1500,1500,GBP,paid,2025-09-09T10:00:00
se_006169,co_0676,renewal,Large,,2025-10-09,2025-10-09,,,monthly,733,1500,1500,GBP,paid,2025-10-09T08:39:00
se_006170,co_0676,upgrade,Bespoke,Large,2025-10-11,2025-10-11,,,monthly,733,1500,1500,GBP,paid,2025-10-11T11:57:00
se_006171,co_0676,renewal,Bespoke,,2025-11-09,2025-11-09,,,monthly,733,1500,1500,GBP,paid,2025-11-09T09:11:00
se_006172,co_0676,renewal,Bespoke,,2025-12-09,2025-12-09,,,monthly,733,1500,1500,GBP,paid,2025-12-09T18:38:00
se_006173,co_0676,renewal,Bespoke,,2026-01-09,2026-01-09,,,monthly,733,1500,1500,GBP,paid,2026-01-09T08:23:00
se_006174,co_0676,renewal,Bespoke,,2026-02-09,2026-02-09,,,monthly,733,1500,1500,GBP,paid,2026-02-09T13:06:00
se_006175,co_0676,renewal,Bespoke,,2026-03-09,2026-03-09,,,monthly,733,1500,1500,GBP,paid,2026-03-09T15:21:00
se_006176,co_0676,renewal,Bespoke,,2026-04-09,2026-04-09,,,monthly,733,1500,1500,GBP,paid,2026-04-09T17:20:00
se_006177,co_0676,renewal,Bespoke ,,2026-05-09,2026-05-09,,,monthly,733,1500,1500,GBP,paid,2026-05-09T09:56:00
se_006178,co_0676,renewal,Bespoke,,2026-06-09,2026-06-09,,,monthly,733,1500,1500,GBP,paid,2026-06-09T08:22:00
se_006179,co_0677,trial_start,Medium,,,,,2025-11-29,monthly,233,0,0,GBP,not_applicable,2025-11-22T13:45:00
se_006180,co_0678,trial_start,Bespoke,,,,,2024-12-11,monthly,1309,0,0,GBP,not_applicable,2024-12-04T17:19:00
se_006181,co_0679,trial_start,Small,,,,,2026-01-05,monthly,78,0,0,GBP,not_applicable,2025-12-29T17:53:00
se_006182,co_0679,converted,Small,,2026-01-03,2026-01-03,,,monthly,78,200,200,GBP,paid,2026-01-03T14:20:00
se_006183,co_0679,renewal,Small,,2026-02-03,2026-02-03,,,monthly,78,200,200,GBP,paid,2026-02-03T10:38:00
se_006184,co_0679,upgrade,Medium,Small,2026-02-07,2026-02-07,,,monthly,78,750,750,GBP,paid,2026-02-07T14:10:00
se_006185,co_0679,renewal,Medium,,2026-03-06,2026-03-03,,,monthly,78,750,750,GBP,paid,2026-03-03T14:17:00
se_006186,co_0679,renewal,Medium,,2026-04-03,2026-04-03,,,monthly,78,750,750,GBP,paid,2026-04-03T12:08:00
se_006187,co_0679,renewal,Medium,,2026-05-23,2026-05-03,,,monthly,78,750,750,GBP,paid,2026-05-03T17:29:00
se_006188,co_0679,renewal,Medium,,2026-06-03,2026-06-03,,,monthly,78,750,750,GBP,paid,2026-06-03T10:35:00
se_006189,co_0680,trial_start,Medium,,,,,2025-09-08,monthly,184,0,0,GBP,not_applicable,2025-09-01T12:58:00
se_006190,co_0680,converted,Medium,,2025-09-10,2025-09-10,,,monthly,184,750,750,GBP,paid,2025-09-10T08:02:00
se_006191,co_0680,renewal,Medium,,2025-10-10,2025-10-10,,,monthly,184,750,750,GBP,paid,2025-10-10T10:00:00
se_006192,co_0680,renewal,Medium,,2025-11-10,2025-11-10,,,monthly,184,750,750,GBP,paid,2025-11-10T10:44:00
se_006193,co_0680,renewal,Medium,,2025-12-10,2025-12-10,,,monthly,184,750,750,GBP,paid,2025-12-10T19:43:00
se_006194,co_0680,renewal,Medium,,2026-01-10,2026-01-10,,,monthly,184,750,750,GBP,paid,2026-01-10T11:47:00
se_006195,co_0680,renewal,Medium,,2026-02-10,2026-02-10,,,monthly,184,750,750,GBP,paid,2026-02-10T13:42:00
se_006196,co_0680,renewal,Medium ,,2026-03-19,2026-03-10,,,monthly,184,750,750,GBP,paid,2026-03-10T11:42:00
se_006197,co_0680,renewal,Medium,,2026-04-10,2026-04-10,,,monthly,184,750,750,GBP,paid,2026-04-10T09:52:00
se_006198,co_0680,renewal,Medium,,2026-05-10,2026-05-10,,,monthly,184,750,750,GBP,paid,2026-05-10T15:05:00
se_006199,co_0680,renewal,Medium,,2026-06-10,2026-06-10,,,monthly,184,750,750,GBP,paid,2026-06-10T10:47:00
se_006200,co_0681,trial_start,Small,,,,,2025-09-30,annual,82,0,0,GBP,not_applicable,2025-09-23T11:29:00
se_006201,co_0681,converted,Small,,2025-09-27,2025-09-27,,,annual,82,200,2400,GBP,paid,2025-09-27T09:06:00
se_006202,co_0681,cancellation_scheduled,Small,,,2026-02-27,,,annual,82,200,2400,GBP,not_applicable,2026-02-27T19:15:00
se_006203,co_0681,voluntary_churn,Small,,,2026-03-21,2026-03-21,,annual,82,200,0,GBP,not_applicable,2026-03-21T08:17:00
se_006204,co_0682,trial_start,Small,,,,,2024-11-23,monthly,102,0,0,GBP,not_applicable,2024-11-16T12:26:00
se_006205,co_0683,trial_start,Small,,,,,2025-11-10,monthly,113,0,0,GBP,not_applicable,2025-11-03T12:50:00
se_006206,co_0683,converted,small,,2025-11-07,2025-11-07,,,monthly,113,200,200,GBP,paid,2025-11-07T12:21:00
se_006207,co_0683,renewal,Small,,2025-12-07,2025-12-07,,,monthly,113,200,200,GBP,paid,2025-12-07T16:45:00
se_006208,co_0683,renewal,Small,,2026-01-19,2026-01-07,,,monthly,113,200,200,GBP,paid,2026-01-07T15:39:00
se_006209,co_0683,renewal,Small,,2026-02-07,2026-02-07,,,monthly,113,200,200,GBP,paid,2026-02-07T11:59:00
se_006210,co_0683,renewal,Small,,2026-03-22,2026-03-07,,,monthly,113,200,200,GBP,paid,2026-03-07T10:34:00
se_006211,co_0683,renewal,Small,,2026-04-13,2026-04-07,,,monthly,113,200,200,GBP,paid,2026-04-07T18:18:00
se_006212,co_0683,renewal,Small,,2026-05-07,2026-05-07,,,monthly,113,200,200,GBP,paid,2026-05-07T08:04:00
se_006213,co_0683,renewal,Small,,2026-06-07,2026-06-07,,,monthly,113,200,200,GBP,paid,2026-06-07T16:11:00
se_006214,co_0684,trial_start,Small,,,,,2026-05-04,monthly,99,0,0,GBP,not_applicable,2026-04-27T11:29:00
se_006215,co_0684,converted,Small,,,2026-05-04,,,monthly,99,200,200,GBP,paid,2026-05-04T18:03:00
se_006216,co_0684,renewal,Small,,2026-06-04,2026-06-04,,,monthly,99,200,200,GBP,paid,2026-06-04T17:35:00
se_006217,co_0685,trial_start,Small,,,,,2026-01-02,monthly,132,0,0,GBP,not_applicable,2025-12-26T15:51:00
se_006218,co_0685,converted,Small,,2026-01-05,2026-01-05,,,monthly,132,200,200,GBP,paid,2026-01-05T12:38:00
se_006219,co_0685,renewal,Small,,2026-02-05,2026-02-05,,,monthly,132,200,200,GBP,paid,2026-02-05T16:05:00
se_006220,co_0685,renewal,Small,,2026-03-05,2026-03-05,,,monthly,132,200,200,GBP,paid,2026-03-05T09:42:00
se_006221,co_0685,renewal,Small,,2026-04-05,2026-04-05,,,monthly,132,200,200,GBP,paid,2026-04-05T11:14:00
se_006222,co_0685,renewal,Small,,2026-05-05,2026-05-05,,,monthly,132,200,200,GBP,paid,2026-05-05T16:03:00
se_006223,co_0685,renewal,Small,,2026-06-05,2026-06-05,,,monthly,132,200,200,GBP,paid,2026-06-05T10:33:00
se_006224,co_0686,trial_start,Small,,,,,2024-09-01,annual,107,0,0,GBP,not_applicable,2024-08-25T17:02:00
se_006225,co_0687,trial_start,Medium,,,,,2025-10-11,monthly,165,0,0,GBP,not_applicable,2025-10-04T12:09:00
se_006226,co_0688,trial_start,Medium,,,,,2026-01-12,annual,260,0,0,GBP,not_applicable,2026-01-05T14:13:00
se_006227,co_0688,converted,Medium,,2026-01-08,2026-01-08,,,annual,260,750,9000,GBP,paid,2026-01-08T09:41:00
se_006228,co_0689,trial_start,Small,,,,,2024-07-04,annual,104,0,0,GBP,not_applicable,2024-06-27T15:23:00
se_006229,co_0689,converted,Small,,,2024-07-04,,,annual,104,200,2400,GBP,paid,2024-07-04T16:58:00
se_006230,co_0689,renewal,Small,,2025-07-12,2025-07-04,,,annual,104,200,2400,GBP,paid,2025-07-04T19:24:00
se_006231,co_0690,trial_start,Medium,,,,,2023-11-02,annual,351,0,0,GBP,not_applicable,2023-10-26T10:18:00
se_006232,co_0690,converted,Medium,,2023-10-31,2023-10-31,,,annual,351,750,9000,GBP,paid,2023-10-31T14:11:00
se_006233,co_0690,payment_failed,Medium,,2024-10-31,2024-10-31,,,annual,351,750,750,GBP,failed,2024-10-31T16:53:00
se_006234,co_0690,payment_recovered,Medium,,2024-11-13,2024-11-13,,,annual,351,750,9000,GBP,paid,2024-11-13T13:47:00
se_006235,co_0690,renewal,Medium,,2025-10-31,2025-10-31,,,annual,351,750,9000,GBP,paid,2025-10-31T14:33:00
se_006236,co_0691,trial_start,Small,,,,,2025-02-11,annual,74,0,0,GBP,not_applicable,2025-02-04T17:58:00
se_006237,co_0691,converted,Small,,2025-02-10,2025-02-10,,,annual,74,200,2400,GBP,paid,2025-02-10T08:03:00
se_006238,co_0691,renewal,Small,,2026-02-10,2026-02-10,,,annual,74,200,2400,GBP,paid,2026-02-10T16:47:00
se_006239,co_0692,trial_start,Small,,,,,2023-11-18,monthly,95,0,0,GBP,not_applicable,2023-11-11T17:35:00
se_006240,co_0692,converted,Small,,2023-11-21,2023-11-21,,,monthly,95,200,200,GBP,paid,2023-11-21T08:00:00
se_006241,co_0692,renewal,Small,,2023-12-21,2023-12-21,,,monthly,95,200,200,GBP,paid,2023-12-21T12:41:00
se_006242,co_0692,renewal,Small,,2024-01-21,2024-01-21,,,monthly,95,200,200,GBP,paid,2024-01-21T12:26:00
se_006243,co_0692,renewal,Small,,2024-02-21,2024-02-21,,,monthly,95,200,200,GBP,paid,2024-02-21T10:49:00
se_006244,co_0692,renewal,Small,,2024-03-21,2024-03-21,,,monthly,95,200,200,GBP,paid,2024-03-21T14:03:00
se_006245,co_0692,renewal,Small,,,2024-04-21,,,monthly,95,200,200,GBP,paid,2024-04-21T12:53:00
se_006246,co_0692,renewal,Small,,2024-05-21,2024-05-21,,,monthly,95,200,200,GBP,paid,2024-05-21T09:56:00
se_006247,co_0692,renewal,Small,,2024-06-21,2024-06-21,,,monthly,95,200,200,GBP,paid,2024-06-21T12:22:00
se_006248,co_0692,renewal,Small,,2024-07-21,2024-07-21,,,monthly,95,200,200,GBP,paid,2024-07-21T18:39:00
se_006249,co_0692,renewal,Small,,2024-09-09,2024-08-21,,,monthly,95,200,200,GBP,paid,2024-08-21T17:31:00
se_006250,co_0692,renewal,Small,,2024-09-21,2024-09-21,,,monthly,95,200,200,GBP,paid,2024-09-21T12:44:00
se_006251,co_0692,renewal,Small,,2024-10-21,2024-10-21,,,monthly,95,200,200,GBP,paid,2024-10-21T11:39:00
se_006252,co_0692,renewal,Small,,2024-11-21,2024-11-21,,,monthly,95,200,200,GBP,paid,2024-11-21T19:54:00
se_006253,co_0692,renewal,Small,,2024-12-21,2024-12-21,,,monthly,95,200,200,GBP,paid,2024-12-21T17:20:00
se_006254,co_0692,renewal,Small,,2025-01-21,2025-01-21,,,monthly,95,200,200,GBP,paid,2025-01-21T15:56:00
se_006255,co_0692,renewal,Small,,2025-02-21,2025-02-21,,,monthly,95,200,200,GBP,paid,2025-02-21T16:47:00
se_006256,co_0692,renewal,Small,,2025-03-21,2025-03-21,,,monthly,95,200,200,GBP,paid,2025-03-21T09:05:00
se_006257,co_0692,renewal,Small,,2025-04-21,2025-04-21,,,monthly,95,200,200,GBP,paid,2025-04-21T09:07:00
se_006258,co_0692,renewal,Small,,2025-05-21,2025-05-21,,,monthly,95,200,200,GBP,paid,2025-05-21T08:44:00
se_006259,co_0692,renewal,Small,,2025-06-21,2025-06-21,,,monthly,95,200,200,GBP,paid,2025-06-21T19:36:00
se_006260,co_0692,renewal,Small,,2025-07-21,2025-07-21,,,monthly,95,200,200,GBP,paid,2025-07-21T16:13:00
se_006261,co_0692,renewal,Small,,2025-08-21,2025-08-21,,,monthly,95,200,200,GBP,paid,2025-08-21T19:36:00
se_006262,co_0692,renewal,Small,,2025-09-21,2025-09-21,,,monthly,95,200,200,GBP,paid,2025-09-21T17:58:00
se_006263,co_0692,renewal,Small,,2025-10-21,2025-10-21,,,monthly,95,200,200,GBP,paid,2025-10-21T12:15:00
se_006264,co_0692,renewal,Small,,2025-11-21,2025-11-21,,,monthly,95,200,200,GBP,paid,2025-11-21T19:46:00
se_006265,co_0692,renewal,Small,,2025-12-21,2025-12-21,,,monthly,95,200,200,GBP,paid,2025-12-21T17:32:00
se_006266,co_0692,payment_failed,Small,,2026-01-21,2026-01-21,,,monthly,95,200,200,GBP,failed,2026-01-21T10:36:00
se_006267,co_0692,renewal,Small,,,2026-02-21,,,monthly,95,200,200,GBP,paid,2026-02-21T19:17:00
se_006268,co_0692,renewal,Small,,2026-03-21,2026-03-21,,,monthly,95,200,200,GBP,paid,2026-03-21T17:11:00
se_006269,co_0692,renewal,Small,,2026-04-21,2026-04-21,,,monthly,95,200,200,GBP,paid,2026-04-21T08:12:00
se_006270,co_0692,renewal,Small,,2026-05-21,2026-05-21,,,monthly,95,200,200,GBP,paid,2026-05-21T08:27:00
se_006271,co_0692,renewal,Small,,2026-06-21,2026-06-21,,,monthly,95,200,200,GBP,paid,2026-06-21T19:35:00
se_006272,co_0693,trial_start,Medium,,,,,2026-03-12,monthly,121,0,0,GBP,not_applicable,2026-03-05T16:13:00
se_006273,co_0694,trial_start,Small,,,,,2024-08-15,monthly,92,0,0,GBP,not_applicable,2024-08-08T12:35:00
se_006274,co_0694,converted,Small,,2024-08-16,2024-08-16,,,monthly,92,200,200,GBP,paid,2024-08-16T12:47:00
se_006275,co_0694,renewal,Small,,2024-09-20,2024-09-16,,,monthly,92,200,200,GBP,paid,2024-09-16T08:01:00
se_006276,co_0694,renewal,Small,,2024-10-16,2024-10-16,,,monthly,92,200,200,GBP,paid,2024-10-16T18:50:00
se_006277,co_0694,renewal,Small,,2024-11-16,2024-11-16,,,monthly,92,200,200,GBP,paid,2024-11-16T19:59:00
se_006278,co_0694,renewal,Small,,2024-12-16,2024-12-16,,,monthly,92,200,200,GBP,paid,2024-12-16T09:42:00
se_006279,co_0694,renewal,Small,,2025-01-16,2025-01-16,,,monthly,92,200,200,GBP,paid,2025-01-16T11:06:00
se_006280,co_0694,payment_failed,Small,,2025-02-16,2025-02-16,,,monthly,92,200,200,GBP,failed,2025-02-16T12:21:00
se_006281,co_0694,renewal,Small,,2025-03-16,2025-03-16,,,monthly,92,200,200,GBP,paid,2025-03-16T19:41:00
se_006282,co_0694,renewal,Small,,2025-04-16,2025-04-16,,,monthly,92,200,200,GBP,paid,2025-04-16T17:29:00
se_006283,co_0694,renewal,Small,,2025-05-16,2025-05-16,,,monthly,92,200,200,GBP,paid,2025-05-16T15:50:00
se_006284,co_0694,payment_failed,Small,,2025-06-16,2025-06-16,,,monthly,92,200,200,GBP,failed,2025-06-16T14:38:00
se_006285,co_0694,delinquent_churn,Small,,,2025-07-07,2025-07-07,,monthly,92,200,0,GBP,not_applicable,2025-07-07T14:45:00
se_006286,co_0695,trial_start,Large,,,,,2026-02-08,annual,823,0,0,GBP,not_applicable,2026-02-01T15:10:00
se_006287,co_0695,converted,Large,,2026-02-05,2026-02-05,,,annual,823,1500,18000,GBP,paid,2026-02-05T13:44:00
se_006288,co_0696,trial_start,Small,,,,,2025-02-05,monthly,42,0,0,GBP,not_applicable,2025-01-29T09:17:00
se_006289,co_0696,converted,Small,,2025-02-03,2025-02-03,,,monthly,42,200,200,GBP,paid,2025-02-03T09:12:00
se_006290,co_0696,renewal,Small,,2025-03-03,2025-03-03,,,monthly,42,200,200,GBP,paid,2025-03-03T14:57:00
se_006291,co_0696,renewal,Small,,2025-04-03,2025-04-03,,,monthly,42,200,200,GBP,paid,2025-04-03T12:44:00
se_006292,co_0696,renewal,Small,,2025-05-03,2025-05-03,,,monthly,42,200,200,GBP,paid,2025-05-03T15:37:00
se_006293,co_0696,renewal,Small,,2025-06-03,2025-06-03,,,monthly,42,200,200,GBP,paid,2025-06-03T17:17:00
se_006294,co_0696,renewal,Small,,2025-07-03,2025-07-03,,,monthly,42,200,200,GBP,paid,2025-07-03T14:21:00
se_006295,co_0696,renewal,Small,,2025-08-03,2025-08-03,,,monthly,42,200,200,GBP,paid,2025-08-03T13:07:00
se_006296,co_0696,renewal,Small,,2025-09-03,2025-09-03,,,monthly,42,200,200,GBP,paid,2025-09-03T08:39:00
se_006297,co_0696,renewal,Small,,2025-10-03,2025-10-03,,,monthly,42,200,200,GBP,paid,2025-10-03T10:37:00
se_006298,co_0696,renewal,Small,,2025-11-03,2025-11-03,,,monthly,42,200,200,GBP,paid,2025-11-03T10:40:00
se_006299,co_0696,renewal,small,,2025-12-03,2025-12-03,,,monthly,42,200,200,GBP,paid,2025-12-03T18:32:00
se_006300,co_0696,renewal,Small,,2026-01-03,2026-01-03,,,monthly,42,200,200,GBP,paid,2026-01-03T18:20:00
se_006301,co_0696,renewal,Small,,2026-02-03,2026-02-03,,,monthly,42,200,200,GBP,paid,2026-02-03T17:22:00
se_006302,co_0696,renewal,Small,,2026-03-03,2026-03-03,,,monthly,42,200,200,GBP,paid,2026-03-03T10:11:00
se_006303,co_0696,renewal,Small,,2026-04-03,2026-04-03,,,monthly,42,200,200,GBP,paid,2026-04-03T14:23:00
se_006304,co_0696,renewal,Small,,2026-05-03,2026-05-03,,,monthly,42,200,200,GBP,paid,2026-05-03T10:10:00
se_006305,co_0696,renewal,Small,,2026-06-03,2026-06-03,,,monthly,42,200,200,GBP,paid,2026-06-03T13:25:00
se_006306,co_0697,trial_start,Small,,,,,2026-05-13,monthly,52,0,0,GBP,not_applicable,2026-05-06T12:29:00
se_006307,co_0697,converted,Small,,,2026-05-16,,,monthly,52,200,200,GBP,paid,2026-05-16T10:49:00
se_006308,co_0697,renewal,Small,,2026-06-16,2026-06-16,,,monthly,52,200,200,GBP,paid,2026-06-16T09:34:00
se_006309,co_0698,trial_start,Medium,,,,,2023-09-02,annual,135,0,0,GBP,not_applicable,2023-08-26T08:23:00
se_006310,co_0698,converted,Medium,,2023-08-30,2023-08-30,,,annual,135,750,9000,GBP,paid,2023-08-30T17:38:00
se_006311,co_0698,renewal,Medium,,2024-08-30,2024-08-30,,,annual,135,750,9000,GBP,paid,2024-08-30T12:23:00
se_006312,co_0698,renewal,Medium,,2025-08-30,2025-08-30,,,annual,135,750,9000,GBP,paid,2025-08-30T10:09:00
se_006313,co_0699,trial_start,Small,,,,,2023-11-24,monthly,92,0,0,GBP,not_applicable,2023-11-17T10:19:00
se_006314,co_0699,converted,Small,,2023-11-25,2023-11-25,,,monthly,92,200,200,GBP,paid,2023-11-25T13:30:00
se_006315,co_0699,renewal,small,,2023-12-25,2023-12-25,,,monthly,92,200,200,GBP,paid,2023-12-25T14:31:00
se_006316,co_0699,renewal,Small,,2024-01-25,2024-01-25,,,monthly,92,200,200,GBP,paid,2024-01-25T18:37:00
se_006317,co_0699,renewal,Small,,2024-02-25,2024-02-25,,,monthly,92,200,200,GBP,paid,2024-02-25T09:54:00
se_006318,co_0699,renewal,Small,,2024-03-25,2024-03-25,,,monthly,92,200,200,GBP,paid,2024-03-25T17:43:00
se_006319,co_0699,renewal,Small,,2024-04-25,2024-04-25,,,monthly,92,200,200,GBP,paid,2024-04-25T11:12:00
se_006320,co_0699,renewal,Small,,2024-05-25,2024-05-25,,,monthly,92,200,200,GBP,paid,2024-05-25T10:45:00
se_006321,co_0699,upgrade,Medium,Small,2024-05-31,2024-05-31,,,monthly,92,750,750,GBP,paid,2024-05-31T09:44:00
se_006322,co_0699,renewal,Medium,,2024-06-25,2024-06-25,,,monthly,92,750,750,GBP,paid,2024-06-25T11:41:00
se_006323,co_0699,renewal,Medium,,2024-07-25,2024-07-25,,,monthly,92,750,750,GBP,paid,2024-07-25T19:13:00
se_006324,co_0699,renewal,Medium,,2024-08-25,2024-08-25,,,monthly,92,750,750,GBP,paid,2024-08-25T16:50:00
se_006325,co_0699,renewal,Medium,,2024-09-25,2024-09-25,,,monthly,92,750,750,GBP,paid,2024-09-25T18:42:00
se_006326,co_0699,renewal,Medium,,2024-10-25,2024-10-25,,,monthly,92,750,750,GBP,paid,2024-10-25T09:27:00
se_006327,co_0699,renewal,Medium,,2024-11-25,2024-11-25,,,monthly,92,750,750,GBP,paid,2024-11-25T17:04:00
se_006328,co_0699,renewal,Medium,,2024-12-25,2024-12-25,,,monthly,92,750,750,GBP,paid,2024-12-25T11:56:00
se_006329,co_0699,payment_failed,Medium,,2025-01-25,2025-01-25,,,monthly,92,750,750,GBP,failed,2025-01-25T12:22:00
se_006330,co_0699,payment_recovered,Medium,,2025-03-02,2025-02-11,,,monthly,92,750,750,GBP,paid,2025-02-11T16:28:00
se_006331,co_0699,renewal,Medium,,2025-02-25,2025-02-25,,,monthly,92,750,750,GBP,paid,2025-02-25T19:37:00
se_006332,co_0699,renewal,Medium,,2025-03-25,2025-03-25,,,monthly,92,750,750,GBP,paid,2025-03-25T18:12:00
se_006333,co_0699,renewal,Medium,,2025-04-25,2025-04-25,,,monthly,92,750,750,GBP,paid,2025-04-25T11:09:00
se_006334,co_0699,renewal,Medium,,2025-06-02,2025-05-25,,,monthly,92,750,750,GBP,paid,2025-05-25T10:26:00
se_006335,co_0699,renewal,Medium,,2025-06-25,2025-06-25,,,monthly,92,750,750,GBP,paid,2025-06-25T12:09:00
se_006336,co_0699,renewal,Medium,,2025-07-25,2025-07-25,,,monthly,92,750,750,GBP,paid,2025-07-25T14:07:00
se_006337,co_0699,renewal,Medium,,2025-08-25,2025-08-25,,,monthly,92,750,750,GBP,paid,2025-08-25T10:53:00
se_006338,co_0699,renewal,Medium,,2025-09-25,2025-09-25,,,monthly,92,750,750,GBP,paid,2025-09-25T18:04:00
se_006339,co_0699,renewal,Medium,,2025-10-25,2025-10-25,,,monthly,92,750,750,GBP,paid,2025-10-25T08:53:00
se_006340,co_0699,renewal,Medium,,2025-11-25,2025-11-25,,,monthly,92,750,750,GBP,paid,2025-11-25T15:51:00
se_006341,co_0699,payment_failed,Medium,,2025-12-25,2025-12-25,,,monthly,92,750,750,GBP,failed,2025-12-25T08:30:00
se_006342,co_0699,payment_recovered,Medium,,2026-01-05,2026-01-05,,,monthly,92,750,750,GBP,paid,2026-01-05T14:16:00
se_006343,co_0699,renewal,Medium,,2026-01-25,2026-01-25,,,monthly,92,750,750,GBP,paid,2026-01-25T14:45:00
se_006344,co_0699,renewal,Medium,,2026-02-25,2026-02-25,,,monthly,92,750,750,GBP,paid,2026-02-25T08:57:00
se_006345,co_0699,renewal,Medium,,2026-04-15,2026-03-25,,,monthly,92,750,750,GBP,paid,2026-03-25T13:26:00
se_006346,co_0699,renewal,Medium,,2026-04-25,2026-04-25,,,monthly,92,750,750,GBP,paid,2026-04-25T16:27:00
se_006347,co_0699,renewal,Medium,,2026-05-25,2026-05-25,,,monthly,92,750,750,GBP,paid,2026-05-25T15:30:00
se_006348,co_0699,renewal,Medium,,2026-06-25,2026-06-25,,,monthly,92,750,750,GBP,paid,2026-06-25T08:54:00
se_006349,co_0700,trial_start,Small,,,,,2025-07-23,annual,49,0,0,GBP,not_applicable,2025-07-16T12:32:00
se_006350,co_0700,converted,Small,,2025-07-24,2025-07-24,,,annual,49,200,2400,GBP,paid,2025-07-24T17:39:00
se_006351,co_0701,trial_start,Small,,,,,2024-01-28,monthly,130,0,0,GBP,not_applicable,2024-01-21T14:23:00
se_006352,co_0702,trial_start,Medium,,,,,2026-05-22,monthly,158,0,0,GBP,not_applicable,2026-05-15T19:17:00
se_006353,co_0703,trial_start,Medium,,,,,2025-11-22,monthly,288,0,0,GBP,not_applicable,2025-11-15T11:13:00
se_006354,co_0703,converted,Medium,,2025-11-17,2025-11-17,,,monthly,288,750,750,GBP,paid,2025-11-17T19:51:00
se_006355,co_0703,renewal,Medium,,2025-12-17,2025-12-17,,,monthly,288,750,750,GBP,paid,2025-12-17T08:49:00
se_006356,co_0703,renewal,Medium,,2026-01-17,2026-01-17,,,monthly,288,750,750,GBP,paid,2026-01-17T15:29:00
se_006357,co_0703,renewal,Medium,,2026-02-17,2026-02-17,,,monthly,288,750,750,GBP,paid,2026-02-17T11:22:00
se_006358,co_0703,renewal,Medium,,2026-03-17,2026-03-17,,,monthly,288,750,750,GBP,paid,2026-03-17T14:59:00
se_006359,co_0703,renewal,Medium,,2026-04-17,2026-04-17,,,monthly,288,750,750,GBP,paid,2026-04-17T17:54:00
se_006360,co_0703,renewal,Medium,,2026-05-17,2026-05-17,,,monthly,288,750,750,GBP,paid,2026-05-17T11:33:00
se_006361,co_0703,renewal,Medium,,2026-06-17,2026-06-17,,,monthly,288,750,750,GBP,paid,2026-06-17T08:21:00
se_006362,co_0704,trial_start,Medium,,,,,2024-06-15,annual,299,0,0,GBP,not_applicable,2024-06-08T16:04:00
se_006363,co_0705,trial_start,Medium,,,,,2023-09-06,annual,196,0,0,GBP,not_applicable,2023-08-30T11:41:00
se_006364,co_0705,converted,Medium,,2023-09-04,2023-09-04,,,annual,196,750,9000,GBP,paid,2023-09-04T17:17:00
se_006365,co_0705,renewal,Medium,,2024-09-23,2024-09-04,,,annual,196,750,9000,GBP,paid,2024-09-04T13:27:00
se_006366,co_0705,renewal,Medium,,2025-09-04,2025-09-04,,,annual,196,750,9000,GBP,paid,2025-09-04T14:58:00
se_006367,co_0706,trial_start,Medium,,,,,2025-02-01,monthly,280,0,0,GBP,not_applicable,2025-01-25T15:45:00
se_006368,co_0706,converted,Medium,,2025-01-31,2025-01-31,,,monthly,280,750,750,GBP,paid,2025-01-31T10:57:00
se_006369,co_0706,renewal,Medium,,2025-02-28,2025-02-28,,,monthly,280,750,750,GBP,paid,2025-02-28T18:08:00
se_006370,co_0706,renewal,Medium,,2025-03-28,2025-03-28,,,monthly,280,750,750,GBP,paid,2025-03-28T17:16:00
se_006371,co_0706,renewal,Medium,,2025-04-28,2025-04-28,,,monthly,280,750,750,GBP,paid,2025-04-28T11:25:00
se_006372,co_0706,renewal,Medium,,2025-05-28,2025-05-28,,,monthly,280,750,750,GBP,paid,2025-05-28T14:25:00
se_006373,co_0706,renewal,Medium,,2025-06-28,2025-06-28,,,monthly,280,750,750,GBP,paid,2025-06-28T11:32:00
se_006374,co_0706,renewal,Medium,,2025-07-28,2025-07-28,,,monthly,280,750,750,GBP,paid,2025-07-28T10:42:00
se_006375,co_0706,renewal,Medium,,2025-08-28,2025-08-28,,,monthly,280,750,750,GBP,paid,2025-08-28T17:48:00
se_006376,co_0706,renewal,Medium,,2025-09-28,2025-09-28,,,monthly,280,750,750,GBP,paid,2025-09-28T12:46:00
se_006377,co_0706,renewal,Medium,,2025-10-28,2025-10-28,,,monthly,280,750,750,GBP,paid,2025-10-28T11:08:00
se_006378,co_0706,renewal,Medium,,2025-12-13,2025-11-28,,,monthly,280,750,750,GBP,paid,2025-11-28T19:12:00
se_006379,co_0706,renewal,Medium,,2025-12-28,2025-12-28,,,monthly,280,750,750,GBP,paid,2025-12-28T09:25:00
se_006380,co_0706,renewal,Medium,,2026-01-28,2026-01-28,,,monthly,280,750,750,GBP,paid,2026-01-28T18:56:00
se_006381,co_0706,renewal,Medium,,2026-02-28,2026-02-28,,,monthly,280,750,750,GBP,paid,2026-02-28T11:15:00
se_006382,co_0706,renewal,Medium,,2026-03-28,2026-03-28,,,monthly,280,750,750,GBP,paid,2026-03-28T12:02:00
se_006383,co_0706,renewal,Medium,,2026-04-28,2026-04-28,,,monthly,280,750,750,GBP,paid,2026-04-28T08:35:00
se_006384,co_0706,renewal,Medium,,2026-05-28,2026-05-28,,,monthly,280,750,750,GBP,paid,2026-05-28T10:26:00
se_006385,co_0706,renewal,Medium,,2026-06-28,2026-06-28,,,monthly,280,750,750,GBP,paid,2026-06-28T11:45:00
se_006386,co_0707,trial_start,Small,,,,,2024-06-14,monthly,111,0,0,GBP,not_applicable,2024-06-07T16:23:00
se_006387,co_0707,converted,Small,,2024-06-09,2024-06-09,,,monthly,111,200,200,GBP,paid,2024-06-09T16:09:00
se_006388,co_0707,renewal,Small,,2024-07-09,2024-07-09,,,monthly,111,200,200,GBP,paid,2024-07-09T14:32:00
se_006389,co_0707,renewal,Small,,2024-08-23,2024-08-09,,,monthly,111,200,200,GBP,paid,2024-08-09T19:46:00
se_006390,co_0707,renewal,Small,,2024-09-09,2024-09-09,,,monthly,111,200,200,GBP,paid,2024-09-09T10:34:00
se_006391,co_0707,renewal,Small,,2024-10-14,2024-10-09,,,monthly,111,200,200,GBP,paid,2024-10-09T17:07:00
se_006392,co_0707,renewal,Small,,2024-11-09,2024-11-09,,,monthly,111,200,200,GBP,paid,2024-11-09T11:39:00
se_006393,co_0707,renewal,Small ,,2024-12-09,2024-12-09,,,monthly,111,200,200,GBP,paid,2024-12-09T13:11:00
se_006394,co_0707,renewal,Small,,2025-01-09,2025-01-09,,,monthly,111,200,200,GBP,paid,2025-01-09T15:33:00
se_006395,co_0707,renewal,Small,,2025-02-09,2025-02-09,,,monthly,111,200,200,GBP,paid,2025-02-09T14:03:00
se_006396,co_0707,renewal,Small,,2025-03-09,2025-03-09,,,monthly,111,200,200,GBP,paid,2025-03-09T19:12:00
se_006397,co_0707,renewal,Small,,2025-04-09,2025-04-09,,,monthly,111,200,200,GBP,paid,2025-04-09T11:53:00
se_006398,co_0707,renewal,Small,,2025-05-09,2025-05-09,,,monthly,111,200,200,GBP,paid,2025-05-09T08:32:00
se_006399,co_0707,renewal,Small,,2025-06-09,2025-06-09,,,monthly,111,200,200,GBP,paid,2025-06-09T14:46:00
se_006400,co_0707,renewal,Small,,2025-07-09,2025-07-09,,,monthly,111,200,200,GBP,paid,2025-07-09T11:28:00
se_006401,co_0707,renewal,Small,,2025-08-09,2025-08-09,,,monthly,111,200,200,GBP,paid,2025-08-09T10:33:00
se_006402,co_0707,renewal,Small,,2025-09-09,2025-09-09,,,monthly,111,200,200,GBP,paid,2025-09-09T09:10:00
se_006403,co_0707,renewal,Small,,2025-10-09,2025-10-09,,,monthly,111,200,200,GBP,paid,2025-10-09T11:15:00
se_006404,co_0707,renewal,Small,,2025-11-14,2025-11-09,,,monthly,111,200,200,GBP,paid,2025-11-09T18:28:00
se_006405,co_0707,renewal,Small,,2025-12-09,2025-12-09,,,monthly,111,200,200,GBP,paid,2025-12-09T14:36:00
se_006406,co_0707,renewal,Small,,2026-01-09,2026-01-09,,,monthly,111,200,200,GBP,paid,2026-01-09T09:06:00
se_006407,co_0707,renewal,Small,,2026-02-09,2026-02-09,,,monthly,111,200,200,GBP,paid,2026-02-09T17:05:00
se_006408,co_0707,renewal,Small,,2026-03-09,2026-03-09,,,monthly,111,200,200,GBP,paid,2026-03-09T15:21:00
se_006409,co_0707,renewal,Small,,2026-04-09,2026-04-09,,,monthly,111,200,200,GBP,paid,2026-04-09T14:57:00
se_006410,co_0707,renewal,Small,,2026-05-09,2026-05-09,,,monthly,111,200,200,GBP,paid,2026-05-09T13:37:00
se_006411,co_0707,renewal,Small,,2026-06-09,2026-06-09,,,monthly,111,200,200,GBP,paid,2026-06-09T17:59:00
se_006412,co_0708,trial_start,Medium,,,,,2023-08-09,monthly,274,0,0,GBP,not_applicable,2023-08-02T18:35:00
se_006413,co_0709,trial_start,Small,,,,,2024-08-03,monthly,66,0,0,GBP,not_applicable,2024-07-27T10:09:00
se_006414,co_0710,trial_start,Medium,,,,,2023-08-02,annual,144,0,0,GBP,not_applicable,2023-07-26T19:57:00
se_006415,co_0710,converted,Medium,,2023-08-02,2023-08-02,,,annual,144,750,9000,GBP,paid,2023-08-02T19:38:00
se_006416,co_0710,renewal,Medium,,2024-08-14,2024-08-02,,,annual,144,750,9000,GBP,paid,2024-08-02T17:35:00
se_006417,co_0710,renewal,Medium,,,2025-08-02,,,annual,144,750,9000,GBP,paid,2025-08-02T11:39:00
se_006418,co_0711,trial_start,Medium,,,,,2026-01-24,monthly,396,0,0,GBP,not_applicable,2026-01-17T08:48:00
se_006419,co_0711,converted,Medium,,2026-01-24,2026-01-24,,,monthly,396,750,750,GBP,paid,2026-01-24T10:45:00
se_006420,co_0711,renewal,Medium,,2026-02-24,2026-02-24,,,monthly,396,750,750,GBP,paid,2026-02-24T12:12:00
se_006421,co_0711,renewal,Medium,,2026-03-24,2026-03-24,,,monthly,396,750,750,GBP,paid,2026-03-24T13:29:00
se_006422,co_0711,renewal,Medium,,2026-04-24,2026-04-24,,,monthly,396,750,750,GBP,paid,2026-04-24T18:12:00
se_006423,co_0711,renewal,Medium,,2026-06-05,2026-05-24,,,monthly,396,750,750,GBP,paid,2026-05-24T14:30:00
se_006424,co_0711,renewal,Medium,,2026-06-24,2026-06-24,,,monthly,396,750,750,GBP,paid,2026-06-24T11:09:00
se_006425,co_0712,trial_start,Medium,,,,,2023-12-22,annual,330,0,0,GBP,not_applicable,2023-12-15T12:37:00
se_006426,co_0712,converted,Medium,,2023-12-22,2023-12-22,,,annual,330,750,9000,GBP,paid,2023-12-22T11:09:00
se_006427,co_0712,renewal,Medium,,2024-12-22,2024-12-22,,,annual,330,750,9000,GBP,paid,2024-12-22T14:01:00
se_006428,co_0712,renewal,Medium,,2025-12-22,2025-12-22,,,annual,330,750,9000,GBP,paid,2025-12-22T09:26:00
se_006429,co_0713,trial_start,Small,,,,,2023-11-18,annual,149,0,0,GBP,not_applicable,2023-11-11T08:20:00
se_006430,co_0714,trial_start,Small,,,,,2025-11-22,monthly,106,0,0,GBP,not_applicable,2025-11-15T18:39:00
se_006431,co_0714,converted,Small,,2025-11-19,2025-11-19,,,monthly,106,200,200,GBP,paid,2025-11-19T09:21:00
se_006432,co_0714,renewal,Small,,2025-12-19,2025-12-19,,,monthly,106,200,200,GBP,paid,2025-12-19T17:55:00
se_006433,co_0714,renewal,Small,,2026-01-19,2026-01-19,,,monthly,106,200,200,GBP,paid,2026-01-19T19:42:00
se_006434,co_0714,renewal,Small,,2026-02-19,2026-02-19,,,monthly,106,200,200,GBP,paid,2026-02-19T11:18:00
se_006435,co_0714,renewal,Small,,2026-03-19,2026-03-19,,,monthly,106,200,200,GBP,paid,2026-03-19T10:21:00
se_006436,co_0714,renewal,Small,,,2026-04-19,,,monthly,106,200,200,GBP,paid,2026-04-19T10:36:00
se_006437,co_0714,renewal,Small,,2026-05-19,2026-05-19,,,monthly,106,200,200,GBP,paid,2026-05-19T09:16:00
se_006438,co_0714,renewal,Small,,2026-06-19,2026-06-19,,,monthly,106,200,200,GBP,paid,2026-06-19T11:41:00
se_006439,co_0715,trial_start,Small,,,,,2023-11-14,annual,61,0,0,GBP,not_applicable,2023-11-07T18:55:00
se_006440,co_0716,trial_start,Medium,,,,,2025-05-14,annual,136,0,0,GBP,not_applicable,2025-05-07T19:26:00
se_006441,co_0716,converted,Medium,,2025-05-13,2025-05-13,,,annual,136,750,9000,GBP,paid,2025-05-13T16:51:00
se_006442,co_0716,delinquent_churn,Medium,,,2026-02-07,2026-02-07,,annual,136,750,0,GBP,not_applicable,2026-02-07T08:07:00
se_006443,co_0716,reactivation,Medium,,2026-04-02,2026-04-02,,,annual,136,750,9000,GBP,paid,2026-04-02T16:35:00
se_006444,co_0717,trial_start,Medium,,,,,2025-07-28,annual,520,0,0,GBP,not_applicable,2025-07-21T14:12:00
se_006445,co_0717,converted,Medium,,2025-07-27,2025-07-27,,,annual,520,750,9000,GBP,paid,2025-07-27T11:19:00
se_006446,co_0718,trial_start,Small,,,,,2023-12-31,annual,82,0,0,EUR,not_applicable,2023-12-24T13:28:00
se_006447,co_0718,converted,Small,,2023-12-27,2023-12-27,,,annual,82,200,2400,EUR,paid,2023-12-27T14:43:00
se_006448,co_0718,renewal,Small,,2024-12-27,2024-12-27,,,annual,82,200,2400,EUR,paid,2024-12-27T13:29:00
se_006449,co_0718,renewal,Small,,2025-12-27,2025-12-27,,,annual,82,200,2400,EUR,paid,2025-12-27T13:45:00
se_006450,co_0719,trial_start,Medium,,,,,2023-11-28,annual,268,0,0,GBP,not_applicable,2023-11-21T10:12:00
se_006451,co_0719,converted,Medium,,2023-11-23,2023-11-23,,,annual,268,750,9000,GBP,paid,2023-11-23T08:22:00
se_006452,co_0719,renewal,Medium,,2024-11-23,2024-11-23,,,annual,268,750,9000,GBP,paid,2024-11-23T18:30:00
se_006453,co_0719,renewal,Medium,,2025-11-23,2025-11-23,,,annual,268,750,9000,GBP,paid,2025-11-23T19:50:00
se_006454,co_0720,trial_start,Small,,,,,2024-01-25,monthly,70,0,0,GBP,not_applicable,2024-01-18T14:44:00
se_006455,co_0720,converted,Small,,2024-01-20,2024-01-20,,,monthly,70,200,200,GBP,paid,2024-01-20T15:03:00
se_006456,co_0720,renewal,Small,,2024-02-20,2024-02-20,,,monthly,70,200,200,GBP,paid,2024-02-20T12:45:00
se_006457,co_0720,renewal,Small,,2024-03-20,2024-03-20,,,monthly,70,200,200,GBP,paid,2024-03-20T11:20:00
se_006458,co_0720,renewal,Small,,2024-04-20,2024-04-20,,,monthly,70,200,200,GBP,paid,2024-04-20T08:01:00
se_006459,co_0720,renewal,Small,,2024-05-20,2024-05-20,,,monthly,70,200,200,GBP,paid,2024-05-20T08:29:00
se_006460,co_0720,renewal,Small,,2024-06-20,2024-06-20,,,monthly,70,200,200,GBP,paid,2024-06-20T16:17:00
se_006461,co_0720,renewal,Small,,2024-07-20,2024-07-20,,,monthly,70,200,200,GBP,paid,2024-07-20T18:56:00
se_006462,co_0720,renewal,Small,,2024-08-20,2024-08-20,,,monthly,70,200,200,GBP,paid,2024-08-20T19:04:00
se_006463,co_0720,renewal,Small,,2024-09-20,2024-09-20,,,monthly,70,200,200,GBP,paid,2024-09-20T15:47:00
se_006464,co_0720,renewal,Small,,2024-10-20,2024-10-20,,,monthly,70,200,200,GBP,paid,2024-10-20T13:19:00
se_006465,co_0720,renewal,Small,,2024-11-20,2024-11-20,,,monthly,70,200,200,GBP,paid,2024-11-20T19:44:00
se_006466,co_0720,renewal,Small,,2024-12-20,2024-12-20,,,monthly,70,200,200,GBP,paid,2024-12-20T10:51:00
se_006467,co_0720,renewal,Small,,2025-01-20,2025-01-20,,,monthly,70,200,200,GBP,paid,2025-01-20T09:20:00
se_006468,co_0720,renewal,Small,,2025-02-20,2025-02-20,,,monthly,70,200,200,GBP,paid,2025-02-20T14:21:00
se_006469,co_0720,renewal,Small,,2025-03-20,2025-03-20,,,monthly,70,200,200,GBP,paid,2025-03-20T09:14:00
se_006470,co_0720,renewal,Small,,2025-04-20,2025-04-20,,,monthly,70,200,200,GBP,paid,2025-04-20T12:27:00
se_006471,co_0720,renewal,Small,,2025-05-20,2025-05-20,,,monthly,70,200,200,GBP,paid,2025-05-20T12:33:00
se_006472,co_0720,payment_failed,Small,,2025-06-20,2025-06-20,,,monthly,70,200,200,GBP,failed,2025-06-20T19:53:00
se_006473,co_0720,payment_recovered,Small,,2025-06-30,2025-06-30,,,monthly,70,200,200,GBP,paid,2025-06-30T10:30:00
se_006474,co_0720,renewal,Small,,2025-07-23,2025-07-20,,,monthly,70,200,200,GBP,paid,2025-07-20T13:14:00
se_006475,co_0720,renewal,Small,,2025-08-20,2025-08-20,,,monthly,70,200,200,GBP,paid,2025-08-20T19:10:00
se_006476,co_0720,renewal,Small ,,2025-09-20,2025-09-20,,,monthly,70,200,200,GBP,paid,2025-09-20T11:21:00
se_006477,co_0720,renewal,Small,,2025-10-20,2025-10-20,,,monthly,70,200,200,GBP,paid,2025-10-20T15:51:00
se_006478,co_0720,renewal,Small,,2025-11-20,2025-11-20,,,monthly,70,200,200,GBP,paid,2025-11-20T13:00:00
se_006479,co_0720,renewal,Small,,2025-12-20,2025-12-20,,,monthly,70,200,200,GBP,paid,2025-12-20T13:25:00
se_006480,co_0720,renewal,Small,,2026-01-20,2026-01-20,,,monthly,70,200,200,GBP,paid,2026-01-20T10:28:00
se_006481,co_0720,renewal,Small,,2026-02-20,2026-02-20,,,monthly,70,200,200,GBP,paid,2026-02-20T10:10:00
se_006482,co_0720,renewal,Small,,2026-03-20,2026-03-20,,,monthly,70,200,200,GBP,paid,2026-03-20T13:04:00
se_006483,co_0720,renewal,Small,,2026-04-20,2026-04-20,,,monthly,70,200,200,GBP,paid,2026-04-20T09:04:00
se_006484,co_0720,renewal,Small,,2026-05-20,2026-05-20,,,monthly,70,200,200,GBP,paid,2026-05-20T17:29:00
se_006485,co_0720,renewal,Small,,2026-06-20,2026-06-20,,,monthly,70,200,200,GBP,paid,2026-06-20T09:59:00
se_006486,co_0721,trial_start,Small,,,,,2024-12-26,annual,88,0,0,GBP,not_applicable,2024-12-19T18:56:00
se_006487,co_0721,converted,Small,,2024-12-29,2024-12-29,,,annual,88,200,2400,GBP,paid,2024-12-29T12:01:00
se_006488,co_0721,renewal,Small,,2025-12-29,2025-12-29,,,annual,88,200,2400,GBP,paid,2025-12-29T09:43:00
se_006489,co_0721,cancellation_scheduled,Small,,,2026-01-18,,,annual,88,200,2400,GBP,not_applicable,2026-01-18T18:51:00
se_006490,co_0721,voluntary_churn,Small,,,2026-02-24,2026-02-24,,annual,88,200,0,GBP,not_applicable,2026-02-24T15:46:00
se_006491,co_0722,trial_start,Medium,,,,,2023-12-06,monthly,197,0,0,GBP,not_applicable,2023-11-29T14:01:00
se_006492,co_0722,converted,Medium,,2023-12-01,2023-12-01,,,monthly,197,750,750,GBP,paid,2023-12-01T19:25:00
se_006493,co_0722,renewal,Medium,,2024-01-01,2024-01-01,,,monthly,197,750,750,GBP,paid,2024-01-01T15:21:00
se_006494,co_0722,renewal,Medium,,2024-02-01,2024-02-01,,,monthly,197,750,750,GBP,paid,2024-02-01T11:43:00
se_006495,co_0722,renewal,Medium,,2024-03-01,2024-03-01,,,monthly,197,750,750,GBP,paid,2024-03-01T13:24:00
se_006496,co_0722,renewal,Medium,,2024-04-01,2024-04-01,,,monthly,197,750,750,GBP,paid,2024-04-01T12:50:00
se_006497,co_0722,renewal,Medium,,2024-05-01,2024-05-01,,,monthly,197,750,750,GBP,paid,2024-05-01T16:39:00
se_006498,co_0722,renewal,Medium,,2024-06-01,2024-06-01,,,monthly,197,750,750,GBP,paid,2024-06-01T19:54:00
se_006499,co_0722,renewal,Medium,,2024-07-01,2024-07-01,,,monthly,197,750,750,GBP,paid,2024-07-01T16:34:00
se_006500,co_0722,renewal,Medium ,,2024-08-18,2024-08-01,,,monthly,197,750,750,GBP,paid,2024-08-01T11:45:00
se_006501,co_0722,renewal,Medium,,2024-09-01,2024-09-01,,,monthly,197,750,750,GBP,paid,2024-09-01T12:50:00
se_006502,co_0722,renewal,Medium,,2024-10-01,2024-10-01,,,monthly,197,750,750,GBP,paid,2024-10-01T10:32:00
se_006503,co_0722,renewal,medium,,2024-11-01,2024-11-01,,,monthly,197,750,750,GBP,paid,2024-11-01T13:19:00
se_006504,co_0722,renewal,Medium,,2024-12-01,2024-12-01,,,monthly,197,750,750,GBP,paid,2024-12-01T12:59:00
se_006505,co_0722,renewal,Medium,,2025-01-01,2025-01-01,,,monthly,197,750,750,GBP,paid,2025-01-01T14:25:00
se_006506,co_0722,renewal,Medium,,2025-02-01,2025-02-01,,,monthly,197,750,750,GBP,paid,2025-02-01T14:35:00
se_006507,co_0722,renewal,Medium,,2025-03-01,2025-03-01,,,monthly,197,750,750,GBP,paid,2025-03-01T12:30:00
se_006508,co_0722,renewal,Medium,,2025-04-01,2025-04-01,,,monthly,197,750,750,GBP,paid,2025-04-01T10:57:00
se_006509,co_0722,renewal,Medium,,2025-05-01,2025-05-01,,,monthly,197,750,750,GBP,paid,2025-05-01T13:33:00
se_006510,co_0722,renewal,Medium,,2025-06-01,2025-06-01,,,monthly,197,750,750,GBP,paid,2025-06-01T10:22:00
se_006511,co_0722,renewal,Medium,,2025-07-01,2025-07-01,,,monthly,197,750,750,GBP,paid,2025-07-01T12:30:00
se_006512,co_0722,renewal,Medium,,2025-08-01,2025-08-01,,,monthly,197,750,750,GBP,paid,2025-08-01T15:08:00
se_006513,co_0722,renewal,Medium,,2025-09-01,2025-09-01,,,monthly,197,750,750,GBP,paid,2025-09-01T19:13:00
se_006514,co_0722,renewal,Medium,,2025-10-01,2025-10-01,,,monthly,197,750,750,GBP,paid,2025-10-01T09:07:00
se_006515,co_0722,renewal,Medium,,2025-11-01,2025-11-01,,,monthly,197,750,750,GBP,paid,2025-11-01T08:03:00
se_006516,co_0722,renewal,Medium,,2025-12-01,2025-12-01,,,monthly,197,750,750,GBP,paid,2025-12-01T18:31:00
se_006517,co_0722,renewal,Medium,,2026-01-01,2026-01-01,,,monthly,197,750,750,GBP,paid,2026-01-01T16:21:00
se_006518,co_0722,renewal,Medium,,2026-02-01,2026-02-01,,,monthly,197,750,750,GBP,paid,2026-02-01T19:30:00
se_006519,co_0722,renewal,Medium,,2026-03-10,2026-03-01,,,monthly,197,750,750,GBP,paid,2026-03-01T09:49:00
se_006520,co_0722,renewal,Medium,,2026-04-01,2026-04-01,,,monthly,197,750,750,GBP,paid,2026-04-01T16:15:00
se_006521,co_0722,renewal,Medium,,2026-05-01,2026-05-01,,,monthly,197,750,750,GBP,paid,2026-05-01T12:34:00
se_006522,co_0722,renewal,Medium,,2026-06-01,2026-06-01,,,monthly,197,750,750,GBP,paid,2026-06-01T14:26:00
se_006523,co_0723,trial_start,Medium,,,,,2024-09-26,annual,180,0,0,GBP,not_applicable,2024-09-19T13:54:00
se_006524,co_0723,converted,Medium,,2024-09-24,2024-09-24,,,annual,180,750,9000,GBP,paid,2024-09-24T10:51:00
se_006525,co_0723,renewal,Medium,,2025-09-24,2025-09-24,,,annual,180,750,9000,GBP,paid,2025-09-24T18:55:00
se_006526,co_0724,trial_start,Medium,,,,,2026-04-03,monthly,289,0,0,GBP,not_applicable,2026-03-27T17:29:00
se_006527,co_0725,trial_start,Small,,,,,2024-03-23,monthly,66,0,0,GBP,not_applicable,2024-03-16T14:48:00
se_006528,co_0725,converted,Small,,2024-03-19,2024-03-19,,,monthly,66,200,200,GBP,paid,2024-03-19T16:51:00
se_006529,co_0725,renewal,Small,,2024-04-19,2024-04-19,,,monthly,66,200,200,GBP,paid,2024-04-19T12:55:00
se_006530,co_0725,renewal,Small,,2024-05-19,2024-05-19,,,monthly,66,200,200,GBP,paid,2024-05-19T18:49:00
se_006531,co_0725,renewal,Small,,2024-06-19,2024-06-19,,,monthly,66,200,200,GBP,paid,2024-06-19T08:07:00
se_006532,co_0725,renewal,Small,,2024-07-19,2024-07-19,,,monthly,66,200,200,GBP,paid,2024-07-19T17:07:00
se_006533,co_0725,renewal,Small,,2024-08-19,2024-08-19,,,monthly,66,200,200,GBP,paid,2024-08-19T11:59:00
se_006534,co_0725,renewal,Small,,2024-09-19,2024-09-19,,,monthly,66,200,200,GBP,paid,2024-09-19T17:21:00
se_006535,co_0725,renewal,Small,,2024-10-19,2024-10-19,,,monthly,66,200,200,GBP,paid,2024-10-19T09:31:00
se_006536,co_0725,renewal,Small,,2024-11-19,2024-11-19,,,monthly,66,200,200,GBP,paid,2024-11-19T16:58:00
se_006537,co_0725,renewal,Small,,2024-12-19,2024-12-19,,,monthly,66,200,200,GBP,paid,2024-12-19T09:19:00
se_006538,co_0725,renewal,Small,,2025-01-19,2025-01-19,,,monthly,66,200,200,GBP,paid,2025-01-19T19:08:00
se_006539,co_0725,cancellation_scheduled,Small,,,2025-01-13,,,monthly,66,200,200,GBP,not_applicable,2025-01-13T19:18:00
se_006540,co_0725,voluntary_churn,Small,,,2025-02-18,2025-02-18,,monthly,66,200,0,GBP,not_applicable,2025-02-18T08:35:00
se_006541,co_0726,trial_start,Small,,,,,2024-10-24,annual,99,0,0,GBP,not_applicable,2024-10-17T19:05:00
se_006542,co_0727,trial_start,Medium,,,,,2025-08-27,annual,520,0,0,GBP,not_applicable,2025-08-20T09:45:00
se_006543,co_0727,converted,Medium,,2025-08-24,2025-08-24,,,annual,520,750,9000,GBP,paid,2025-08-24T11:28:00
se_006544,co_0728,trial_start,Medium,,,,,2024-06-14,monthly,526,0,0,GBP,not_applicable,2024-06-07T15:50:00
se_006545,co_0729,trial_start,Small,,,,,2024-10-13,monthly,112,0,0,GBP,not_applicable,2024-10-06T11:01:00
se_006546,co_0729,converted,Small,,2024-10-12,2024-10-12,,,monthly,112,200,200,GBP,paid,2024-10-12T16:41:00
se_006547,co_0729,renewal,Small,,2024-11-12,2024-11-12,,,monthly,112,200,200,GBP,paid,2024-11-12T08:49:00
se_006548,co_0729,renewal,Small,,2024-12-12,2024-12-12,,,monthly,112,200,200,GBP,paid,2024-12-12T16:25:00
se_006549,co_0729,renewal,Small,,2025-01-12,2025-01-12,,,monthly,112,200,200,GBP,paid,2025-01-12T13:40:00
se_006550,co_0729,renewal,Small,,2025-02-12,2025-02-12,,,monthly,112,200,200,GBP,paid,2025-02-12T14:10:00
se_006551,co_0729,renewal,Small,,2025-03-12,2025-03-12,,,monthly,112,200,200,GBP,paid,2025-03-12T11:36:00
se_006552,co_0729,renewal,Small,,2025-04-12,2025-04-12,,,monthly,112,200,200,GBP,paid,2025-04-12T08:10:00
se_006553,co_0729,renewal,Small,,2025-05-12,2025-05-12,,,monthly,112,200,200,GBP,paid,2025-05-12T14:57:00
se_006554,co_0729,renewal,Small,,2025-06-12,2025-06-12,,,monthly,112,200,200,GBP,paid,2025-06-12T19:02:00
se_006555,co_0729,payment_failed,Small,,2025-07-12,2025-07-12,,,monthly,112,200,200,GBP,failed,2025-07-12T18:06:00
se_006556,co_0729,renewal,Small,,2025-08-12,2025-08-12,,,monthly,112,200,200,GBP,paid,2025-08-12T19:31:00
se_006557,co_0729,renewal,Small,,2025-09-12,2025-09-12,,,monthly,112,200,200,GBP,paid,2025-09-12T17:21:00
se_006558,co_0729,renewal,Small,,2025-10-12,2025-10-12,,,monthly,112,200,200,GBP,paid,2025-10-12T16:42:00
se_006559,co_0729,renewal,Small,,2025-11-12,2025-11-12,,,monthly,112,200,200,GBP,paid,2025-11-12T17:54:00
se_006560,co_0729,renewal,Small,,2025-12-12,2025-12-12,,,monthly,112,200,200,GBP,paid,2025-12-12T10:48:00
se_006561,co_0729,renewal,Small,,2026-01-20,2026-01-12,,,monthly,112,200,200,GBP,paid,2026-01-12T10:57:00
se_006562,co_0729,renewal,Small,,2026-02-12,2026-02-12,,,monthly,112,200,200,GBP,paid,2026-02-12T13:53:00
se_006563,co_0729,renewal,Small,,2026-03-12,2026-03-12,,,monthly,112,200,200,GBP,paid,2026-03-12T17:34:00
se_006564,co_0729,renewal,Small,,2026-04-12,2026-04-12,,,monthly,112,200,200,GBP,paid,2026-04-12T12:34:00
se_006565,co_0729,renewal,small,,2026-05-12,2026-05-12,,,monthly,112,200,200,GBP,paid,2026-05-12T16:00:00
se_006566,co_0729,renewal,Small,,2026-06-12,2026-06-12,,,monthly,112,200,200,GBP,paid,2026-06-12T14:33:00
se_006567,co_0730,trial_start,Small,,,,,2024-06-17,annual,123,0,0,GBP,not_applicable,2024-06-10T14:12:00
se_006568,co_0730,converted,Small,,2024-06-18,2024-06-18,,,annual,123,200,2400,GBP,paid,2024-06-18T18:14:00
se_006569,co_0730,renewal,Small,,2025-06-18,2025-06-18,,,annual,123,200,2400,GBP,paid,2025-06-18T10:26:00
se_006570,co_0730,renewal,Small,,2026-06-18,2026-06-18,,,annual,123,200,2400,GBP,paid,2026-06-18T15:09:00
se_006571,co_0731,trial_start,Small,,,,,2025-10-16,annual,88,0,0,GBP,not_applicable,2025-10-09T13:09:00
se_006572,co_0731,converted,Small,,2025-10-14,2025-10-14,,,annual,88,200,2400,GBP,paid,2025-10-14T11:54:00
se_006573,co_0732,trial_start,Medium,,,,,2023-09-13,monthly,114,0,0,GBP,not_applicable,2023-09-06T19:34:00
se_006574,co_0732,converted,Medium,,2023-09-09,2023-09-09,,,monthly,114,750,750,GBP,paid,2023-09-09T16:13:00
se_006575,co_0732,renewal,Medium,,2023-10-09,2023-10-09,,,monthly,114,750,750,GBP,paid,2023-10-09T13:26:00
se_006576,co_0732,renewal,Medium,,2023-11-09,2023-11-09,,,monthly,114,750,750,GBP,paid,2023-11-09T08:27:00
se_006577,co_0732,renewal,Medium,,2023-12-09,2023-12-09,,,monthly,114,750,750,GBP,paid,2023-12-09T17:47:00
se_006578,co_0732,renewal,Medium,,2024-01-09,2024-01-09,,,monthly,114,750,750,GBP,paid,2024-01-09T14:59:00
se_006579,co_0732,renewal,Medium,,2024-02-09,2024-02-09,,,monthly,114,750,750,GBP,paid,2024-02-09T12:22:00
se_006580,co_0732,renewal,Medium,,2024-03-09,2024-03-09,,,monthly,114,750,750,GBP,paid,2024-03-09T18:42:00
se_006581,co_0732,renewal,Medium,,2024-04-09,2024-04-09,,,monthly,114,750,750,GBP,paid,2024-04-09T15:24:00
se_006582,co_0732,renewal,Medium,,2024-05-09,2024-05-09,,,monthly,114,750,750,GBP,paid,2024-05-09T10:21:00
se_006583,co_0732,renewal,Medium,,2024-06-09,2024-06-09,,,monthly,114,750,750,GBP,paid,2024-06-09T15:47:00
se_006584,co_0732,renewal,Medium,,2024-07-13,2024-07-09,,,monthly,114,750,750,GBP,paid,2024-07-09T17:53:00
se_006585,co_0732,renewal,Medium,,2024-08-09,2024-08-09,,,monthly,114,750,750,GBP,paid,2024-08-09T19:11:00
se_006586,co_0732,renewal,Medium,,2024-09-09,2024-09-09,,,monthly,114,750,750,GBP,paid,2024-09-09T08:36:00
se_006587,co_0732,renewal,Medium,,2024-10-09,2024-10-09,,,monthly,114,750,750,GBP,paid,2024-10-09T08:24:00
se_006588,co_0732,renewal,Medium,,2024-11-09,2024-11-09,,,monthly,114,750,750,GBP,paid,2024-11-09T18:12:00
se_006589,co_0732,renewal,Medium,,2024-12-09,2024-12-09,,,monthly,114,750,750,GBP,paid,2024-12-09T12:26:00
se_006590,co_0732,renewal,Medium,,2025-01-09,2025-01-09,,,monthly,114,750,750,GBP,paid,2025-01-09T09:24:00
se_006591,co_0732,renewal,Medium,,2025-02-09,2025-02-09,,,monthly,114,750,750,GBP,paid,2025-02-09T10:26:00
se_006592,co_0732,payment_failed,Medium,,2025-03-09,2025-03-09,,,monthly,114,750,750,GBP,failed,2025-03-09T10:33:00
se_006593,co_0732,renewal,Medium,,2025-04-09,2025-04-09,,,monthly,114,750,750,GBP,paid,2025-04-09T14:49:00
se_006594,co_0732,renewal,Medium,,2025-05-09,2025-05-09,,,monthly,114,750,750,GBP,paid,2025-05-09T13:42:00
se_006595,co_0732,renewal,Medium,,2025-06-09,2025-06-09,,,monthly,114,750,750,GBP,paid,2025-06-09T17:59:00
se_006596,co_0732,renewal,Medium,,2025-07-09,2025-07-09,,,monthly,114,750,750,GBP,paid,2025-07-09T19:55:00
se_006597,co_0732,renewal,Medium,,2025-08-09,2025-08-09,,,monthly,114,750,750,GBP,paid,2025-08-09T18:31:00
se_006598,co_0732,renewal,Medium,,2025-09-09,2025-09-09,,,monthly,114,750,750,GBP,paid,2025-09-09T10:41:00
se_006599,co_0732,renewal,Medium,,2025-10-09,2025-10-09,,,monthly,114,750,750,GBP,paid,2025-10-09T17:59:00
se_006600,co_0732,renewal,Medium,,,2025-11-09,,,monthly,114,750,750,GBP,paid,2025-11-09T19:01:00
se_006601,co_0732,renewal,Medium,,2025-12-30,2025-12-09,,,monthly,114,750,750,GBP,paid,2025-12-09T15:37:00
se_006602,co_0732,renewal,Medium,,2026-01-09,2026-01-09,,,monthly,114,750,750,GBP,paid,2026-01-09T16:05:00
se_006603,co_0732,renewal,Medium,,2026-02-19,2026-02-09,,,monthly,114,750,750,GBP,paid,2026-02-09T13:11:00
se_006604,co_0732,renewal,Medium,,2026-03-09,2026-03-09,,,monthly,114,750,750,GBP,paid,2026-03-09T13:22:00
se_006605,co_0732,renewal,Medium,,2026-04-09,2026-04-09,,,monthly,114,750,750,GBP,paid,2026-04-09T13:12:00
se_006606,co_0732,renewal,Medium,,2026-05-09,2026-05-09,,,monthly,114,750,750,GBP,paid,2026-05-09T12:09:00
se_006607,co_0732,renewal,Medium,,2026-06-24,2026-06-09,,,monthly,114,750,750,GBP,paid,2026-06-09T13:17:00
se_006608,co_0733,trial_start,Medium,,,,,2025-04-10,monthly,377,0,0,GBP,not_applicable,2025-04-03T17:10:00
se_006609,co_0733,converted,Medium,,2025-04-05,2025-04-05,,,monthly,377,750,750,GBP,paid,2025-04-05T11:08:00
se_006610,co_0733,renewal,Medium,,2025-05-05,2025-05-05,,,monthly,377,750,750,GBP,paid,2025-05-05T16:09:00
se_006611,co_0733,renewal,Medium,,2025-06-05,2025-06-05,,,monthly,377,750,750,GBP,paid,2025-06-05T19:01:00
se_006612,co_0733,renewal,Medium,,,2025-07-05,,,monthly,377,750,750,GBP,paid,2025-07-05T08:11:00
se_006613,co_0733,renewal,Medium,,2025-08-05,2025-08-05,,,monthly,377,750,750,GBP,paid,2025-08-05T12:53:00
se_006614,co_0733,renewal,Medium,,2025-09-05,2025-09-05,,,monthly,377,750,750,GBP,paid,2025-09-05T18:25:00
se_006615,co_0733,renewal,Medium,,2025-10-05,2025-10-05,,,monthly,377,750,750,GBP,paid,2025-10-05T11:27:00
se_006616,co_0733,renewal,Medium,,2025-11-05,2025-11-05,,,monthly,377,750,750,GBP,paid,2025-11-05T16:06:00
se_006617,co_0733,renewal,Medium,,2025-12-05,2025-12-05,,,monthly,377,750,750,GBP,paid,2025-12-05T09:54:00
se_006618,co_0733,renewal,Medium,,2026-01-05,2026-01-05,,,monthly,377,750,750,GBP,paid,2026-01-05T12:25:00
se_006619,co_0733,renewal,Medium,,2026-02-05,2026-02-05,,,monthly,377,750,750,GBP,paid,2026-02-05T18:06:00
se_006620,co_0733,renewal,Medium,,2026-03-05,2026-03-05,,,monthly,377,750,750,GBP,paid,2026-03-05T19:33:00
se_006621,co_0733,renewal,Medium,,2026-04-05,2026-04-05,,,monthly,377,750,750,GBP,paid,2026-04-05T08:12:00
se_006622,co_0733,renewal,Medium,,2026-05-05,2026-05-05,,,monthly,377,750,750,GBP,paid,2026-05-05T14:04:00
se_006623,co_0733,renewal,Medium,,2026-06-05,2026-06-05,,,monthly,377,750,750,GBP,paid,2026-06-05T16:56:00
se_006624,co_0734,trial_start,Small,,,,,2026-03-07,monthly,65,0,0,GBP,not_applicable,2026-02-28T15:03:00
se_006625,co_0735,trial_start,Small,,,,,2025-12-20,monthly,93,0,0,GBP,not_applicable,2025-12-13T19:56:00
se_006626,co_0736,trial_start,Small,,,,,2025-10-12,annual,61,0,0,GBP,not_applicable,2025-10-05T14:47:00
se_006627,co_0736,converted,Small,,2025-10-09,2025-10-09,,,annual,61,200,2400,GBP,paid,2025-10-09T17:48:00
se_006628,co_0737,trial_start,Small,,,,,2024-03-10,monthly,42,0,0,GBP,not_applicable,2024-03-03T13:55:00
se_006629,co_0737,converted,Small,,,2024-03-09,,,monthly,42,200,200,GBP,paid,2024-03-09T08:53:00
se_006630,co_0737,renewal,Small,,2024-04-09,2024-04-09,,,monthly,42,200,200,GBP,paid,2024-04-09T19:00:00
se_006631,co_0737,renewal,Small,,2024-05-09,2024-05-09,,,monthly,42,200,200,GBP,paid,2024-05-09T14:02:00
se_006632,co_0737,renewal,Small,,2024-06-17,2024-06-09,,,monthly,42,200,200,GBP,paid,2024-06-09T17:36:00
se_006633,co_0737,renewal,Small,,2024-07-09,2024-07-09,,,monthly,42,200,200,GBP,paid,2024-07-09T13:59:00
se_006634,co_0737,renewal,Small,,2024-08-09,2024-08-09,,,monthly,42,200,200,GBP,paid,2024-08-09T13:27:00
se_006635,co_0737,renewal,Small,,2024-09-09,2024-09-09,,,monthly,42,200,200,GBP,paid,2024-09-09T08:03:00
se_006636,co_0737,renewal,Small,,2024-10-09,2024-10-09,,,monthly,42,200,200,GBP,paid,2024-10-09T18:21:00
se_006637,co_0737,renewal,Small,,2024-11-09,2024-11-09,,,monthly,42,200,200,GBP,paid,2024-11-09T15:19:00
se_006638,co_0737,payment_failed,Small,,2024-12-09,2024-12-09,,,monthly,42,200,200,GBP,failed,2024-12-09T10:14:00
se_006639,co_0737,payment_recovered,Small,,2024-12-24,2024-12-24,,,monthly,42,200,200,GBP,paid,2024-12-24T18:18:00
se_006640,co_0737,renewal,Small,,2025-01-09,2025-01-09,,,monthly,42,200,200,GBP,paid,2025-01-09T11:55:00
se_006641,co_0737,renewal,Small,,2025-02-09,2025-02-09,,,monthly,42,200,200,GBP,paid,2025-02-09T09:06:00
se_006642,co_0737,renewal,Small,,2025-03-09,2025-03-09,,,monthly,42,200,200,GBP,paid,2025-03-09T09:48:00
se_006643,co_0737,renewal,Small,,2025-04-09,2025-04-09,,,monthly,42,200,200,GBP,paid,2025-04-09T10:04:00
se_006644,co_0737,renewal,Small,,2025-05-09,2025-05-09,,,monthly,42,200,200,GBP,paid,2025-05-09T08:53:00
se_006645,co_0737,renewal,Small,,2025-06-09,2025-06-09,,,monthly,42,200,200,GBP,paid,2025-06-09T09:56:00
se_006646,co_0737,payment_failed,Small,,2025-07-09,2025-07-09,,,monthly,42,200,200,GBP,failed,2025-07-09T16:47:00
se_006647,co_0737,payment_recovered,Small,,2025-07-11,2025-07-11,,,monthly,42,200,200,GBP,paid,2025-07-11T14:44:00
se_006648,co_0737,renewal,Small,,2025-08-09,2025-08-09,,,monthly,42,200,200,GBP,paid,2025-08-09T11:23:00
se_006649,co_0737,renewal,Small,,2025-09-09,2025-09-09,,,monthly,42,200,200,GBP,paid,2025-09-09T10:12:00
se_006650,co_0737,renewal,Small,,2025-10-09,2025-10-09,,,monthly,42,200,200,GBP,paid,2025-10-09T12:11:00
se_006651,co_0737,renewal,Small,,2025-11-16,2025-11-09,,,monthly,42,200,200,GBP,paid,2025-11-09T12:36:00
se_006652,co_0737,renewal,Small,,2025-12-09,2025-12-09,,,monthly,42,200,200,GBP,paid,2025-12-09T18:08:00
se_006653,co_0737,renewal,Small,,2026-01-09,2026-01-09,,,monthly,42,200,200,GBP,paid,2026-01-09T14:34:00
se_006654,co_0737,renewal,Small,,2026-02-15,2026-02-09,,,monthly,42,200,200,GBP,paid,2026-02-09T16:13:00
se_006655,co_0737,renewal,Small,,2026-03-09,2026-03-09,,,monthly,42,200,200,GBP,paid,2026-03-09T18:00:00
se_006656,co_0737,renewal,Small,,2026-04-09,2026-04-09,,,monthly,42,200,200,GBP,paid,2026-04-09T14:22:00
se_006657,co_0737,renewal,Small,,2026-05-09,2026-05-09,,,monthly,42,200,200,GBP,paid,2026-05-09T13:13:00
se_006658,co_0737,renewal,Small,,2026-06-09,2026-06-09,,,monthly,42,200,200,GBP,paid,2026-06-09T08:37:00
se_006659,co_0738,trial_start,small,,,,,2025-12-08,monthly,96,0,0,GBP,not_applicable,2025-12-01T19:50:00
se_006660,co_0739,trial_start,Medium,,,,,2024-01-06,monthly,200,0,0,GBP,not_applicable,2023-12-30T11:59:00
se_006661,co_0739,converted,Medium,,2024-01-03,2024-01-03,,,monthly,200,750,750,GBP,paid,2024-01-03T18:32:00
se_006662,co_0739,renewal,Medium,,2024-02-03,2024-02-03,,,monthly,200,750,750,GBP,paid,2024-02-03T18:22:00
se_006663,co_0739,renewal,Medium,,2024-03-12,2024-03-03,,,monthly,200,750,750,GBP,paid,2024-03-03T08:22:00
se_006664,co_0739,renewal,Medium,,2024-04-03,2024-04-03,,,monthly,200,750,750,GBP,paid,2024-04-03T16:03:00
se_006665,co_0739,renewal,Medium,,2024-05-17,2024-05-03,,,monthly,200,750,750,GBP,paid,2024-05-03T10:01:00
se_006666,co_0739,renewal,Medium,,2024-06-03,2024-06-03,,,monthly,200,750,750,GBP,paid,2024-06-03T11:15:00
se_006667,co_0739,renewal,Medium,,2024-07-03,2024-07-03,,,monthly,200,750,750,GBP,paid,2024-07-03T19:19:00
se_006668,co_0739,renewal,Medium,,2024-08-03,2024-08-03,,,monthly,200,750,750,GBP,paid,2024-08-03T14:11:00
se_006669,co_0739,renewal,Medium,,2024-09-03,2024-09-03,,,monthly,200,750,750,GBP,paid,2024-09-03T11:09:00
se_006670,co_0739,renewal,Medium,,2024-10-03,2024-10-03,,,monthly,200,750,750,GBP,paid,2024-10-03T09:23:00
se_006671,co_0739,renewal,Medium,,2024-11-03,2024-11-03,,,monthly,200,750,750,GBP,paid,2024-11-03T16:26:00
se_006672,co_0739,renewal,Medium,,2024-12-03,2024-12-03,,,monthly,200,750,750,GBP,paid,2024-12-03T12:42:00
se_006673,co_0739,renewal,Medium,,2025-01-11,2025-01-03,,,monthly,200,750,750,GBP,paid,2025-01-03T08:02:00
se_006674,co_0739,renewal,Medium,,2025-02-03,2025-02-03,,,monthly,200,750,750,GBP,paid,2025-02-03T13:44:00
se_006675,co_0739,renewal,Medium,,2025-03-03,2025-03-03,,,monthly,200,750,750,GBP,paid,2025-03-03T16:36:00
se_006676,co_0739,renewal,Medium,,2025-04-03,2025-04-03,,,monthly,200,750,750,GBP,paid,2025-04-03T10:50:00
se_006677,co_0739,renewal,Medium,,2025-05-03,2025-05-03,,,monthly,200,750,750,GBP,paid,2025-05-03T08:09:00
se_006678,co_0739,renewal,Medium,,2025-06-03,2025-06-03,,,monthly,200,750,750,GBP,paid,2025-06-03T17:49:00
se_006679,co_0739,renewal,Medium,,2025-07-03,2025-07-03,,,monthly,200,750,750,GBP,paid,2025-07-03T08:20:00
se_006680,co_0739,renewal,Medium,,2025-08-03,2025-08-03,,,monthly,200,750,750,GBP,paid,2025-08-03T10:41:00
se_006681,co_0739,renewal,Medium,,2025-09-23,2025-09-03,,,monthly,200,750,750,GBP,paid,2025-09-03T14:53:00
se_006682,co_0739,renewal,Medium,,2025-10-03,2025-10-03,,,monthly,200,750,750,GBP,paid,2025-10-03T08:22:00
se_006683,co_0739,renewal,Medium,,2025-11-03,2025-11-03,,,monthly,200,750,750,GBP,paid,2025-11-03T19:56:00
se_006684,co_0739,renewal,Medium,,2025-12-03,2025-12-03,,,monthly,200,750,750,GBP,paid,2025-12-03T18:40:00
se_006685,co_0739,renewal,Medium,,2026-01-03,2026-01-03,,,monthly,200,750,750,GBP,paid,2026-01-03T11:03:00
se_006686,co_0739,renewal,Medium,,2026-02-03,2026-02-03,,,monthly,200,750,750,GBP,paid,2026-02-03T17:23:00
se_006687,co_0739,renewal,Medium,,2026-03-03,2026-03-03,,,monthly,200,750,750,GBP,paid,2026-03-03T17:10:00
se_006688,co_0739,renewal,Medium,,2026-04-03,2026-04-03,,,monthly,200,750,750,GBP,paid,2026-04-03T13:32:00
se_006689,co_0739,renewal,Medium,,2026-05-03,2026-05-03,,,monthly,200,750,750,GBP,paid,2026-05-03T12:37:00
se_006690,co_0739,renewal,Medium,,2026-06-03,2026-06-03,,,monthly,200,750,750,GBP,paid,2026-06-03T18:33:00
se_006691,co_0740,trial_start,Small,,,,,2024-11-03,annual,68,0,0,GBP,not_applicable,2024-10-27T18:16:00
se_006692,co_0741,trial_start,Medium,,,,,2024-03-23,monthly,203,0,0,GBP,not_applicable,2024-03-16T18:51:00
se_006693,co_0741,converted,medium,,2024-03-25,2024-03-25,,,monthly,203,750,750,GBP,paid,2024-03-25T11:48:00
se_006694,co_0741,payment_failed,Medium,,2024-04-25,2024-04-25,,,monthly,203,750,750,GBP,failed,2024-04-25T16:06:00
se_006695,co_0741,payment_recovered,Medium,,2024-05-06,2024-05-06,,,monthly,203,750,750,GBP,paid,2024-05-06T10:08:00
se_006696,co_0741,renewal,Medium,,2024-05-25,2024-05-25,,,monthly,203,750,750,GBP,paid,2024-05-25T13:59:00
se_006697,co_0741,renewal,Medium,,2024-06-25,2024-06-25,,,monthly,203,750,750,GBP,paid,2024-06-25T16:36:00
se_006698,co_0741,renewal,Medium,,2024-07-25,2024-07-25,,,monthly,203,750,750,GBP,paid,2024-07-25T11:14:00
se_006699,co_0741,renewal,Medium,,2024-09-06,2024-08-25,,,monthly,203,750,750,GBP,paid,2024-08-25T12:30:00
se_006700,co_0741,renewal,Medium,,2024-09-25,2024-09-25,,,monthly,203,750,750,GBP,paid,2024-09-25T15:57:00
se_006701,co_0741,renewal,Medium,,,2024-10-25,,,monthly,203,750,750,GBP,paid,2024-10-25T10:17:00
se_006702,co_0741,renewal,Medium,,2024-11-25,2024-11-25,,,monthly,203,750,750,GBP,paid,2024-11-25T18:44:00
se_006703,co_0741,renewal,Medium,,2024-12-25,2024-12-25,,,monthly,203,750,750,GBP,paid,2024-12-25T16:47:00
se_006704,co_0741,renewal,Medium,,2025-01-25,2025-01-25,,,monthly,203,750,750,GBP,paid,2025-01-25T18:29:00
se_006705,co_0741,renewal,Medium,,2025-02-25,2025-02-25,,,monthly,203,750,750,GBP,paid,2025-02-25T17:04:00
se_006706,co_0741,renewal,Medium,,2025-03-25,2025-03-25,,,monthly,203,750,750,GBP,paid,2025-03-25T08:18:00
se_006707,co_0741,renewal,Medium,,2025-04-25,2025-04-25,,,monthly,203,750,750,GBP,paid,2025-04-25T19:36:00
se_006708,co_0741,renewal,Medium,,2025-05-25,2025-05-25,,,monthly,203,750,750,GBP,paid,2025-05-25T13:07:00
se_006709,co_0741,renewal,Medium,,2025-06-25,2025-06-25,,,monthly,203,750,750,GBP,paid,2025-06-25T13:45:00
se_006710,co_0741,renewal,Medium,,2025-07-25,2025-07-25,,,monthly,203,750,750,GBP,paid,2025-07-25T15:35:00
se_006711,co_0741,renewal,Medium,,2025-08-25,2025-08-25,,,monthly,203,750,750,GBP,paid,2025-08-25T11:44:00
se_006712,co_0741,renewal,Medium,,2025-09-29,2025-09-25,,,monthly,203,750,750,GBP,paid,2025-09-25T14:03:00
se_006713,co_0741,renewal,Medium,,,2025-10-25,,,monthly,203,750,750,GBP,paid,2025-10-25T09:31:00
se_006714,co_0741,renewal,Medium,,2025-11-25,2025-11-25,,,monthly,203,750,750,GBP,paid,2025-11-25T13:20:00
se_006715,co_0741,renewal,Medium,,2025-12-25,2025-12-25,,,monthly,203,750,750,GBP,paid,2025-12-25T15:56:00
se_006716,co_0741,renewal,Medium,,2026-01-25,2026-01-25,,,monthly,203,750,750,GBP,paid,2026-01-25T19:24:00
se_006717,co_0741,renewal,Medium,,2026-02-25,2026-02-25,,,monthly,203,750,750,GBP,paid,2026-02-25T17:52:00
se_006718,co_0741,renewal,Medium,,2026-03-25,2026-03-25,,,monthly,203,750,750,GBP,paid,2026-03-25T10:13:00
se_006719,co_0741,renewal,Medium,,2026-04-25,2026-04-25,,,monthly,203,750,750,GBP,paid,2026-04-25T15:38:00
se_006720,co_0741,renewal,Medium,,2026-05-25,2026-05-25,,,monthly,203,750,750,GBP,paid,2026-05-25T11:42:00
se_006721,co_0741,renewal,Medium,,2026-06-25,2026-06-25,,,monthly,203,750,750,GBP,paid,2026-06-25T09:46:00
se_006722,co_0742,trial_start,Medium,,,,,2023-08-01,annual,220,0,0,GBP,not_applicable,2023-07-25T16:06:00
se_006723,co_0743,trial_start,Medium,,,,,2026-02-05,annual,222,0,0,GBP,not_applicable,2026-01-29T10:30:00
se_006724,co_0743,converted,Medium,,2026-02-06,2026-02-06,,,annual,222,750,9000,GBP,paid,2026-02-06T08:51:00
se_006725,co_0744,trial_start,Medium,,,,,2025-07-14,monthly,193,0,0,GBP,not_applicable,2025-07-07T09:04:00
se_006726,co_0745,trial_start,Small,,,,,2023-07-28,annual,133,0,0,GBP,not_applicable,2023-07-21T08:28:00
se_006727,co_0746,trial_start,Medium,,,,,2025-06-09,monthly,168,0,0,GBP,not_applicable,2025-06-02T08:38:00
se_006728,co_0747,trial_start,Small,,,,,2023-11-21,annual,28,0,0,GBP,not_applicable,2023-11-14T18:07:00
se_006729,co_0748,trial_start,Small,,,,,2024-05-30,monthly,113,0,0,GBP,not_applicable,2024-05-23T17:00:00
se_006730,co_0748,converted,Small,,2024-05-25,2024-05-25,,,monthly,113,200,200,GBP,paid,2024-05-25T10:46:00
se_006731,co_0748,renewal,Small,,2024-06-25,2024-06-25,,,monthly,113,200,200,GBP,paid,2024-06-25T09:09:00
se_006732,co_0748,renewal,Small,,2024-07-25,2024-07-25,,,monthly,113,200,200,GBP,paid,2024-07-25T17:00:00
se_006733,co_0748,renewal,Small,,2024-08-25,2024-08-25,,,monthly,113,200,200,GBP,paid,2024-08-25T10:03:00
se_006734,co_0748,renewal,Small,,2024-09-25,2024-09-25,,,monthly,113,200,200,GBP,paid,2024-09-25T19:44:00
se_006735,co_0748,renewal,Small,,2024-11-13,2024-10-25,,,monthly,113,200,200,GBP,paid,2024-10-25T12:27:00
se_006736,co_0748,renewal,Small,,2024-11-25,2024-11-25,,,monthly,113,200,200,GBP,paid,2024-11-25T19:41:00
se_006737,co_0748,renewal,Small,,2024-12-25,2024-12-25,,,monthly,113,200,200,GBP,paid,2024-12-25T09:30:00
se_006738,co_0748,renewal,Small,,2025-01-25,2025-01-25,,,monthly,113,200,200,GBP,paid,2025-01-25T17:17:00
se_006739,co_0748,renewal,Small,,2025-02-25,2025-02-25,,,monthly,113,200,200,GBP,paid,2025-02-25T09:54:00
se_006740,co_0748,renewal,Small,,2025-03-25,2025-03-25,,,monthly,113,200,200,GBP,paid,2025-03-25T13:44:00
se_006741,co_0748,renewal,Small,,2025-04-25,2025-04-25,,,monthly,113,200,200,GBP,paid,2025-04-25T19:53:00
se_006742,co_0748,renewal,Small,,2025-05-25,2025-05-25,,,monthly,113,200,200,GBP,paid,2025-05-25T19:24:00
se_006743,co_0748,renewal,Small,,2025-06-25,2025-06-25,,,monthly,113,200,200,GBP,paid,2025-06-25T13:36:00
se_006744,co_0748,renewal,Small,,2025-07-25,2025-07-25,,,monthly,113,200,200,GBP,paid,2025-07-25T16:29:00
se_006745,co_0748,renewal,Small,,2025-08-25,2025-08-25,,,monthly,113,200,200,GBP,paid,2025-08-25T15:54:00
se_006746,co_0748,renewal,Small,,2025-09-25,2025-09-25,,,monthly,113,200,200,GBP,paid,2025-09-25T15:45:00
se_006747,co_0748,renewal,Small,,2025-10-25,2025-10-25,,,monthly,113,200,200,GBP,paid,2025-10-25T11:09:00
se_006748,co_0748,renewal,Small,,2025-11-25,2025-11-25,,,monthly,113,200,200,GBP,paid,2025-11-25T12:56:00
se_006749,co_0748,renewal,Small,,2025-12-25,2025-12-25,,,monthly,113,200,200,GBP,paid,2025-12-25T18:37:00
se_006750,co_0748,renewal,Small,,2026-01-25,2026-01-25,,,monthly,113,200,200,GBP,paid,2026-01-25T14:09:00
se_006751,co_0748,payment_failed,Small,,2026-02-25,2026-02-25,,,monthly,113,200,200,GBP,failed,2026-02-25T19:53:00
se_006752,co_0748,renewal,Small,,2026-03-25,2026-03-25,,,monthly,113,200,200,GBP,paid,2026-03-25T19:37:00
se_006753,co_0748,renewal,Small,,2026-04-25,2026-04-25,,,monthly,113,200,200,GBP,paid,2026-04-25T11:23:00
se_006754,co_0748,renewal,Small,,2026-05-25,2026-05-25,,,monthly,113,200,200,GBP,paid,2026-05-25T12:37:00
se_006755,co_0748,renewal,Small,,2026-06-25,2026-06-25,,,monthly,113,200,200,GBP,paid,2026-06-25T18:15:00
se_006756,co_0749,trial_start,Small,,,,,2025-07-24,monthly,107,0,0,GBP,not_applicable,2025-07-17T15:06:00
se_006757,co_0749,converted,Small,,2025-07-19,2025-07-19,,,monthly,107,200,200,GBP,paid,2025-07-19T19:59:00
se_006758,co_0749,renewal,Small,,2025-08-19,2025-08-19,,,monthly,107,200,200,GBP,paid,2025-08-19T12:55:00
se_006759,co_0749,renewal,Small,,2025-09-19,2025-09-19,,,monthly,107,200,200,GBP,paid,2025-09-19T11:46:00
se_006760,co_0749,renewal,Small,,2025-10-19,2025-10-19,,,monthly,107,200,200,GBP,paid,2025-10-19T18:41:00
se_006761,co_0749,renewal,Small,,2025-11-19,2025-11-19,,,monthly,107,200,200,GBP,paid,2025-11-19T13:26:00
se_006762,co_0749,renewal,Small,,2025-12-19,2025-12-19,,,monthly,107,200,200,GBP,paid,2025-12-19T17:20:00
se_006763,co_0749,renewal,Small,,2026-01-19,2026-01-19,,,monthly,107,200,200,GBP,paid,2026-01-19T13:37:00
se_006764,co_0749,renewal,Small,,2026-02-19,2026-02-19,,,monthly,107,200,200,GBP,paid,2026-02-19T17:16:00
se_006765,co_0749,renewal,Small,,2026-03-19,2026-03-19,,,monthly,107,200,200,GBP,paid,2026-03-19T19:08:00
se_006766,co_0749,renewal,Small,,2026-04-19,2026-04-19,,,monthly,107,200,200,GBP,paid,2026-04-19T17:55:00
se_006767,co_0749,renewal,Small,,2026-05-19,2026-05-19,,,monthly,107,200,200,GBP,paid,2026-05-19T16:11:00
se_006768,co_0749,upgrade,Medium,Small,2026-06-01,2026-06-01,,,monthly,107,750,750,GBP,paid,2026-06-01T18:07:00
se_006769,co_0749,renewal,Medium,,2026-06-19,2026-06-19,,,monthly,107,750,750,GBP,paid,2026-06-19T14:10:00
se_006770,co_0750,trial_start,Large,,,,,2024-03-06,monthly,930,0,0,GBP,not_applicable,2024-02-28T11:54:00
se_006771,co_0750,converted,Large,,2024-03-09,2024-03-09,,,monthly,930,1500,1500,GBP,paid,2024-03-09T12:59:00
se_006772,co_0750,renewal,Large,,2024-04-09,2024-04-09,,,monthly,930,1500,1500,GBP,paid,2024-04-09T13:26:00
se_006773,co_0750,renewal,Large,,2024-05-09,2024-05-09,,,monthly,930,1500,1500,GBP,paid,2024-05-09T09:38:00
se_006774,co_0750,renewal,Large,,2024-06-13,2024-06-09,,,monthly,930,1500,1500,GBP,paid,2024-06-09T14:27:00
se_006775,co_0750,renewal,Large,,2024-07-14,2024-07-09,,,monthly,930,1500,1500,GBP,paid,2024-07-09T12:05:00
se_006776,co_0750,renewal,Large,,2024-08-23,2024-08-09,,,monthly,930,1500,1500,GBP,paid,2024-08-09T17:22:00
se_006777,co_0750,renewal,Large,,2024-09-09,2024-09-09,,,monthly,930,1500,1500,GBP,paid,2024-09-09T19:53:00
se_006778,co_0750,renewal,Large,,2024-10-09,2024-10-09,,,monthly,930,1500,1500,GBP,paid,2024-10-09T19:58:00
se_006779,co_0750,renewal,Large,,2024-11-09,2024-11-09,,,monthly,930,1500,1500,GBP,paid,2024-11-09T14:50:00
se_006780,co_0750,renewal,Large,,2024-12-09,2024-12-09,,,monthly,930,1500,1500,GBP,paid,2024-12-09T11:08:00
se_006781,co_0750,renewal,Large,,2025-01-09,2025-01-09,,,monthly,930,1500,1500,GBP,paid,2025-01-09T16:11:00
se_006782,co_0750,renewal,Large,,2025-02-17,2025-02-09,,,monthly,930,1500,1500,GBP,paid,2025-02-09T11:35:00
se_006783,co_0750,renewal,Large,,2025-03-26,2025-03-09,,,monthly,930,1500,1500,GBP,paid,2025-03-09T10:19:00
se_006784,co_0750,renewal,Large,,2025-04-09,2025-04-09,,,monthly,930,1500,1500,GBP,paid,2025-04-09T12:11:00
se_006785,co_0750,renewal,Large,,2025-05-09,2025-05-09,,,monthly,930,1500,1500,GBP,paid,2025-05-09T09:39:00
se_006786,co_0750,renewal,Large,,2025-06-30,2025-06-09,,,monthly,930,1500,1500,GBP,paid,2025-06-09T13:33:00
se_006787,co_0750,renewal,Large,,2025-07-18,2025-07-09,,,monthly,930,1500,1500,GBP,paid,2025-07-09T17:48:00
se_006788,co_0750,renewal,Large,,2025-08-09,2025-08-09,,,monthly,930,1500,1500,GBP,paid,2025-08-09T12:40:00
se_006789,co_0750,renewal,Large,,2025-09-09,2025-09-09,,,monthly,930,1500,1500,GBP,paid,2025-09-09T10:17:00
se_006790,co_0750,renewal,Large,,2025-10-21,2025-10-09,,,monthly,930,1500,1500,GBP,paid,2025-10-09T10:58:00
se_006791,co_0750,renewal,Large,,2025-11-16,2025-11-09,,,monthly,930,1500,1500,GBP,paid,2025-11-09T10:35:00
se_006792,co_0750,renewal,Large,,2025-12-09,2025-12-09,,,monthly,930,1500,1500,GBP,paid,2025-12-09T16:22:00
se_006793,co_0750,renewal,Large,,2026-01-09,2026-01-09,,,monthly,930,1500,1500,GBP,paid,2026-01-09T11:18:00
se_006794,co_0750,renewal,Large,,2026-02-09,2026-02-09,,,monthly,930,1500,1500,GBP,paid,2026-02-09T17:16:00
se_006795,co_0750,renewal,Large,,2026-03-09,2026-03-09,,,monthly,930,1500,1500,GBP,paid,2026-03-09T13:50:00
se_006796,co_0750,renewal,Large,,2026-04-09,2026-04-09,,,monthly,930,1500,1500,GBP,paid,2026-04-09T17:00:00
se_006797,co_0750,renewal,Large,,2026-05-09,2026-05-09,,,monthly,930,1500,1500,GBP,paid,2026-05-09T19:29:00
se_006798,co_0750,renewal,Large,,2026-06-09,2026-06-09,,,monthly,930,1500,1500,GBP,paid,2026-06-09T09:55:00
se_006799,co_0751,trial_start,Medium,,,,,2023-12-23,monthly,208,0,0,GBP,not_applicable,2023-12-16T12:35:00
se_006800,co_0751,converted,Medium,,2023-12-23,2023-12-23,,,monthly,208,750,750,GBP,paid,2023-12-23T17:56:00
se_006801,co_0751,renewal,Medium,,,2024-01-23,,,monthly,208,750,750,GBP,paid,2024-01-23T12:28:00
se_006802,co_0751,renewal,Medium,,2024-02-23,2024-02-23,,,monthly,208,750,750,GBP,paid,2024-02-23T14:07:00
se_006803,co_0751,renewal,Medium,,2024-03-23,2024-03-23,,,monthly,208,750,750,GBP,paid,2024-03-23T15:17:00
se_006804,co_0751,renewal,Medium,,2024-04-23,2024-04-23,,,monthly,208,750,750,GBP,paid,2024-04-23T13:01:00
se_006805,co_0751,renewal,Medium,,2024-05-23,2024-05-23,,,monthly,208,750,750,GBP,paid,2024-05-23T15:01:00
se_006806,co_0751,renewal,Medium,,2024-06-23,2024-06-23,,,monthly,208,750,750,GBP,paid,2024-06-23T13:03:00
se_006807,co_0751,renewal,Medium,,2024-07-23,2024-07-23,,,monthly,208,750,750,GBP,paid,2024-07-23T13:55:00
se_006808,co_0751,renewal,Medium,,2024-08-23,2024-08-23,,,monthly,208,750,750,GBP,paid,2024-08-23T08:37:00
se_006809,co_0751,renewal,Medium,,2024-09-23,2024-09-23,,,monthly,208,750,750,GBP,paid,2024-09-23T19:53:00
se_006810,co_0751,renewal,Medium,,2024-11-06,2024-10-23,,,monthly,208,750,750,GBP,paid,2024-10-23T16:42:00
se_006811,co_0751,renewal,Medium,,2024-11-23,2024-11-23,,,monthly,208,750,750,GBP,paid,2024-11-23T13:53:00
se_006812,co_0751,renewal,Medium,,2024-12-23,2024-12-23,,,monthly,208,750,750,GBP,paid,2024-12-23T09:36:00
se_006813,co_0751,renewal,Medium,,2025-01-23,2025-01-23,,,monthly,208,750,750,GBP,paid,2025-01-23T15:53:00
se_006814,co_0751,renewal,MEDIUM,,2025-02-23,2025-02-23,,,monthly,208,750,750,GBP,paid,2025-02-23T09:25:00
se_006815,co_0751,renewal,Medium,,2025-03-23,2025-03-23,,,monthly,208,750,750,GBP,paid,2025-03-23T13:11:00
se_006816,co_0751,renewal,Medium,,2025-04-23,2025-04-23,,,monthly,208,750,750,GBP,paid,2025-04-23T19:31:00
se_006817,co_0751,renewal,Medium,,2025-05-23,2025-05-23,,,monthly,208,750,750,GBP,paid,2025-05-23T13:35:00
se_006818,co_0751,renewal,Medium,,2025-06-23,2025-06-23,,,monthly,208,750,750,GBP,paid,2025-06-23T15:46:00
se_006819,co_0751,renewal,Medium,,2025-07-23,2025-07-23,,,monthly,208,750,750,GBP,paid,2025-07-23T15:54:00
se_006820,co_0751,renewal,Medium,,2025-08-23,2025-08-23,,,monthly,208,750,750,GBP,paid,2025-08-23T10:50:00
se_006821,co_0751,renewal,Medium,,2025-09-23,2025-09-23,,,monthly,208,750,750,GBP,paid,2025-09-23T17:49:00
se_006822,co_0751,renewal,Medium,,2025-10-23,2025-10-23,,,monthly,208,750,750,GBP,paid,2025-10-23T13:50:00
se_006823,co_0751,renewal,Medium,,2025-11-23,2025-11-23,,,monthly,208,750,750,GBP,paid,2025-11-23T14:14:00
se_006824,co_0751,renewal,Medium,,2025-12-23,2025-12-23,,,monthly,208,750,750,GBP,paid,2025-12-23T17:43:00
se_006825,co_0751,renewal,Medium,,2026-01-23,2026-01-23,,,monthly,208,750,750,GBP,paid,2026-01-23T18:43:00
se_006826,co_0751,renewal,Medium,,2026-02-23,2026-02-23,,,monthly,208,750,750,GBP,paid,2026-02-23T18:29:00
se_006827,co_0751,renewal,Medium,,2026-03-23,2026-03-23,,,monthly,208,750,750,GBP,paid,2026-03-23T10:53:00
se_006828,co_0751,renewal,Medium,,2026-04-23,2026-04-23,,,monthly,208,750,750,GBP,paid,2026-04-23T09:40:00
se_006829,co_0751,renewal,Medium,,2026-05-23,2026-05-23,,,monthly,208,750,750,GBP,paid,2026-05-23T08:25:00
se_006830,co_0751,renewal,Medium,,2026-06-23,2026-06-23,,,monthly,208,750,750,GBP,paid,2026-06-23T10:54:00
se_006831,co_0752,trial_start,Bespoke,,,,,2023-08-04,monthly,1415,0,0,GBP,not_applicable,2023-07-28T17:44:00
se_006832,co_0752,converted,Bespoke,,2023-08-03,2023-08-03,,,monthly,1415,2200,2200,GBP,paid,2023-08-03T18:51:00
se_006833,co_0752,renewal,Bespoke,,2023-09-03,2023-09-03,,,monthly,1415,2110,2110,GBP,paid,2023-09-03T13:52:00
se_006834,co_0752,renewal,Bespoke,,2023-10-03,2023-10-03,,,monthly,1415,2170,2170,GBP,paid,2023-10-03T12:40:00
se_006835,co_0752,renewal,Bespoke,,2023-11-03,2023-11-03,,,monthly,1415,2440,2440,GBP,paid,2023-11-03T16:21:00
se_006836,co_0752,renewal,Bespoke,,2023-12-03,2023-12-03,,,monthly,1415,2510,2510,GBP,paid,2023-12-03T14:23:00
se_006837,co_0752,renewal,Bespoke,,2024-01-03,2024-01-03,,,monthly,1415,2050,2050,GBP,paid,2024-01-03T16:02:00
se_006838,co_0752,renewal,Bespoke,,2024-02-03,2024-02-03,,,monthly,1415,2470,2470,GBP,paid,2024-02-03T08:56:00
se_006839,co_0752,renewal,Bespoke,,2024-03-03,2024-03-03,,,monthly,1415,2340,2340,GBP,paid,2024-03-03T17:02:00
se_006840,co_0752,renewal,Bespoke,,2024-04-03,2024-04-03,,,monthly,1415,2320,2320,GBP,paid,2024-04-03T15:06:00
se_006841,co_0752,renewal,Bespoke,,2024-05-03,2024-05-03,,,monthly,1415,2540,2540,GBP,paid,2024-05-03T08:26:00
se_006842,co_0752,renewal,Bespoke,,2024-06-03,2024-06-03,,,monthly,1415,2560,2560,GBP,paid,2024-06-03T18:16:00
se_006843,co_0752,renewal,Bespoke,,2024-07-03,2024-07-03,,,monthly,1415,2020,2020,GBP,paid,2024-07-03T17:11:00
se_006844,co_0752,renewal,Bespoke,,2024-08-03,2024-08-03,,,monthly,1415,2340,2340,GBP,paid,2024-08-03T13:55:00
se_006845,co_0752,renewal,Bespoke,,2024-09-03,2024-09-03,,,monthly,1415,2070,2070,GBP,paid,2024-09-03T09:06:00
se_006846,co_0752,renewal,Bespoke,,2024-10-03,2024-10-03,,,monthly,1415,2540,2540,GBP,paid,2024-10-03T19:49:00
se_006847,co_0752,renewal,Bespoke,,2024-11-07,2024-11-03,,,monthly,1415,2210,2210,GBP,paid,2024-11-03T12:32:00
se_006848,co_0752,renewal,Bespoke,,2024-12-15,2024-12-03,,,monthly,1415,2260,2260,GBP,paid,2024-12-03T16:56:00
se_006849,co_0752,renewal,Bespoke,,2025-01-03,2025-01-03,,,monthly,1415,2200,2200,GBP,paid,2025-01-03T18:15:00
se_006850,co_0752,renewal,Bespoke,,2025-02-03,2025-02-03,,,monthly,1415,2050,2050,GBP,paid,2025-02-03T11:35:00
se_006851,co_0752,renewal,Bespoke,,2025-03-03,2025-03-03,,,monthly,1415,2590,2590,GBP,paid,2025-03-03T18:12:00
se_006852,co_0752,renewal,Bespoke,,2025-04-24,2025-04-03,,,monthly,1415,2410,2410,GBP,paid,2025-04-03T16:30:00
se_006853,co_0752,renewal,Bespoke,,2025-05-03,2025-05-03,,,monthly,1415,2590,2590,GBP,paid,2025-05-03T12:32:00
se_006854,co_0752,renewal,Bespoke,,2025-06-03,2025-06-03,,,monthly,1415,2030,2030,GBP,paid,2025-06-03T19:35:00
se_006855,co_0752,renewal,Bespoke,,2025-07-03,2025-07-03,,,monthly,1415,2480,2480,GBP,paid,2025-07-03T14:03:00
se_006856,co_0752,renewal,Bespoke,,2025-08-03,2025-08-03,,,monthly,1415,2100,2100,GBP,paid,2025-08-03T14:03:00
se_006857,co_0752,renewal,Bespoke,,2025-09-03,2025-09-03,,,monthly,1415,2290,2290,GBP,paid,2025-09-03T09:10:00
se_006858,co_0752,renewal,Bespoke,,2025-10-03,2025-10-03,,,monthly,1415,2050,2050,GBP,paid,2025-10-03T13:32:00
se_006859,co_0752,renewal,Bespoke,,2025-11-03,2025-11-03,,,monthly,1415,2580,2580,GBP,paid,2025-11-03T18:42:00
se_006860,co_0752,payment_failed,Bespoke,,2025-12-03,2025-12-03,,,monthly,1415,2570,2410,GBP,failed,2025-12-03T10:43:00
se_006861,co_0752,payment_recovered,Bespoke,,2025-12-12,2025-12-12,,,monthly,1415,2020,2020,GBP,paid,2025-12-12T19:57:00
se_006862,co_0752,renewal,Bespoke,,2026-01-03,2026-01-03,,,monthly,1415,2180,2180,GBP,paid,2026-01-03T15:49:00
se_006863,co_0752,renewal,Bespoke,,,2026-02-03,,,monthly,1415,2320,2320,GBP,paid,2026-02-03T08:32:00
se_006864,co_0752,renewal,Bespoke,,2026-03-03,2026-03-03,,,monthly,1415,2170,2170,GBP,paid,2026-03-03T14:55:00
se_006865,co_0752,renewal,Bespoke,,2026-04-03,2026-04-03,,,monthly,1415,2050,2050,GBP,paid,2026-04-03T16:07:00
se_006866,co_0752,renewal,Bespoke,,2026-05-03,2026-05-03,,,monthly,1415,2310,2310,GBP,paid,2026-05-03T16:26:00
se_006867,co_0752,renewal,Bespoke,,2026-06-03,2026-06-03,,,monthly,1415,2050,2050,GBP,paid,2026-06-03T16:58:00
se_006868,co_0753,trial_start,Medium,,,,,2025-06-25,monthly,200,0,0,GBP,not_applicable,2025-06-18T08:45:00
se_006869,co_0753,converted,Medium,,2025-06-24,2025-06-24,,,monthly,200,750,750,GBP,paid,2025-06-24T09:15:00
se_006870,co_0753,renewal,Medium,,2025-07-24,2025-07-24,,,monthly,200,750,750,GBP,paid,2025-07-24T19:17:00
se_006871,co_0753,renewal,Medium,,2025-08-24,2025-08-24,,,monthly,200,750,750,GBP,paid,2025-08-24T08:51:00
se_006872,co_0753,renewal,Medium,,2025-09-30,2025-09-24,,,monthly,200,750,750,GBP,paid,2025-09-24T13:38:00
se_006873,co_0753,payment_failed,Medium,,2025-10-24,2025-10-24,,,monthly,200,750,750,GBP,failed,2025-10-24T13:47:00
se_006874,co_0753,payment_recovered,Medium,,2025-11-02,2025-11-02,,,monthly,200,750,750,GBP,paid,2025-11-02T09:25:00
se_006875,co_0753,renewal,Medium,,2025-11-24,2025-11-24,,,monthly,200,750,750,GBP,paid,2025-11-24T18:57:00
se_006876,co_0753,renewal,medium,,2025-12-24,2025-12-24,,,monthly,200,750,750,GBP,paid,2025-12-24T10:12:00
se_006877,co_0753,renewal,Medium,,2026-01-24,2026-01-24,,,monthly,200,750,750,GBP,paid,2026-01-24T15:48:00
se_006878,co_0753,renewal,Medium,,2026-02-28,2026-02-24,,,monthly,200,750,750,GBP,paid,2026-02-24T10:29:00
se_006879,co_0753,renewal,Medium,,2026-03-24,2026-03-24,,,monthly,200,750,750,GBP,paid,2026-03-24T17:43:00
se_006880,co_0753,renewal,Medium,,2026-04-30,2026-04-24,,,monthly,200,750,750,GBP,paid,2026-04-24T17:04:00
se_006881,co_0753,renewal,Medium,,2026-05-24,2026-05-24,,,monthly,200,750,750,GBP,paid,2026-05-24T14:43:00
se_006882,co_0753,renewal,Medium,,2026-06-24,2026-06-24,,,monthly,200,750,750,GBP,paid,2026-06-24T14:04:00
se_006883,co_0754,trial_start,Medium,,,,,2025-05-30,monthly,188,0,0,GBP,not_applicable,2025-05-23T13:00:00
se_006884,co_0755,trial_start,Small,,,,,2024-08-31,monthly,78,0,0,GBP,not_applicable,2024-08-24T13:49:00
se_006885,co_0755,converted,Small,,2024-08-27,2024-08-27,,,monthly,78,200,200,GBP,paid,2024-08-27T19:00:00
se_006886,co_0755,renewal,Small,,2024-09-27,2024-09-27,,,monthly,78,200,200,GBP,paid,2024-09-27T18:08:00
se_006887,co_0755,renewal,Small,,2024-10-27,2024-10-27,,,monthly,78,200,200,GBP,paid,2024-10-27T11:26:00
se_006888,co_0755,renewal,Small,,2024-11-27,2024-11-27,,,monthly,78,200,200,GBP,paid,2024-11-27T18:06:00
se_006889,co_0755,renewal,Small,,2024-12-27,2024-12-27,,,monthly,78,200,200,GBP,paid,2024-12-27T18:38:00
se_006890,co_0755,renewal,Small,,2025-01-27,2025-01-27,,,monthly,78,200,200,GBP,paid,2025-01-27T11:59:00
se_006891,co_0755,renewal,Small,,2025-03-09,2025-02-27,,,monthly,78,200,200,GBP,paid,2025-02-27T11:21:00
se_006892,co_0755,payment_failed,Small,,2025-03-27,2025-03-27,,,monthly,78,200,200,GBP,failed,2025-03-27T16:07:00
se_006893,co_0755,renewal,Small,,2025-04-27,2025-04-27,,,monthly,78,200,200,GBP,paid,2025-04-27T08:26:00
se_006894,co_0755,renewal,Small,,2025-05-27,2025-05-27,,,monthly,78,200,200,GBP,paid,2025-05-27T11:50:00
se_006895,co_0755,renewal,Small,,2025-06-27,2025-06-27,,,monthly,78,200,200,GBP,paid,2025-06-27T08:55:00
se_006896,co_0755,renewal,Small,,2025-07-27,2025-07-27,,,monthly,78,200,200,GBP,paid,2025-07-27T15:34:00
se_006897,co_0755,renewal,Small,,2025-08-27,2025-08-27,,,monthly,78,200,200,GBP,paid,2025-08-27T12:54:00
se_006898,co_0755,renewal,Small,,2025-09-27,2025-09-27,,,monthly,78,200,200,GBP,paid,2025-09-27T08:47:00
se_006899,co_0755,renewal,Small,,2025-10-27,2025-10-27,,,monthly,78,200,200,GBP,paid,2025-10-27T10:58:00
se_006900,co_0755,renewal,Small,,2025-11-27,2025-11-27,,,monthly,78,200,200,GBP,paid,2025-11-27T10:11:00
se_006901,co_0755,renewal,Small,,2026-01-03,2025-12-27,,,monthly,78,200,200,GBP,paid,2025-12-27T15:39:00
se_006902,co_0755,renewal,Small,,2026-01-27,2026-01-27,,,monthly,78,200,200,GBP,paid,2026-01-27T14:19:00
se_006903,co_0755,renewal,Small,,2026-02-27,2026-02-27,,,monthly,78,200,200,GBP,paid,2026-02-27T13:06:00
se_006904,co_0755,renewal,Small,,2026-03-27,2026-03-27,,,monthly,78,200,200,GBP,paid,2026-03-27T18:54:00
se_006905,co_0755,renewal,Small,,2026-04-27,2026-04-27,,,monthly,78,200,200,GBP,paid,2026-04-27T09:12:00
se_006906,co_0755,renewal,Small,,2026-05-27,2026-05-27,,,monthly,78,200,200,GBP,paid,2026-05-27T13:38:00
se_006907,co_0755,renewal,Small,,2026-06-29,2026-06-27,,,monthly,78,200,200,GBP,paid,2026-06-27T13:10:00
se_006908,co_0756,trial_start,Small,,,,,2024-11-10,monthly,58,0,0,GBP,not_applicable,2024-11-03T18:19:00
se_006909,co_0756,converted,Small,,2024-11-11,2024-11-11,,,monthly,58,200,200,GBP,paid,2024-11-11T15:43:00
se_006910,co_0756,renewal,Small,,2024-12-11,2024-12-11,,,monthly,58,200,200,GBP,paid,2024-12-11T09:55:00
se_006911,co_0756,renewal,Small,,2025-01-17,2025-01-11,,,monthly,58,200,200,GBP,paid,2025-01-11T09:36:00
se_006912,co_0756,renewal,Small,,2025-02-11,2025-02-11,,,monthly,58,200,200,GBP,paid,2025-02-11T10:53:00
se_006913,co_0756,renewal,Small,,2025-03-11,2025-03-11,,,monthly,58,200,200,GBP,paid,2025-03-11T17:40:00
se_006914,co_0756,renewal,Small,,2025-04-11,2025-04-11,,,monthly,58,200,200,GBP,paid,2025-04-11T12:07:00
se_006915,co_0756,renewal,Small,,2025-05-11,2025-05-11,,,monthly,58,200,200,GBP,paid,2025-05-11T17:29:00
se_006916,co_0756,renewal,Small,,2025-06-11,2025-06-11,,,monthly,58,200,200,GBP,paid,2025-06-11T18:25:00
se_006917,co_0756,renewal,Small,,2025-07-11,2025-07-11,,,monthly,58,200,200,GBP,paid,2025-07-11T15:34:00
se_006918,co_0756,renewal,Small,,2025-08-11,2025-08-11,,,monthly,58,200,200,GBP,paid,2025-08-11T16:00:00
se_006919,co_0756,renewal,Small,,2025-09-11,2025-09-11,,,monthly,58,200,200,GBP,paid,2025-09-11T16:55:00
se_006920,co_0756,renewal,Small,,2025-10-11,2025-10-11,,,monthly,58,200,200,GBP,paid,2025-10-11T16:04:00
se_006921,co_0756,renewal,Small,,2025-11-11,2025-11-11,,,monthly,58,200,200,GBP,paid,2025-11-11T15:14:00
se_006922,co_0756,renewal,Small,,2025-12-11,2025-12-11,,,monthly,58,200,200,GBP,paid,2025-12-11T17:14:00
se_006923,co_0756,renewal,Small,,2026-01-11,2026-01-11,,,monthly,58,200,200,GBP,paid,2026-01-11T15:01:00
se_006924,co_0756,renewal,Small,,2026-02-11,2026-02-11,,,monthly,58,200,200,GBP,paid,2026-02-11T09:59:00
se_006925,co_0756,renewal,Small,,2026-03-11,2026-03-11,,,monthly,58,200,200,GBP,paid,2026-03-11T10:04:00
se_006926,co_0756,renewal,Small ,,2026-04-11,2026-04-11,,,monthly,58,200,200,GBP,paid,2026-04-11T13:24:00
se_006927,co_0756,renewal,Small,,2026-05-11,2026-05-11,,,monthly,58,200,200,GBP,paid,2026-05-11T15:21:00
se_006928,co_0756,renewal,Small,,2026-06-11,2026-06-11,,,monthly,58,200,200,GBP,paid,2026-06-11T16:20:00
se_006929,co_0757,trial_start,Medium,,,,,2026-04-30,monthly,255,0,0,GBP,not_applicable,2026-04-23T15:25:00
se_006930,co_0758,trial_start,Small,,,,,2023-12-25,monthly,61,0,0,GBP,not_applicable,2023-12-18T13:19:00
se_006931,co_0758,converted,Small,,2023-12-25,2023-12-25,,,monthly,61,200,200,GBP,paid,2023-12-25T16:36:00
se_006932,co_0758,renewal,Small,,2024-01-25,2024-01-25,,,monthly,61,200,200,GBP,paid,2024-01-25T17:21:00
se_006933,co_0758,renewal,Small,,2024-02-25,2024-02-25,,,monthly,61,200,200,GBP,paid,2024-02-25T15:13:00
se_006934,co_0758,renewal,Small,,2024-03-25,2024-03-25,,,monthly,61,200,200,GBP,paid,2024-03-25T11:52:00
se_006935,co_0758,renewal,Small,,2024-04-25,2024-04-25,,,monthly,61,200,200,GBP,paid,2024-04-25T13:30:00
se_006936,co_0758,renewal,Small,,2024-05-25,2024-05-25,,,monthly,61,200,200,GBP,paid,2024-05-25T11:00:00
se_006937,co_0758,renewal,Small,,2024-06-25,2024-06-25,,,monthly,61,200,200,GBP,paid,2024-06-25T08:02:00
se_006938,co_0758,renewal,Small,,2024-08-07,2024-07-25,,,monthly,61,200,200,GBP,paid,2024-07-25T13:06:00
se_006939,co_0758,renewal,Small,,2024-08-25,2024-08-25,,,monthly,61,200,200,GBP,paid,2024-08-25T10:05:00
se_006940,co_0758,renewal,Small,,2024-09-25,2024-09-25,,,monthly,61,200,200,GBP,paid,2024-09-25T13:45:00
se_006941,co_0758,renewal,Small,,2024-10-25,2024-10-25,,,monthly,61,200,200,GBP,paid,2024-10-25T09:45:00
se_006942,co_0758,renewal,Small,,2024-11-25,2024-11-25,,,monthly,61,200,200,GBP,paid,2024-11-25T11:14:00
se_006943,co_0758,renewal,Small,,2024-12-25,2024-12-25,,,monthly,61,200,200,GBP,paid,2024-12-25T19:13:00
se_006944,co_0758,renewal,Small,,2025-02-06,2025-01-25,,,monthly,61,200,200,GBP,paid,2025-01-25T14:37:00
se_006945,co_0758,renewal,Small,,2025-02-25,2025-02-25,,,monthly,61,200,200,GBP,paid,2025-02-25T16:54:00
se_006946,co_0758,renewal,Small,,2025-03-25,2025-03-25,,,monthly,61,200,200,GBP,paid,2025-03-25T08:59:00
se_006947,co_0758,payment_failed,Small,,2025-04-25,2025-04-25,,,monthly,61,200,200,GBP,failed,2025-04-25T13:58:00
se_006948,co_0758,payment_recovered,Small,,2025-05-07,2025-05-07,,,monthly,61,200,200,GBP,paid,2025-05-07T08:11:00
se_006949,co_0758,renewal,Small,,2025-06-05,2025-05-25,,,monthly,61,200,200,GBP,paid,2025-05-25T15:17:00
se_006950,co_0758,payment_failed,Small,,2025-06-25,2025-06-25,,,monthly,61,200,200,GBP,failed,2025-06-25T08:49:00
se_006951,co_0758,renewal,Small,,,2025-07-25,,,monthly,61,200,200,GBP,paid,2025-07-25T19:09:00
se_006952,co_0758,renewal,Small,,2025-08-25,2025-08-25,,,monthly,61,200,200,GBP,paid,2025-08-25T19:26:00
se_006953,co_0758,payment_failed,Small,,2025-09-25,2025-09-25,,,monthly,61,200,200,GBP,failed,2025-09-25T18:48:00
se_006954,co_0758,payment_recovered,Small,,2025-10-12,2025-10-12,,,monthly,61,200,200,GBP,paid,2025-10-12T14:08:00
se_006955,co_0758,renewal,Small,,2025-10-25,2025-10-25,,,monthly,61,200,200,GBP,paid,2025-10-25T11:19:00
se_006956,co_0758,renewal,Small,,2025-11-25,2025-11-25,,,monthly,61,200,200,GBP,paid,2025-11-25T13:19:00
se_006957,co_0758,renewal,Small,,2025-12-25,2025-12-25,,,monthly,61,200,200,GBP,paid,2025-12-25T17:05:00
se_006958,co_0758,renewal,Small,,2026-01-25,2026-01-25,,,monthly,61,200,200,GBP,paid,2026-01-25T12:44:00
se_006959,co_0758,payment_failed,Small,,2026-02-25,2026-02-25,,,monthly,61,200,200,GBP,failed,2026-02-25T14:25:00
se_006960,co_0758,renewal,Small,,,2026-03-25,,,monthly,61,200,200,GBP,paid,2026-03-25T16:20:00
se_006961,co_0758,cancellation_scheduled,Small,,,2026-03-28,,,monthly,61,200,200,GBP,not_applicable,2026-03-28T09:23:00
se_006962,co_0758,voluntary_churn,Small,,,2026-04-13,2026-04-13,,monthly,61,200,0,GBP,not_applicable,2026-04-13T11:48:00
se_006963,co_0759,trial_start,Medium,,,,,2025-10-05,annual,125,0,0,GBP,not_applicable,2025-09-28T18:28:00
se_006964,co_0760,trial_start,Small,,,,,2026-06-19,annual,59,0,0,GBP,not_applicable,2026-06-12T16:24:00
se_006965,co_0760,converted,Small,,2026-06-18,2026-06-18,,,annual,59,200,2400,GBP,paid,2026-06-18T19:14:00
se_006966,co_0761,trial_start,Medium,,,,,2025-10-27,annual,240,0,0,GBP,not_applicable,2025-10-20T08:10:00
se_006967,co_0761,converted,Medium,,2025-10-24,2025-10-24,,,annual,240,750,9000,GBP,paid,2025-10-24T12:05:00
se_006968,co_0762,trial_start,Small,,,,,2024-03-14,annual,60,0,0,GBP,not_applicable,2024-03-07T08:36:00
se_006969,co_0762,converted,small,,2024-03-16,2024-03-16,,,annual,60,200,2400,GBP,paid,2024-03-16T12:28:00
se_006970,co_0762,renewal,Small,,2025-03-16,2025-03-16,,,annual,60,200,2400,GBP,paid,2025-03-16T13:46:00
se_006971,co_0762,renewal,Small,,2026-03-16,2026-03-16,,,annual,60,200,2400,GBP,paid,2026-03-16T08:58:00
se_006972,co_0762,cancellation_scheduled,Small,,,2026-03-04,,,annual,60,200,2400,GBP,not_applicable,2026-03-04T15:01:00
se_006973,co_0762,voluntary_churn,Small,,,2026-04-03,2026-04-03,,annual,60,200,0,GBP,not_applicable,2026-04-03T11:07:00
se_006974,co_0763,trial_start,Small,,,,,2025-05-27,monthly,23,0,0,GBP,not_applicable,2025-05-20T16:20:00
se_006975,co_0764,trial_start,Medium,,,,,2024-05-17,annual,149,0,0,GBP,not_applicable,2024-05-10T10:24:00
se_006976,co_0765,trial_start,Small,,,,,2023-09-28,monthly,74,0,0,GBP,not_applicable,2023-09-21T17:12:00
se_006977,co_0765,converted,Small,,2023-09-28,2023-09-28,,,monthly,74,200,200,GBP,paid,2023-09-28T14:38:00
se_006978,co_0765,renewal,Small,,2023-10-28,2023-10-28,,,monthly,74,200,200,GBP,paid,2023-10-28T14:54:00
se_006979,co_0765,renewal,SMALL,,2023-11-28,2023-11-28,,,monthly,74,200,200,GBP,paid,2023-11-28T17:13:00
se_006980,co_0765,renewal,Small,,2023-12-28,2023-12-28,,,monthly,74,200,200,GBP,paid,2023-12-28T17:48:00
se_006981,co_0765,renewal,Small,,2024-01-28,2024-01-28,,,monthly,74,200,200,GBP,paid,2024-01-28T08:19:00
se_006982,co_0765,renewal,Small,,2024-02-28,2024-02-28,,,monthly,74,200,200,GBP,paid,2024-02-28T10:52:00
se_006983,co_0765,renewal,Small,,2024-03-28,2024-03-28,,,monthly,74,200,200,GBP,paid,2024-03-28T12:25:00
se_006984,co_0765,renewal,Small,,2024-04-28,2024-04-28,,,monthly,74,200,200,GBP,paid,2024-04-28T11:06:00
se_006985,co_0765,renewal,Small,,2024-05-28,2024-05-28,,,monthly,74,200,200,GBP,paid,2024-05-28T09:33:00
se_006986,co_0765,renewal,Small,,2024-06-28,2024-06-28,,,monthly,74,200,200,GBP,paid,2024-06-28T17:24:00
se_006987,co_0765,renewal,Small,,2024-07-28,2024-07-28,,,monthly,74,200,200,GBP,paid,2024-07-28T15:43:00
se_006988,co_0765,renewal,Small,,2024-08-28,2024-08-28,,,monthly,74,200,200,GBP,paid,2024-08-28T11:34:00
se_006989,co_0765,renewal,Small,,2024-09-28,2024-09-28,,,monthly,74,200,200,GBP,paid,2024-09-28T19:12:00
se_006990,co_0765,renewal,Small,,2024-10-28,2024-10-28,,,monthly,74,200,200,GBP,paid,2024-10-28T08:02:00
se_006991,co_0765,renewal,Small,,2024-11-28,2024-11-28,,,monthly,74,200,200,GBP,paid,2024-11-28T12:06:00
se_006992,co_0765,renewal,Small,,2024-12-28,2024-12-28,,,monthly,74,200,200,GBP,paid,2024-12-28T16:16:00
se_006993,co_0765,renewal,Small,,2025-01-28,2025-01-28,,,monthly,74,200,200,GBP,paid,2025-01-28T12:35:00
se_006994,co_0765,renewal,Small,,2025-02-28,2025-02-28,,,monthly,74,200,200,GBP,paid,2025-02-28T15:49:00
se_006995,co_0765,renewal,Small,,2025-03-28,2025-03-28,,,monthly,74,200,200,GBP,paid,2025-03-28T10:10:00
se_006996,co_0765,renewal,Small,,2025-04-28,2025-04-28,,,monthly,74,200,200,GBP,paid,2025-04-28T16:08:00
se_006997,co_0765,renewal,Small,,2025-05-28,2025-05-28,,,monthly,74,200,200,GBP,paid,2025-05-28T17:34:00
se_006998,co_0765,renewal,Small,,2025-06-28,2025-06-28,,,monthly,74,200,200,GBP,paid,2025-06-28T19:57:00
se_006999,co_0765,renewal,Small,,2025-07-28,2025-07-28,,,monthly,74,200,200,GBP,paid,2025-07-28T11:06:00
se_007000,co_0765,renewal,Small,,2025-08-28,2025-08-28,,,monthly,74,200,200,GBP,paid,2025-08-28T16:39:00
se_007001,co_0765,renewal,Small,,2025-09-28,2025-09-28,,,monthly,74,200,200,GBP,paid,2025-09-28T08:44:00
se_007002,co_0765,renewal,Small,,2025-10-28,2025-10-28,,,monthly,74,200,200,GBP,paid,2025-10-28T08:23:00
se_007003,co_0765,renewal,Small,,2025-11-28,2025-11-28,,,monthly,74,200,200,GBP,paid,2025-11-28T17:00:00
se_007004,co_0765,renewal,Small,,2025-12-28,2025-12-28,,,monthly,74,200,200,GBP,paid,2025-12-28T17:06:00
se_007005,co_0765,renewal,Small,,2026-01-28,2026-01-28,,,monthly,74,200,200,GBP,paid,2026-01-28T16:59:00
se_007006,co_0765,renewal,Small,,2026-02-28,2026-02-28,,,monthly,74,200,200,GBP,paid,2026-02-28T12:36:00
se_007007,co_0765,renewal,Small,,2026-03-28,2026-03-28,,,monthly,74,200,200,GBP,paid,2026-03-28T13:27:00
se_007008,co_0765,renewal,Small,,2026-04-28,2026-04-28,,,monthly,74,200,200,GBP,paid,2026-04-28T12:11:00
se_007009,co_0765,renewal,Small,,2026-05-28,2026-05-28,,,monthly,74,200,200,GBP,paid,2026-05-28T12:31:00
se_007010,co_0765,renewal,Small,,2026-06-28,2026-06-28,,,monthly,74,200,200,GBP,paid,2026-06-28T18:16:00
se_007011,co_0766,trial_start,Medium,,,,,2026-05-18,monthly,137,0,0,GBP,not_applicable,2026-05-11T09:40:00
se_007012,co_0767,trial_start,Medium,,,,,2023-11-29,annual,131,0,0,GBP,not_applicable,2023-11-22T10:33:00
se_007013,co_0768,trial_start,Medium,,,,,2023-08-07,annual,190,0,0,GBP,not_applicable,2023-07-31T14:36:00
se_007014,co_0769,trial_start,Medium,,,,,2024-07-18,annual,214,0,0,GBP,not_applicable,2024-07-11T10:02:00
se_007015,co_0769,converted,Medium,,2024-07-18,2024-07-18,,,annual,214,750,9000,GBP,paid,2024-07-18T13:56:00
se_007016,co_0769,renewal,Medium,,2025-08-03,2025-07-18,,,annual,214,750,9000,GBP,paid,2025-07-18T15:19:00
se_007017,co_0770,trial_start,Small,,,,,2024-03-17,monthly,50,0,0,GBP,not_applicable,2024-03-10T15:22:00
se_007018,co_0771,trial_start,Large,,,,,2026-04-20,annual,550,0,0,GBP,not_applicable,2026-04-13T17:23:00
se_007019,co_0772,trial_start,Small,,,,,2026-05-11,monthly,87,0,0,GBP,not_applicable,2026-05-04T17:18:00
se_007020,co_0772,converted,Small,,2026-05-14,2026-05-14,,,monthly,87,200,200,GBP,paid,2026-05-14T14:23:00
se_007021,co_0772,renewal,Small,,2026-06-14,2026-06-14,,,monthly,87,200,200,GBP,paid,2026-06-14T19:16:00
se_007022,co_0773,trial_start,Medium,,,,,2026-03-19,annual,146,0,0,GBP,not_applicable,2026-03-12T19:05:00
se_007023,co_0773,converted,MEDIUM,,2026-03-21,2026-03-21,,,annual,146,750,9000,GBP,paid,2026-03-21T11:15:00
se_007024,co_0774,trial_start,Small,,,,,2023-12-25,annual,45,0,0,GBP,not_applicable,2023-12-18T08:45:00
se_007025,co_0775,trial_start,Small,,,,,2023-09-20,annual,70,0,0,GBP,not_applicable,2023-09-13T09:12:00
se_007026,co_0775,converted,Small,,2023-09-16,2023-09-16,,,annual,70,200,2400,GBP,paid,2023-09-16T15:37:00
se_007027,co_0775,renewal,Small,,2024-09-16,2024-09-16,,,annual,70,200,2400,GBP,paid,2024-09-16T12:01:00
se_007028,co_0775,renewal,Small,,2025-09-16,2025-09-16,,,annual,70,200,2400,GBP,paid,2025-09-16T11:57:00
se_007029,co_0776,trial_start,Small,,,,,2025-03-09,annual,102,0,0,GBP,not_applicable,2025-03-02T16:05:00
se_007030,co_0776,converted,Small,,2025-03-09,2025-03-09,,,annual,102,200,2400,GBP,paid,2025-03-09T09:39:00
se_007031,co_0776,renewal,Small,,2026-03-09,2026-03-09,,,annual,102,200,2400,GBP,paid,2026-03-09T17:33:00
se_007032,co_0777,trial_start,Bespoke,,,,,2023-09-11,annual,8200,0,0,GBP,not_applicable,2023-09-04T10:14:00
se_007033,co_0777,converted,Bespoke,,2023-09-10,2023-09-10,,,annual,8200,15790,189480,GBP,paid,2023-09-10T16:13:00
se_007034,co_0777,renewal,Bespoke,,2024-09-10,2024-09-10,,,annual,8200,13370,160440,GBP,paid,2024-09-10T17:20:00
se_007035,co_0777,renewal,Bespoke,,2025-09-30,2025-09-10,,,annual,8200,12090,145080,GBP,paid,2025-09-10T09:00:00
se_007036,co_0778,trial_start,Medium,,,,,2025-02-23,annual,113,0,0,GBP,not_applicable,2025-02-16T08:24:00
se_007037,co_0778,converted,Medium,,2025-02-26,2025-02-26,,,annual,113,750,9000,GBP,paid,2025-02-26T18:59:00
se_007038,co_0778,renewal,Medium,,2026-02-26,2026-02-26,,,annual,113,750,9000,GBP,paid,2026-02-26T15:53:00
se_007039,co_0779,trial_start,Small,,,,,2024-07-21,monthly,97,0,0,GBP,not_applicable,2024-07-14T18:40:00
se_007040,co_0779,converted,Small,,2024-07-16,2024-07-16,,,monthly,97,200,200,GBP,paid,2024-07-16T15:42:00
se_007041,co_0779,renewal,Small,,2024-08-16,2024-08-16,,,monthly,97,200,200,GBP,paid,2024-08-16T15:13:00
se_007042,co_0779,renewal,Small,,2024-09-16,2024-09-16,,,monthly,97,200,200,GBP,paid,2024-09-16T17:16:00
se_007043,co_0779,renewal,Small,,2024-10-16,2024-10-16,,,monthly,97,200,200,GBP,paid,2024-10-16T16:26:00
se_007044,co_0779,renewal,Small,,2024-11-16,2024-11-16,,,monthly,97,200,200,GBP,paid,2024-11-16T14:08:00
se_007045,co_0779,renewal,Small,,2024-12-16,2024-12-16,,,monthly,97,200,200,GBP,paid,2024-12-16T17:24:00
se_007046,co_0779,renewal,Small,,2025-01-16,2025-01-16,,,monthly,97,200,200,GBP,paid,2025-01-16T10:28:00
se_007047,co_0779,renewal,Small,,2025-02-16,2025-02-16,,,monthly,97,200,200,GBP,paid,2025-02-16T16:03:00
se_007048,co_0779,renewal,Small,,2025-03-16,2025-03-16,,,monthly,97,200,200,GBP,paid,2025-03-16T10:27:00
se_007049,co_0779,renewal,Small,,2025-04-16,2025-04-16,,,monthly,97,200,200,GBP,paid,2025-04-16T14:46:00
se_007050,co_0779,renewal,Small,,2025-05-16,2025-05-16,,,monthly,97,200,200,GBP,paid,2025-05-16T08:39:00
se_007051,co_0779,renewal,Small,,2025-06-24,2025-06-16,,,monthly,97,200,200,GBP,paid,2025-06-16T10:28:00
se_007052,co_0779,renewal,Small,,2025-07-16,2025-07-16,,,monthly,97,200,200,GBP,paid,2025-07-16T12:29:00
se_007053,co_0779,renewal,Small,,2025-08-16,2025-08-16,,,monthly,97,200,200,GBP,paid,2025-08-16T17:22:00
se_007054,co_0779,renewal,Small,,2025-09-16,2025-09-16,,,monthly,97,200,200,GBP,paid,2025-09-16T15:51:00
se_007055,co_0779,renewal,Small,,2025-10-16,2025-10-16,,,monthly,97,200,200,GBP,paid,2025-10-16T19:53:00
se_007056,co_0779,renewal,SMALL,,2025-11-16,2025-11-16,,,monthly,97,200,200,GBP,paid,2025-11-16T15:24:00
se_007057,co_0779,renewal,Small,,2025-12-16,2025-12-16,,,monthly,97,200,200,GBP,paid,2025-12-16T19:56:00
se_007058,co_0779,renewal,Small,,2026-01-16,2026-01-16,,,monthly,97,200,200,GBP,paid,2026-01-16T14:34:00
se_007059,co_0779,renewal,Small,,2026-02-16,2026-02-16,,,monthly,97,200,200,GBP,paid,2026-02-16T14:41:00
se_007060,co_0779,renewal,Small,,2026-03-16,2026-03-16,,,monthly,97,200,200,GBP,paid,2026-03-16T10:28:00
se_007061,co_0779,renewal,Small,,2026-04-16,2026-04-16,,,monthly,97,200,200,GBP,paid,2026-04-16T11:00:00
se_007062,co_0779,renewal,Small,,2026-05-16,2026-05-16,,,monthly,97,200,200,GBP,paid,2026-05-16T14:15:00
se_007063,co_0779,renewal,Small,,2026-06-16,2026-06-16,,,monthly,97,200,200,GBP,paid,2026-06-16T16:02:00
se_007064,co_0780,trial_start,Small,,,,,2025-03-02,annual,100,0,0,GBP,not_applicable,2025-02-23T19:40:00
se_007065,co_0781,trial_start,Small,,,,,2023-09-28,annual,89,0,0,GBP,not_applicable,2023-09-21T10:28:00
se_007066,co_0781,converted,Small,,2023-09-25,2023-09-25,,,annual,89,200,2400,GBP,paid,2023-09-25T10:29:00
se_007067,co_0781,renewal,Small,,2024-09-25,2024-09-25,,,annual,89,200,2400,GBP,paid,2024-09-25T18:23:00
se_007068,co_0781,renewal,Small,,2025-09-25,2025-09-25,,,annual,89,200,2400,GBP,paid,2025-09-25T17:03:00
se_007069,co_0782,trial_start,Medium,,,,,2025-01-06,monthly,187,0,0,GBP,not_applicable,2024-12-30T18:13:00
se_007070,co_0783,trial_start,Small,,,,,2026-06-23,monthly,68,0,0,GBP,not_applicable,2026-06-16T16:08:00
se_007071,co_0783,converted,Small,,2026-06-26,2026-06-26,,,monthly,68,200,200,GBP,paid,2026-06-26T15:05:00
se_007072,co_0784,trial_start,Small,,,,,2025-03-16,monthly,67,0,0,EUR,not_applicable,2025-03-09T10:19:00
se_007073,co_0785,trial_start,Small,,,,,2024-06-06,annual,40,0,0,GBP,not_applicable,2024-05-30T12:19:00
se_007074,co_0785,converted,Small,,2024-06-07,2024-06-07,,,annual,40,200,2400,GBP,paid,2024-06-07T16:34:00
se_007075,co_0785,renewal,Small,,2025-06-07,2025-06-07,,,annual,40,200,2400,GBP,paid,2025-06-07T14:54:00
se_007076,co_0785,renewal,Small,,2026-06-07,2026-06-07,,,annual,40,200,2400,GBP,paid,2026-06-07T13:35:00
se_007077,co_0786,trial_start,Small,,,,,2024-01-25,monthly,71,0,0,GBP,not_applicable,2024-01-18T10:15:00
se_007078,co_0786,converted,Small,,2024-01-27,2024-01-27,,,monthly,71,200,200,GBP,paid,2024-01-27T17:37:00
se_007079,co_0786,renewal,Small,,2024-02-27,2024-02-27,,,monthly,71,200,200,GBP,paid,2024-02-27T14:47:00
se_007080,co_0786,renewal,Small,,2024-03-27,2024-03-27,,,monthly,71,200,200,GBP,paid,2024-03-27T11:40:00
se_007081,co_0786,renewal,Small,,2024-04-27,2024-04-27,,,monthly,71,200,200,GBP,paid,2024-04-27T17:39:00
se_007082,co_0786,renewal,Small,,2024-05-27,2024-05-27,,,monthly,71,200,200,GBP,paid,2024-05-27T13:11:00
se_007083,co_0786,renewal,Small,,2024-06-27,2024-06-27,,,monthly,71,200,200,GBP,paid,2024-06-27T13:53:00
se_007084,co_0786,renewal,Small,,2024-07-27,2024-07-27,,,monthly,71,200,200,GBP,paid,2024-07-27T18:44:00
se_007085,co_0786,renewal,Small,,2024-08-27,2024-08-27,,,monthly,71,200,200,GBP,paid,2024-08-27T10:29:00
se_007086,co_0786,renewal,Small,,2024-09-27,2024-09-27,,,monthly,71,200,200,GBP,paid,2024-09-27T08:03:00
se_007087,co_0786,renewal,Small,,2024-11-04,2024-10-27,,,monthly,71,200,200,GBP,paid,2024-10-27T09:09:00
se_007088,co_0786,renewal,Small,,2024-11-27,2024-11-27,,,monthly,71,200,200,GBP,paid,2024-11-27T13:35:00
se_007089,co_0786,cancellation_scheduled,Small,,,2024-12-08,,,monthly,71,200,200,GBP,not_applicable,2024-12-08T11:30:00
se_007090,co_0786,voluntary_churn,Small,,,2024-12-21,2024-12-21,,monthly,71,200,0,GBP,not_applicable,2024-12-21T11:21:00
se_007091,co_0787,trial_start,Medium,,,,,2024-07-27,monthly,218,0,0,GBP,not_applicable,2024-07-20T13:04:00
se_007092,co_0787,converted,Medium,,2024-07-28,2024-07-28,,,monthly,218,750,750,GBP,paid,2024-07-28T15:37:00
se_007093,co_0787,renewal,Medium,,2024-08-28,2024-08-28,,,monthly,218,750,750,GBP,paid,2024-08-28T13:15:00
se_007094,co_0787,renewal,Medium,,2024-09-28,2024-09-28,,,monthly,218,750,750,GBP,paid,2024-09-28T14:57:00
se_007095,co_0787,renewal,Medium,,2024-10-28,2024-10-28,,,monthly,218,750,750,GBP,paid,2024-10-28T09:53:00
se_007096,co_0787,renewal,Medium,,2024-11-28,2024-11-28,,,monthly,218,750,750,GBP,paid,2024-11-28T12:55:00
se_007097,co_0787,renewal,Medium,,2024-12-28,2024-12-28,,,monthly,218,750,750,GBP,paid,2024-12-28T19:21:00
se_007098,co_0787,renewal,Medium,,2025-01-28,2025-01-28,,,monthly,218,750,750,GBP,paid,2025-01-28T13:33:00
se_007099,co_0787,renewal,Medium,,2025-02-28,2025-02-28,,,monthly,218,750,750,GBP,paid,2025-02-28T09:28:00
se_007100,co_0787,renewal,Medium,,2025-03-28,2025-03-28,,,monthly,218,750,750,GBP,paid,2025-03-28T12:14:00
se_007101,co_0787,renewal,Medium,,2025-04-28,2025-04-28,,,monthly,218,750,750,GBP,paid,2025-04-28T19:29:00
se_007102,co_0787,renewal,Medium,,2025-05-28,2025-05-28,,,monthly,218,750,750,GBP,paid,2025-05-28T09:50:00
se_007103,co_0787,renewal,Medium,,2025-07-09,2025-06-28,,,monthly,218,750,750,GBP,paid,2025-06-28T13:41:00
se_007104,co_0787,renewal,Medium,,2025-07-28,2025-07-28,,,monthly,218,750,750,GBP,paid,2025-07-28T10:53:00
se_007105,co_0787,renewal,Medium,,2025-08-28,2025-08-28,,,monthly,218,750,750,GBP,paid,2025-08-28T19:53:00
se_007106,co_0787,renewal,Medium ,,2025-09-28,2025-09-28,,,monthly,218,750,750,GBP,paid,2025-09-28T11:08:00
se_007107,co_0787,renewal,Medium,,2025-10-28,2025-10-28,,,monthly,218,750,750,GBP,paid,2025-10-28T18:52:00
se_007108,co_0787,renewal,Medium,,2025-11-28,2025-11-28,,,monthly,218,750,750,GBP,paid,2025-11-28T12:56:00
se_007109,co_0787,renewal,Medium,,2025-12-28,2025-12-28,,,monthly,218,750,750,GBP,paid,2025-12-28T12:08:00
se_007110,co_0787,renewal,Medium,,2026-01-28,2026-01-28,,,monthly,218,750,750,GBP,paid,2026-01-28T19:27:00
se_007111,co_0787,renewal,Medium,,2026-02-28,2026-02-28,,,monthly,218,750,750,GBP,paid,2026-02-28T14:36:00
se_007112,co_0787,renewal,Medium,,2026-03-28,2026-03-28,,,monthly,218,750,750,GBP,paid,2026-03-28T13:56:00
se_007113,co_0787,renewal,Medium,,2026-04-28,2026-04-28,,,monthly,218,750,750,GBP,paid,2026-04-28T09:37:00
se_007114,co_0787,renewal,Medium,,2026-05-28,2026-05-28,,,monthly,218,750,750,GBP,paid,2026-05-28T08:39:00
se_007115,co_0787,renewal,Medium,,2026-06-28,2026-06-28,,,monthly,218,750,750,GBP,paid,2026-06-28T12:08:00
se_007116,co_0788,trial_start,Medium,,,,,2024-01-31,monthly,534,0,0,GBP,not_applicable,2024-01-24T18:47:00
se_007117,co_0788,converted,Medium,,2024-02-02,2024-02-02,,,monthly,534,750,750,GBP,paid,2024-02-02T11:19:00
se_007118,co_0788,renewal,Medium,,2024-03-02,2024-03-02,,,monthly,534,750,750,GBP,paid,2024-03-02T19:51:00
se_007119,co_0788,renewal,Medium,,2024-04-02,2024-04-02,,,monthly,534,750,750,GBP,paid,2024-04-02T12:56:00
se_007120,co_0788,renewal,Medium,,2024-05-02,2024-05-02,,,monthly,534,750,750,GBP,paid,2024-05-02T14:31:00
se_007121,co_0788,renewal,Medium,,2024-06-02,2024-06-02,,,monthly,534,750,750,GBP,paid,2024-06-02T13:49:00
se_007122,co_0788,renewal,Medium,,2024-07-02,2024-07-02,,,monthly,534,750,750,GBP,paid,2024-07-02T19:29:00
se_007123,co_0788,renewal,Medium,,2024-08-02,2024-08-02,,,monthly,534,750,750,GBP,paid,2024-08-02T19:07:00
se_007124,co_0788,renewal,Medium,,2024-09-02,2024-09-02,,,monthly,534,750,750,GBP,paid,2024-09-02T19:53:00
se_007125,co_0788,renewal,Medium,,2024-10-02,2024-10-02,,,monthly,534,750,750,GBP,paid,2024-10-02T10:51:00
se_007126,co_0788,renewal,Medium,,2024-11-02,2024-11-02,,,monthly,534,750,750,GBP,paid,2024-11-02T10:06:00
se_007127,co_0788,renewal,Medium,,2024-12-02,2024-12-02,,,monthly,534,750,750,GBP,paid,2024-12-02T19:49:00
se_007128,co_0788,renewal,Medium,,2025-01-02,2025-01-02,,,monthly,534,750,750,GBP,paid,2025-01-02T12:21:00
se_007129,co_0788,renewal,Medium,,2025-02-02,2025-02-02,,,monthly,534,750,750,GBP,paid,2025-02-02T18:21:00
se_007130,co_0788,renewal,Medium,,2025-03-02,2025-03-02,,,monthly,534,750,750,GBP,paid,2025-03-02T18:41:00
se_007131,co_0788,renewal,Medium,,2025-04-02,2025-04-02,,,monthly,534,750,750,GBP,paid,2025-04-02T15:34:00
se_007132,co_0788,renewal,Medium,,2025-05-02,2025-05-02,,,monthly,534,750,750,GBP,paid,2025-05-02T19:59:00
se_007133,co_0788,renewal,Medium,,2025-06-02,2025-06-02,,,monthly,534,750,750,GBP,paid,2025-06-02T19:22:00
se_007134,co_0788,renewal,Medium,,2025-07-02,2025-07-02,,,monthly,534,750,750,GBP,paid,2025-07-02T13:17:00
se_007135,co_0788,renewal,Medium,,2025-08-02,2025-08-02,,,monthly,534,750,750,GBP,paid,2025-08-02T11:10:00
se_007136,co_0788,renewal,Medium,,2025-09-02,2025-09-02,,,monthly,534,750,750,GBP,paid,2025-09-02T19:10:00
se_007137,co_0788,renewal,Medium,,2025-10-02,2025-10-02,,,monthly,534,750,750,GBP,paid,2025-10-02T11:34:00
se_007138,co_0788,renewal,Medium,,2025-11-02,2025-11-02,,,monthly,534,750,750,GBP,paid,2025-11-02T16:28:00
se_007139,co_0788,payment_failed,Medium,,2025-12-02,2025-12-02,,,monthly,534,750,750,GBP,failed,2025-12-02T10:41:00
se_007140,co_0788,payment_recovered,Medium,,2025-12-06,2025-12-06,,,monthly,534,750,750,GBP,paid,2025-12-06T08:04:00
se_007141,co_0788,renewal,Medium,,2026-01-02,2026-01-02,,,monthly,534,750,750,GBP,paid,2026-01-02T09:00:00
se_007142,co_0788,renewal,Medium,,2026-02-02,2026-02-02,,,monthly,534,750,750,GBP,paid,2026-02-02T12:31:00
se_007143,co_0788,renewal,Medium,,2026-03-02,2026-03-02,,,monthly,534,750,750,GBP,paid,2026-03-02T12:34:00
se_007144,co_0788,renewal,Medium,,2026-04-02,2026-04-02,,,monthly,534,750,750,GBP,paid,2026-04-02T15:44:00
se_007145,co_0788,renewal,Medium,,2026-05-02,2026-05-02,,,monthly,534,750,750,GBP,paid,2026-05-02T18:22:00
se_007146,co_0788,renewal,Medium,,2026-06-02,2026-06-02,,,monthly,534,750,750,GBP,paid,2026-06-02T16:50:00
se_007147,co_0789,trial_start,Medium,,,,,2024-04-19,monthly,261,0,0,GBP,not_applicable,2024-04-12T13:57:00
se_007148,co_0789,converted,Medium,,,2024-04-20,,,monthly,261,750,750,GBP,paid,2024-04-20T16:00:00
se_007149,co_0789,renewal,Medium,,2024-05-20,2024-05-20,,,monthly,261,750,750,GBP,paid,2024-05-20T13:40:00
se_007150,co_0789,renewal,MEDIUM,,2024-06-20,2024-06-20,,,monthly,261,750,750,GBP,paid,2024-06-20T15:49:00
se_007151,co_0789,renewal,Medium,,2024-07-20,2024-07-20,,,monthly,261,750,750,GBP,paid,2024-07-20T12:57:00
se_007152,co_0789,renewal,Medium,,2024-08-20,2024-08-20,,,monthly,261,750,750,GBP,paid,2024-08-20T11:14:00
se_007153,co_0789,renewal,Medium,,2024-09-20,2024-09-20,,,monthly,261,750,750,GBP,paid,2024-09-20T17:54:00
se_007154,co_0789,renewal,Medium,,2024-10-20,2024-10-20,,,monthly,261,750,750,GBP,paid,2024-10-20T14:03:00
se_007155,co_0789,renewal,Medium,,2024-11-20,2024-11-20,,,monthly,261,750,750,GBP,paid,2024-11-20T19:47:00
se_007156,co_0789,renewal,Medium,,2024-12-20,2024-12-20,,,monthly,261,750,750,GBP,paid,2024-12-20T08:50:00
se_007157,co_0789,renewal,Medium,,2025-01-20,2025-01-20,,,monthly,261,750,750,GBP,paid,2025-01-20T17:36:00
se_007158,co_0789,payment_failed,Medium,,2025-02-20,2025-02-20,,,monthly,261,750,750,GBP,failed,2025-02-20T17:30:00
se_007159,co_0789,payment_recovered,Medium,,2025-03-18,2025-02-25,,,monthly,261,750,750,GBP,paid,2025-02-25T10:15:00
se_007160,co_0789,renewal,Medium,,2025-03-20,2025-03-20,,,monthly,261,750,750,GBP,paid,2025-03-20T18:03:00
se_007161,co_0789,renewal,Medium,,2025-04-20,2025-04-20,,,monthly,261,750,750,GBP,paid,2025-04-20T08:42:00
se_007162,co_0789,renewal,Medium,,2025-05-20,2025-05-20,,,monthly,261,750,750,GBP,paid,2025-05-20T16:21:00
se_007163,co_0789,renewal,Medium,,2025-06-20,2025-06-20,,,monthly,261,750,750,GBP,paid,2025-06-20T19:04:00
se_007164,co_0789,renewal,Medium,,2025-07-20,2025-07-20,,,monthly,261,750,750,GBP,paid,2025-07-20T11:13:00
se_007165,co_0789,renewal,Medium,,2025-08-20,2025-08-20,,,monthly,261,750,750,GBP,paid,2025-08-20T19:52:00
se_007166,co_0789,renewal,Medium,,2025-09-20,2025-09-20,,,monthly,261,750,750,GBP,paid,2025-09-20T14:58:00
se_007167,co_0789,renewal,Medium,,2025-11-06,2025-10-20,,,monthly,261,750,750,GBP,paid,2025-10-20T12:03:00
se_007168,co_0789,renewal,Medium ,,2025-11-20,2025-11-20,,,monthly,261,750,750,GBP,paid,2025-11-20T15:54:00
se_007169,co_0789,renewal,Medium,,2025-12-20,2025-12-20,,,monthly,261,750,750,GBP,paid,2025-12-20T19:38:00
se_007170,co_0789,renewal,Medium,,2026-01-20,2026-01-20,,,monthly,261,750,750,GBP,paid,2026-01-20T10:55:00
se_007171,co_0789,renewal,Medium,,2026-02-20,2026-02-20,,,monthly,261,750,750,GBP,paid,2026-02-20T15:50:00
se_007172,co_0789,renewal,Medium,,2026-03-20,2026-03-20,,,monthly,261,750,750,GBP,paid,2026-03-20T12:39:00
se_007173,co_0789,renewal,Medium,,2026-04-20,2026-04-20,,,monthly,261,750,750,GBP,paid,2026-04-20T10:27:00
se_007174,co_0789,renewal,Medium,,2026-05-20,2026-05-20,,,monthly,261,750,750,GBP,paid,2026-05-20T17:01:00
se_007175,co_0789,renewal,Medium,,2026-06-20,2026-06-20,,,monthly,261,750,750,GBP,paid,2026-06-20T19:00:00
se_007176,co_0790,trial_start,Medium,,,,,2026-04-11,annual,125,0,0,GBP,not_applicable,2026-04-04T15:58:00
se_007177,co_0790,converted,Medium,,2026-04-12,2026-04-12,,,annual,125,750,9000,GBP,paid,2026-04-12T11:34:00
se_007178,co_0791,trial_start,Small,,,,,2026-04-15,annual,46,0,0,GBP,not_applicable,2026-04-08T13:22:00
se_007179,co_0791,converted,Small,,2026-04-16,2026-04-16,,,annual,46,200,2400,GBP,paid,2026-04-16T16:41:00
se_007180,co_0792,trial_start,Small,,,,,2025-01-09,annual,107,0,0,GBP,not_applicable,2025-01-02T10:49:00
se_007181,co_0792,converted,Small,,2025-01-08,2025-01-08,,,annual,107,200,2400,GBP,paid,2025-01-08T12:07:00
se_007182,co_0792,renewal,Small,,2026-01-08,2026-01-08,,,annual,107,200,2400,GBP,paid,2026-01-08T19:30:00
se_007183,co_0793,trial_start,Medium,,,,,2025-04-14,monthly,119,0,0,GBP,not_applicable,2025-04-07T19:12:00
se_007184,co_0793,converted,Medium,,2025-04-12,2025-04-12,,,monthly,119,750,750,GBP,paid,2025-04-12T15:19:00
se_007185,co_0793,renewal,Medium,,2025-06-01,2025-05-12,,,monthly,119,750,750,GBP,paid,2025-05-12T08:33:00
se_007186,co_0793,renewal,Medium,,2025-06-12,2025-06-12,,,monthly,119,750,750,GBP,paid,2025-06-12T18:09:00
se_007187,co_0793,renewal,Medium,,2025-07-12,2025-07-12,,,monthly,119,750,750,GBP,paid,2025-07-12T10:53:00
se_007188,co_0793,renewal,Medium,,2025-08-12,2025-08-12,,,monthly,119,750,750,GBP,paid,2025-08-12T08:42:00
se_007189,co_0793,renewal,Medium,,2025-09-12,2025-09-12,,,monthly,119,750,750,GBP,paid,2025-09-12T16:01:00
se_007190,co_0793,renewal,Medium,,2025-10-12,2025-10-12,,,monthly,119,750,750,GBP,paid,2025-10-12T17:27:00
se_007191,co_0793,renewal,Medium,,2025-11-12,2025-11-12,,,monthly,119,750,750,GBP,paid,2025-11-12T11:50:00
se_007192,co_0793,renewal,Medium,,2025-12-12,2025-12-12,,,monthly,119,750,750,GBP,paid,2025-12-12T17:51:00
se_007193,co_0793,renewal,Medium,,2026-01-12,2026-01-12,,,monthly,119,750,750,GBP,paid,2026-01-12T11:38:00
se_007194,co_0793,renewal,Medium,,2026-02-12,2026-02-12,,,monthly,119,750,750,GBP,paid,2026-02-12T11:34:00
se_007195,co_0793,renewal,Medium,,2026-03-12,2026-03-12,,,monthly,119,750,750,GBP,paid,2026-03-12T08:55:00
se_007196,co_0793,renewal,Medium,,2026-04-12,2026-04-12,,,monthly,119,750,750,GBP,paid,2026-04-12T13:04:00
se_007197,co_0793,renewal,Medium,,2026-05-12,2026-05-12,,,monthly,119,750,750,GBP,paid,2026-05-12T15:12:00
se_007198,co_0793,renewal,Medium,,2026-06-12,2026-06-12,,,monthly,119,750,750,GBP,paid,2026-06-12T19:29:00
se_007199,co_0794,trial_start,Medium,,,,,2025-06-24,annual,262,0,0,GBP,not_applicable,2025-06-17T09:08:00
se_007200,co_0794,converted,Medium,,2025-06-23,2025-06-23,,,annual,262,750,9000,GBP,paid,2025-06-23T17:24:00
se_007201,co_0794,renewal,Medium,,2026-06-23,2026-06-23,,,annual,262,750,9000,GBP,paid,2026-06-23T19:24:00
se_007202,co_0795,trial_start,Medium,,,,,2025-04-24,annual,156,0,0,GBP,not_applicable,2025-04-17T08:40:00
se_007203,co_0795,converted,Medium,,2025-04-27,2025-04-27,,,annual,156,750,9000,GBP,paid,2025-04-27T18:25:00
se_007204,co_0795,renewal,Medium,,2026-04-27,2026-04-27,,,annual,156,750,9000,GBP,paid,2026-04-27T19:15:00
se_007205,co_0796,trial_start,Small ,,,,,2025-10-19,monthly,64,0,0,GBP,not_applicable,2025-10-12T18:54:00
se_007206,co_0796,converted,Small,,2025-10-18,2025-10-18,,,monthly,64,200,200,GBP,paid,2025-10-18T10:09:00
se_007207,co_0796,renewal,Small,,2025-11-29,2025-11-18,,,monthly,64,200,200,GBP,paid,2025-11-18T08:55:00
se_007208,co_0796,renewal,Small,,2025-12-18,2025-12-18,,,monthly,64,200,200,GBP,paid,2025-12-18T08:17:00
se_007209,co_0796,renewal,Small,,2026-01-18,2026-01-18,,,monthly,64,200,200,GBP,paid,2026-01-18T14:03:00
se_007210,co_0796,renewal,Small,,2026-03-09,2026-02-18,,,monthly,64,200,200,GBP,paid,2026-02-18T10:11:00
se_007211,co_0796,renewal,Small,,2026-03-18,2026-03-18,,,monthly,64,200,200,GBP,paid,2026-03-18T10:36:00
se_007212,co_0796,renewal,Small,,2026-04-18,2026-04-18,,,monthly,64,200,200,GBP,paid,2026-04-18T15:49:00
se_007213,co_0796,renewal,Small,,2026-05-18,2026-05-18,,,monthly,64,200,200,GBP,paid,2026-05-18T11:07:00
se_007214,co_0796,renewal,Small,,2026-06-18,2026-06-18,,,monthly,64,200,200,GBP,paid,2026-06-18T11:26:00
se_007215,co_0797,trial_start,Medium,,,,,2024-07-06,monthly,281,0,0,GBP,not_applicable,2024-06-29T08:56:00
se_007216,co_0797,converted,Medium,,2024-07-07,2024-07-07,,,monthly,281,750,750,GBP,paid,2024-07-07T15:01:00
se_007217,co_0797,renewal,Medium,,2024-08-07,2024-08-07,,,monthly,281,750,750,GBP,paid,2024-08-07T17:50:00
se_007218,co_0797,renewal,Medium,,2024-09-07,2024-09-07,,,monthly,281,750,750,GBP,paid,2024-09-07T17:11:00
se_007219,co_0797,renewal,Medium,,2024-10-07,2024-10-07,,,monthly,281,750,750,GBP,paid,2024-10-07T09:29:00
se_007220,co_0797,renewal,Medium,,2024-11-07,2024-11-07,,,monthly,281,750,750,GBP,paid,2024-11-07T17:04:00
se_007221,co_0797,renewal,Medium,,2024-12-07,2024-12-07,,,monthly,281,750,750,GBP,paid,2024-12-07T15:05:00
se_007222,co_0797,renewal,Medium,,2025-01-07,2025-01-07,,,monthly,281,750,750,GBP,paid,2025-01-07T19:54:00
se_007223,co_0797,renewal,Medium,,2025-02-07,2025-02-07,,,monthly,281,750,750,GBP,paid,2025-02-07T12:40:00
se_007224,co_0797,renewal,Medium,,2025-03-07,2025-03-07,,,monthly,281,750,750,GBP,paid,2025-03-07T15:40:00
se_007225,co_0797,renewal,Medium,,2025-04-18,2025-04-07,,,monthly,281,750,750,GBP,paid,2025-04-07T12:52:00
se_007226,co_0797,renewal,Medium,,2025-05-07,2025-05-07,,,monthly,281,750,750,GBP,paid,2025-05-07T15:19:00
se_007227,co_0797,renewal,Medium,,2025-06-07,2025-06-07,,,monthly,281,750,750,GBP,paid,2025-06-07T09:56:00
se_007228,co_0797,renewal,Medium,,2025-07-07,2025-07-07,,,monthly,281,750,750,GBP,paid,2025-07-07T12:43:00
se_007229,co_0797,renewal,Medium,,2025-08-07,2025-08-07,,,monthly,281,750,750,GBP,paid,2025-08-07T19:47:00
se_007230,co_0797,renewal,Medium,,2025-09-12,2025-09-07,,,monthly,281,750,750,GBP,paid,2025-09-07T16:11:00
se_007231,co_0797,payment_failed,Medium,,2025-10-07,2025-10-07,,,monthly,281,750,750,GBP,failed,2025-10-07T10:19:00
se_007232,co_0797,payment_recovered,Medium,,2025-10-16,2025-10-16,,,monthly,281,750,750,GBP,paid,2025-10-16T18:01:00
se_007233,co_0797,renewal,Medium,,2025-11-07,2025-11-07,,,monthly,281,750,750,GBP,paid,2025-11-07T11:56:00
se_007234,co_0797,renewal,Medium,,2025-12-07,2025-12-07,,,monthly,281,750,750,GBP,paid,2025-12-07T19:40:00
se_007235,co_0797,renewal,Medium,,2026-01-07,2026-01-07,,,monthly,281,750,750,GBP,paid,2026-01-07T14:44:00
se_007236,co_0797,renewal,Medium,,2026-02-07,2026-02-07,,,monthly,281,750,750,GBP,paid,2026-02-07T09:49:00
se_007237,co_0797,renewal,Medium,,2026-03-07,2026-03-07,,,monthly,281,750,750,GBP,paid,2026-03-07T16:47:00
se_007238,co_0797,cancellation_scheduled,Medium,,,2026-02-04,,,monthly,281,750,750,GBP,not_applicable,2026-02-04T09:08:00
se_007239,co_0797,voluntary_churn,Medium,,,2026-03-14,2026-03-14,,monthly,281,750,0,GBP,not_applicable,2026-03-14T13:11:00
se_007240,co_0798,trial_start,Small,,,,,2025-04-17,annual,63,0,0,GBP,not_applicable,2025-04-10T17:11:00
se_007241,co_0799,trial_start,Small,,,,,2024-08-24,annual,91,0,0,GBP,not_applicable,2024-08-17T10:51:00
se_007242,co_0799,converted,Small,,2024-08-27,2024-08-27,,,annual,91,200,2400,GBP,paid,2024-08-27T19:11:00
se_007243,co_0799,renewal,Small,,2025-08-27,2025-08-27,,,annual,91,200,2400,GBP,paid,2025-08-27T09:58:00
se_007244,co_0800,trial_start,Small,,,,,2025-10-07,annual,43,0,0,GBP,not_applicable,2025-09-30T17:14:00
se_007245,co_0800,converted,Small,,2025-10-09,2025-10-09,,,annual,43,200,2400,GBP,paid,2025-10-09T12:40:00
se_007246,co_0801,trial_start,Medium,,,,,2023-08-29,monthly,193,0,0,GBP,not_applicable,2023-08-22T16:49:00
se_007247,co_0801,converted,Medium,,2023-08-25,2023-08-25,,,monthly,193,750,750,GBP,paid,2023-08-25T08:40:00
se_007248,co_0801,renewal,Medium,,2023-09-25,2023-09-25,,,monthly,193,750,750,GBP,paid,2023-09-25T17:45:00
se_007249,co_0801,renewal,Medium,,2023-10-25,2023-10-25,,,monthly,193,750,750,GBP,paid,2023-10-25T18:38:00
se_007250,co_0801,renewal,Medium,,2023-11-25,2023-11-25,,,monthly,193,750,750,GBP,paid,2023-11-25T11:24:00
se_007251,co_0801,renewal,Medium,,2023-12-25,2023-12-25,,,monthly,193,750,750,GBP,paid,2023-12-25T15:06:00
se_007252,co_0801,renewal,Medium,,2024-01-25,2024-01-25,,,monthly,193,750,750,GBP,paid,2024-01-25T16:20:00
se_007253,co_0801,renewal,Medium,,2024-02-25,2024-02-25,,,monthly,193,750,750,GBP,paid,2024-02-25T13:16:00
se_007254,co_0801,renewal,Medium,,2024-03-25,2024-03-25,,,monthly,193,750,750,GBP,paid,2024-03-25T10:13:00
se_007255,co_0801,renewal,Medium,,2024-04-25,2024-04-25,,,monthly,193,750,750,GBP,paid,2024-04-25T15:07:00
se_007256,co_0801,renewal,Medium,,2024-05-25,2024-05-25,,,monthly,193,750,750,GBP,paid,2024-05-25T08:35:00
se_007257,co_0801,renewal,Medium,,2024-06-25,2024-06-25,,,monthly,193,750,750,GBP,paid,2024-06-25T08:42:00
se_007258,co_0801,renewal,Medium,,2024-07-25,2024-07-25,,,monthly,193,750,750,GBP,paid,2024-07-25T16:50:00
se_007259,co_0801,renewal,Medium,,2024-08-25,2024-08-25,,,monthly,193,750,750,GBP,paid,2024-08-25T13:05:00
se_007260,co_0801,renewal,Medium,,2024-09-25,2024-09-25,,,monthly,193,750,750,GBP,paid,2024-09-25T17:45:00
se_007261,co_0801,renewal,Medium,,2024-10-25,2024-10-25,,,monthly,193,750,750,GBP,paid,2024-10-25T13:24:00
se_007262,co_0801,renewal,Medium,,2024-11-25,2024-11-25,,,monthly,193,750,750,GBP,paid,2024-11-25T15:55:00
se_007263,co_0801,renewal,Medium,,2024-12-25,2024-12-25,,,monthly,193,750,750,GBP,paid,2024-12-25T11:50:00
se_007264,co_0801,renewal,Medium,,2025-01-25,2025-01-25,,,monthly,193,750,750,GBP,paid,2025-01-25T10:31:00
se_007265,co_0801,renewal,Medium,,2025-02-25,2025-02-25,,,monthly,193,750,750,GBP,paid,2025-02-25T13:27:00
se_007266,co_0801,renewal,MEDIUM,,2025-03-25,2025-03-25,,,monthly,193,750,750,GBP,paid,2025-03-25T17:20:00
se_007267,co_0801,renewal,Medium,,2025-04-25,2025-04-25,,,monthly,193,750,750,GBP,paid,2025-04-25T17:08:00
se_007268,co_0801,renewal,Medium,,2025-05-25,2025-05-25,,,monthly,193,750,750,GBP,paid,2025-05-25T11:08:00
se_007269,co_0801,renewal,Medium,,2025-07-02,2025-06-25,,,monthly,193,750,750,GBP,paid,2025-06-25T11:21:00
se_007270,co_0801,renewal,Medium,,2025-07-25,2025-07-25,,,monthly,193,750,750,GBP,paid,2025-07-25T19:45:00
se_007271,co_0801,renewal,Medium,,2025-09-12,2025-08-25,,,monthly,193,750,750,GBP,paid,2025-08-25T14:57:00
se_007272,co_0801,renewal,Medium,,2025-09-25,2025-09-25,,,monthly,193,750,750,GBP,paid,2025-09-25T19:58:00
se_007273,co_0801,renewal,Medium ,,2025-10-25,2025-10-25,,,monthly,193,750,750,GBP,paid,2025-10-25T11:58:00
se_007274,co_0801,renewal,Medium,,2025-11-25,2025-11-25,,,monthly,193,750,750,GBP,paid,2025-11-25T18:41:00
se_007275,co_0801,renewal,Medium,,2025-12-25,2025-12-25,,,monthly,193,750,750,GBP,paid,2025-12-25T15:51:00
se_007276,co_0801,renewal,Medium,,2026-01-25,2026-01-25,,,monthly,193,750,750,GBP,paid,2026-01-25T11:05:00
se_007277,co_0801,renewal,Medium,,2026-02-25,2026-02-25,,,monthly,193,750,750,GBP,paid,2026-02-25T14:28:00
se_007278,co_0801,renewal,Medium,,2026-03-25,2026-03-25,,,monthly,193,750,750,GBP,paid,2026-03-25T13:53:00
se_007279,co_0801,renewal,Medium,,2026-04-25,2026-04-25,,,monthly,193,750,750,GBP,paid,2026-04-25T16:26:00
se_007280,co_0801,renewal,Medium,,2026-05-25,2026-05-25,,,monthly,193,750,750,GBP,paid,2026-05-25T10:32:00
se_007281,co_0801,renewal,Medium,,2026-06-25,2026-06-25,,,monthly,193,750,750,GBP,paid,2026-06-25T14:07:00
se_007282,co_0802,trial_start,Small,,,,,2024-04-27,monthly,71,0,0,GBP,not_applicable,2024-04-20T13:32:00
se_007283,co_0802,converted,Small,,2024-04-30,2024-04-30,,,monthly,71,200,200,GBP,paid,2024-04-30T16:04:00
se_007284,co_0802,renewal,Small,,2024-05-30,2024-05-30,,,monthly,71,200,200,GBP,paid,2024-05-30T17:13:00
se_007285,co_0802,renewal,Small,,2024-06-30,2024-06-30,,,monthly,71,200,200,GBP,paid,2024-06-30T17:32:00
se_007286,co_0802,renewal,Small,,2024-07-30,2024-07-30,,,monthly,71,200,200,GBP,paid,2024-07-30T11:28:00
se_007287,co_0802,renewal,Small,,2024-08-30,2024-08-30,,,monthly,71,200,200,GBP,paid,2024-08-30T09:41:00
se_007288,co_0802,renewal,Small,,2024-09-30,2024-09-30,,,monthly,71,200,200,GBP,paid,2024-09-30T15:36:00
se_007289,co_0802,renewal,small,,2024-10-30,2024-10-30,,,monthly,71,200,200,GBP,paid,2024-10-30T14:40:00
se_007290,co_0802,renewal,Small,,2024-11-30,2024-11-30,,,monthly,71,200,200,GBP,paid,2024-11-30T18:31:00
se_007291,co_0802,renewal,Small,,2024-12-30,2024-12-30,,,monthly,71,200,200,GBP,paid,2024-12-30T18:41:00
se_007292,co_0802,renewal,Small,,2025-01-30,2025-01-30,,,monthly,71,200,200,GBP,paid,2025-01-30T17:49:00
se_007293,co_0802,renewal,Small,,2025-02-28,2025-02-28,,,monthly,71,200,200,GBP,paid,2025-02-28T15:33:00
se_007294,co_0802,renewal,Small,,2025-03-28,2025-03-28,,,monthly,71,200,200,GBP,paid,2025-03-28T12:26:00
se_007295,co_0802,renewal,Small,,2025-04-28,2025-04-28,,,monthly,71,200,200,GBP,paid,2025-04-28T09:38:00
se_007296,co_0802,payment_failed,Small,,2025-05-28,2025-05-28,,,monthly,71,200,200,GBP,failed,2025-05-28T18:25:00
se_007297,co_0802,payment_failed,Small,,2025-06-28,2025-06-28,,,monthly,71,200,200,GBP,failed,2025-06-28T19:25:00
se_007298,co_0802,payment_recovered,Small,,2025-06-30,2025-06-30,,,monthly,71,200,200,GBP,paid,2025-06-30T08:56:00
se_007299,co_0802,renewal,Small,,2025-07-28,2025-07-28,,,monthly,71,200,200,GBP,paid,2025-07-28T18:02:00
se_007300,co_0802,renewal,Small,,2025-09-11,2025-08-28,,,monthly,71,200,200,GBP,paid,2025-08-28T19:23:00
se_007301,co_0802,renewal,Small,,2025-09-28,2025-09-28,,,monthly,71,200,200,GBP,paid,2025-09-28T15:20:00
se_007302,co_0802,renewal,Small,,2025-10-28,2025-10-28,,,monthly,71,200,200,GBP,paid,2025-10-28T12:59:00
se_007303,co_0802,renewal,Small,,2025-11-28,2025-11-28,,,monthly,71,200,200,GBP,paid,2025-11-28T19:07:00
se_007304,co_0802,renewal,Small,,2025-12-28,2025-12-28,,,monthly,71,200,200,GBP,paid,2025-12-28T11:39:00
se_007305,co_0802,renewal,Small,,2026-01-28,2026-01-28,,,monthly,71,200,200,GBP,paid,2026-01-28T12:19:00
se_007306,co_0802,payment_failed,Small,,2026-02-28,2026-02-28,,,monthly,71,200,200,GBP,failed,2026-02-28T11:45:00
se_007307,co_0802,payment_recovered,Small,,2026-03-16,2026-03-16,,,monthly,71,200,200,GBP,paid,2026-03-16T08:15:00
se_007308,co_0802,renewal,Small,,2026-03-28,2026-03-28,,,monthly,71,200,200,GBP,paid,2026-03-28T13:54:00
se_007309,co_0802,renewal,Small,,2026-04-28,2026-04-28,,,monthly,71,200,200,GBP,paid,2026-04-28T17:29:00
se_007310,co_0802,cancellation_scheduled,Small,,,2026-03-27,,,monthly,71,200,200,GBP,not_applicable,2026-03-27T13:06:00
se_007311,co_0802,voluntary_churn,Small,,,2026-05-07,2026-05-07,,monthly,71,200,0,GBP,not_applicable,2026-05-07T19:52:00
se_007312,co_0803,trial_start,Medium,,,,,2023-08-10,monthly,136,0,0,GBP,not_applicable,2023-08-03T19:00:00
se_007313,co_0803,converted,Medium,,2023-08-10,2023-08-10,,,monthly,136,750,750,GBP,paid,2023-08-10T17:15:00
se_007314,co_0803,renewal,Medium,,2023-09-10,2023-09-10,,,monthly,136,750,750,GBP,paid,2023-09-10T17:46:00
se_007315,co_0803,renewal,Medium,,2023-10-10,2023-10-10,,,monthly,136,750,750,GBP,paid,2023-10-10T13:15:00
se_007316,co_0803,renewal,Medium,,2023-11-10,2023-11-10,,,monthly,136,750,750,GBP,paid,2023-11-10T13:26:00
se_007317,co_0803,renewal,Medium,,2023-12-10,2023-12-10,,,monthly,136,750,750,GBP,paid,2023-12-10T19:40:00
se_007318,co_0803,renewal,Medium,,2024-01-10,2024-01-10,,,monthly,136,750,750,GBP,paid,2024-01-10T09:51:00
se_007319,co_0803,renewal,Medium,,2024-02-10,2024-02-10,,,monthly,136,750,750,GBP,paid,2024-02-10T17:13:00
se_007320,co_0803,renewal,Medium,,2024-03-10,2024-03-10,,,monthly,136,750,750,GBP,paid,2024-03-10T19:24:00
se_007321,co_0803,renewal,Medium,,2024-04-10,2024-04-10,,,monthly,136,750,750,GBP,paid,2024-04-10T15:33:00
se_007322,co_0803,renewal,Medium,,2024-05-10,2024-05-10,,,monthly,136,750,750,GBP,paid,2024-05-10T14:49:00
se_007323,co_0803,renewal,Medium,,2024-06-10,2024-06-10,,,monthly,136,750,750,GBP,paid,2024-06-10T10:45:00
se_007324,co_0803,renewal,Medium,,2024-07-10,2024-07-10,,,monthly,136,750,750,GBP,paid,2024-07-10T11:41:00
se_007325,co_0803,renewal,Medium,,2024-08-10,2024-08-10,,,monthly,136,750,750,GBP,paid,2024-08-10T13:42:00
se_007326,co_0803,renewal,Medium,,2024-09-10,2024-09-10,,,monthly,136,750,750,GBP,paid,2024-09-10T13:02:00
se_007327,co_0803,renewal,Medium,,2024-10-10,2024-10-10,,,monthly,136,750,750,GBP,paid,2024-10-10T09:34:00
se_007328,co_0803,renewal,Medium,,2024-11-10,2024-11-10,,,monthly,136,750,750,GBP,paid,2024-11-10T17:50:00
se_007329,co_0803,renewal,Medium,,2024-12-10,2024-12-10,,,monthly,136,750,750,GBP,paid,2024-12-10T18:45:00
se_007330,co_0803,renewal,Medium,,2025-01-10,2025-01-10,,,monthly,136,750,750,GBP,paid,2025-01-10T12:13:00
se_007331,co_0803,renewal,Medium,,2025-02-10,2025-02-10,,,monthly,136,750,750,GBP,paid,2025-02-10T09:23:00
se_007332,co_0803,renewal,Medium,,2025-03-10,2025-03-10,,,monthly,136,750,750,GBP,paid,2025-03-10T11:27:00
se_007333,co_0803,renewal,Medium,,2025-04-10,2025-04-10,,,monthly,136,750,750,GBP,paid,2025-04-10T15:45:00
se_007334,co_0803,renewal,Medium,,2025-05-21,2025-05-10,,,monthly,136,750,750,GBP,paid,2025-05-10T18:43:00
se_007335,co_0803,renewal,Medium,,2025-06-10,2025-06-10,,,monthly,136,750,750,GBP,paid,2025-06-10T10:38:00
se_007336,co_0803,renewal,Medium,,2025-07-10,2025-07-10,,,monthly,136,750,750,GBP,paid,2025-07-10T18:29:00
se_007337,co_0803,renewal,Medium,,2025-08-10,2025-08-10,,,monthly,136,750,750,GBP,paid,2025-08-10T15:33:00
se_007338,co_0803,renewal,Medium,,2025-09-10,2025-09-10,,,monthly,136,750,750,GBP,paid,2025-09-10T10:29:00
se_007339,co_0803,renewal,Medium,,2025-10-10,2025-10-10,,,monthly,136,750,750,GBP,paid,2025-10-10T09:04:00
se_007340,co_0803,renewal,Medium,,2025-11-10,2025-11-10,,,monthly,136,750,750,GBP,paid,2025-11-10T12:54:00
se_007341,co_0803,renewal,Medium,,2025-12-10,2025-12-10,,,monthly,136,750,750,GBP,paid,2025-12-10T10:25:00
se_007342,co_0803,renewal,Medium,,2026-01-10,2026-01-10,,,monthly,136,750,750,GBP,paid,2026-01-10T16:51:00
se_007343,co_0803,renewal,Medium,,2026-02-10,2026-02-10,,,monthly,136,750,750,GBP,paid,2026-02-10T10:13:00
se_007344,co_0803,renewal,Medium,,2026-03-10,2026-03-10,,,monthly,136,750,750,GBP,paid,2026-03-10T19:38:00
se_007345,co_0803,renewal,Medium,,2026-04-10,2026-04-10,,,monthly,136,750,750,GBP,paid,2026-04-10T10:48:00
se_007346,co_0803,renewal,Medium,,2026-05-10,2026-05-10,,,monthly,136,750,750,GBP,paid,2026-05-10T11:59:00
se_007347,co_0803,renewal,Medium,,2026-06-10,2026-06-10,,,monthly,136,750,750,GBP,paid,2026-06-10T08:00:00
se_007348,co_0804,trial_start,Small,,,,,2024-02-14,monthly,22,0,0,GBP,not_applicable,2024-02-07T15:33:00
se_007349,co_0804,converted,Small,,2024-02-15,2024-02-15,,,monthly,22,200,200,GBP,paid,2024-02-15T11:54:00
se_007350,co_0804,renewal,Small,,2024-03-15,2024-03-15,,,monthly,22,200,200,GBP,paid,2024-03-15T12:12:00
se_007351,co_0804,renewal,Small,,2024-04-15,2024-04-15,,,monthly,22,200,200,GBP,paid,2024-04-15T09:08:00
se_007352,co_0804,renewal,Small,,2024-05-15,2024-05-15,,,monthly,22,200,200,GBP,paid,2024-05-15T14:07:00
se_007353,co_0804,renewal,Small,,2024-06-15,2024-06-15,,,monthly,22,200,200,GBP,paid,2024-06-15T14:10:00
se_007354,co_0804,renewal,Small,,2024-07-15,2024-07-15,,,monthly,22,200,200,GBP,paid,2024-07-15T18:40:00
se_007355,co_0804,payment_failed,Small,,2024-08-15,2024-08-15,,,monthly,22,200,200,GBP,failed,2024-08-15T09:23:00
se_007356,co_0804,payment_recovered,Small,,2024-09-02,2024-09-02,,,monthly,22,200,200,GBP,paid,2024-09-02T16:08:00
se_007357,co_0804,renewal,Small,,2024-09-15,2024-09-15,,,monthly,22,200,200,GBP,paid,2024-09-15T16:46:00
se_007358,co_0804,renewal,Small,,2024-10-15,2024-10-15,,,monthly,22,200,200,GBP,paid,2024-10-15T12:38:00
se_007359,co_0804,renewal,Small,,2024-11-15,2024-11-15,,,monthly,22,200,200,GBP,paid,2024-11-15T12:34:00
se_007360,co_0804,upgrade,Medium,Small,2024-11-25,2024-11-25,,,monthly,22,750,750,GBP,paid,2024-11-25T19:13:00
se_007361,co_0804,renewal,Medium,,2024-12-18,2024-12-15,,,monthly,22,750,750,GBP,paid,2024-12-15T09:18:00
se_007362,co_0804,renewal,Medium,,2025-01-15,2025-01-15,,,monthly,22,750,750,GBP,paid,2025-01-15T15:47:00
se_007363,co_0804,renewal,Medium,,2025-02-15,2025-02-15,,,monthly,22,750,750,GBP,paid,2025-02-15T12:53:00
se_007364,co_0804,renewal,Medium,,2025-03-15,2025-03-15,,,monthly,22,750,750,GBP,paid,2025-03-15T15:45:00
se_007365,co_0804,renewal,Medium,,2025-04-15,2025-04-15,,,monthly,22,750,750,GBP,paid,2025-04-15T16:11:00
se_007366,co_0804,renewal,medium,,2025-05-15,2025-05-15,,,monthly,22,750,750,GBP,paid,2025-05-15T10:18:00
se_007367,co_0804,renewal,Medium,,2025-06-15,2025-06-15,,,monthly,22,750,750,GBP,paid,2025-06-15T10:58:00
se_007368,co_0804,renewal,Medium,,2025-07-15,2025-07-15,,,monthly,22,750,750,GBP,paid,2025-07-15T15:54:00
se_007369,co_0804,renewal,Medium,,2025-08-15,2025-08-15,,,monthly,22,750,750,GBP,paid,2025-08-15T13:38:00
se_007370,co_0804,payment_failed,Medium,,2025-09-15,2025-09-15,,,monthly,22,750,750,GBP,failed,2025-09-15T16:43:00
se_007371,co_0804,payment_recovered,Medium,,2025-09-19,2025-09-19,,,monthly,22,750,750,GBP,paid,2025-09-19T16:04:00
se_007372,co_0804,renewal,Medium,,2025-10-15,2025-10-15,,,monthly,22,750,750,GBP,paid,2025-10-15T13:14:00
se_007373,co_0804,renewal,Medium,,2025-11-15,2025-11-15,,,monthly,22,750,750,GBP,paid,2025-11-15T12:31:00
se_007374,co_0804,renewal,Medium,,2025-12-15,2025-12-15,,,monthly,22,750,750,GBP,paid,2025-12-15T12:42:00
se_007375,co_0804,renewal,Medium,,2026-01-15,2026-01-15,,,monthly,22,750,750,GBP,paid,2026-01-15T19:01:00
se_007376,co_0804,renewal,Medium,,2026-02-15,2026-02-15,,,monthly,22,750,750,GBP,paid,2026-02-15T18:51:00
se_007377,co_0804,renewal,Medium,,2026-03-15,2026-03-15,,,monthly,22,750,750,GBP,paid,2026-03-15T08:30:00
se_007378,co_0804,upgrade,Large,Medium,2026-03-23,2026-03-23,,,monthly,22,1500,1500,GBP,paid,2026-03-23T09:19:00
se_007379,co_0804,renewal,Large,,2026-04-15,2026-04-15,,,monthly,22,1500,1500,GBP,paid,2026-04-15T11:43:00
se_007380,co_0804,renewal,Large,,2026-05-15,2026-05-15,,,monthly,22,1500,1500,GBP,paid,2026-05-15T15:07:00
se_007381,co_0804,renewal,Large,,2026-06-15,2026-06-15,,,monthly,22,1500,1500,GBP,paid,2026-06-15T16:29:00
se_007382,co_0805,trial_start,Large,,,,,2025-09-05,monthly,718,0,0,GBP,not_applicable,2025-08-29T16:45:00
se_007383,co_0805,converted,Large,,2025-09-02,2025-09-02,,,monthly,718,1500,1500,GBP,paid,2025-09-02T19:34:00
se_007384,co_0805,renewal,Large,,2025-10-02,2025-10-02,,,monthly,718,1500,1500,GBP,paid,2025-10-02T15:49:00
se_007385,co_0805,renewal,Large,,2025-11-02,2025-11-02,,,monthly,718,1500,1500,GBP,paid,2025-11-02T08:17:00
se_007386,co_0805,renewal,Large,,2025-12-02,2025-12-02,,,monthly,718,1500,1500,GBP,paid,2025-12-02T18:54:00
se_007387,co_0805,renewal,Large,,2026-01-02,2026-01-02,,,monthly,718,1500,1500,GBP,paid,2026-01-02T15:31:00
se_007388,co_0805,renewal,Large,,2026-02-02,2026-02-02,,,monthly,718,1500,1500,GBP,paid,2026-02-02T12:04:00
se_007389,co_0805,renewal,Large,,2026-03-02,2026-03-02,,,monthly,718,1500,1500,GBP,paid,2026-03-02T14:32:00
se_007390,co_0805,renewal,Large,,2026-04-02,2026-04-02,,,monthly,718,1500,1500,GBP,paid,2026-04-02T16:58:00
se_007391,co_0805,renewal,Large,,2026-05-02,2026-05-02,,,monthly,718,1500,1500,GBP,paid,2026-05-02T14:34:00
se_007392,co_0805,renewal,Large,,2026-06-02,2026-06-02,,,monthly,718,1500,1500,GBP,paid,2026-06-02T12:31:00
se_007393,co_0806,trial_start,Medium,,,,,2024-04-23,monthly,181,0,0,GBP,not_applicable,2024-04-16T08:38:00
se_007394,co_0807,trial_start,Small,,,,,2025-06-23,annual,21,0,0,GBP,not_applicable,2025-06-16T17:00:00
se_007395,co_0807,converted,Small,,2025-06-22,2025-06-22,,,annual,21,200,2400,GBP,paid,2025-06-22T13:12:00
se_007396,co_0807,renewal,Small,,2026-06-22,2026-06-22,,,annual,21,200,2400,GBP,paid,2026-06-22T08:22:00
se_007397,co_0808,trial_start,Small,,,,,2024-09-21,monthly,60,0,0,GBP,not_applicable,2024-09-14T15:16:00
se_007398,co_0808,converted,Small,,2024-09-16,2024-09-16,,,monthly,60,200,200,GBP,paid,2024-09-16T15:21:00
se_007399,co_0808,renewal,Small,,2024-10-16,2024-10-16,,,monthly,60,200,200,GBP,paid,2024-10-16T14:57:00
se_007400,co_0808,renewal,Small,,2024-11-16,2024-11-16,,,monthly,60,200,200,GBP,paid,2024-11-16T11:15:00
se_007401,co_0808,renewal,Small,,2024-12-22,2024-12-16,,,monthly,60,200,200,GBP,paid,2024-12-16T14:53:00
se_007402,co_0808,renewal,Small,,2025-01-16,2025-01-16,,,monthly,60,200,200,GBP,paid,2025-01-16T13:45:00
se_007403,co_0808,renewal,Small,,2025-02-16,2025-02-16,,,monthly,60,200,200,GBP,paid,2025-02-16T12:10:00
se_007404,co_0808,renewal,Small,,2025-03-16,2025-03-16,,,monthly,60,200,200,GBP,paid,2025-03-16T11:57:00
se_007405,co_0808,renewal,Small,,2025-04-16,2025-04-16,,,monthly,60,200,200,GBP,paid,2025-04-16T18:23:00
se_007406,co_0808,renewal,Small,,2025-05-16,2025-05-16,,,monthly,60,200,200,GBP,paid,2025-05-16T11:30:00
se_007407,co_0808,renewal,Small,,2025-06-16,2025-06-16,,,monthly,60,200,200,GBP,paid,2025-06-16T08:43:00
se_007408,co_0808,payment_failed,Small,,2025-07-16,2025-07-16,,,monthly,60,200,200,GBP,failed,2025-07-16T16:57:00
se_007409,co_0808,renewal,Small,,2025-08-16,2025-08-16,,,monthly,60,200,200,GBP,paid,2025-08-16T14:58:00
se_007410,co_0808,renewal,Small,,2025-09-16,2025-09-16,,,monthly,60,200,200,GBP,paid,2025-09-16T15:38:00
se_007411,co_0808,renewal,Small,,2025-10-16,2025-10-16,,,monthly,60,200,200,GBP,paid,2025-10-16T16:31:00
se_007412,co_0808,renewal,Small,,2025-11-29,2025-11-16,,,monthly,60,200,200,GBP,paid,2025-11-16T19:59:00
se_007413,co_0808,renewal,Small,,2025-12-16,2025-12-16,,,monthly,60,200,200,GBP,paid,2025-12-16T19:13:00
se_007414,co_0808,renewal,Small,,2026-01-16,2026-01-16,,,monthly,60,200,200,GBP,paid,2026-01-16T08:05:00
se_007415,co_0808,renewal,Small,,2026-02-16,2026-02-16,,,monthly,60,200,200,GBP,paid,2026-02-16T13:46:00
se_007416,co_0808,payment_failed,Small,,2026-03-16,2026-03-16,,,monthly,60,200,200,GBP,failed,2026-03-16T15:13:00
se_007417,co_0808,payment_recovered,Small,,2026-03-22,2026-03-22,,,monthly,60,200,200,GBP,paid,2026-03-22T19:09:00
se_007418,co_0808,renewal,Small,,2026-04-16,2026-04-16,,,monthly,60,200,200,GBP,paid,2026-04-16T17:02:00
se_007419,co_0808,renewal,Small,,2026-05-16,2026-05-16,,,monthly,60,200,200,GBP,paid,2026-05-16T12:34:00
se_007420,co_0808,renewal,Small,,2026-06-16,2026-06-16,,,monthly,60,200,200,GBP,paid,2026-06-16T08:49:00
se_007421,co_0809,trial_start,Medium,,,,,2024-07-14,annual,169,0,0,GBP,not_applicable,2024-07-07T08:37:00
se_007422,co_0810,trial_start,Medium,,,,,2024-02-29,monthly,211,0,0,GBP,not_applicable,2024-02-22T15:32:00
se_007423,co_0811,trial_start,Medium,,,,,2025-01-19,monthly,119,0,0,GBP,not_applicable,2025-01-12T17:09:00
se_007424,co_0811,converted,Medium,,2025-01-18,2025-01-18,,,monthly,119,750,750,GBP,paid,2025-01-18T09:59:00
se_007425,co_0811,renewal,Medium,,2025-02-18,2025-02-18,,,monthly,119,750,750,GBP,paid,2025-02-18T09:31:00
se_007426,co_0811,renewal,Medium,,2025-03-18,2025-03-18,,,monthly,119,750,750,GBP,paid,2025-03-18T17:25:00
se_007427,co_0811,renewal,Medium,,2025-04-18,2025-04-18,,,monthly,119,750,750,GBP,paid,2025-04-18T08:22:00
se_007428,co_0811,renewal,Medium,,2025-05-18,2025-05-18,,,monthly,119,750,750,GBP,paid,2025-05-18T10:19:00
se_007429,co_0811,renewal,Medium,,2025-06-18,2025-06-18,,,monthly,119,750,750,GBP,paid,2025-06-18T15:03:00
se_007430,co_0811,renewal,Medium,,2025-07-18,2025-07-18,,,monthly,119,750,750,GBP,paid,2025-07-18T10:00:00
se_007431,co_0811,renewal,Medium,,2025-08-18,2025-08-18,,,monthly,119,750,750,GBP,paid,2025-08-18T11:48:00
se_007432,co_0811,renewal,Medium,,2025-09-18,2025-09-18,,,monthly,119,750,750,GBP,paid,2025-09-18T18:33:00
se_007433,co_0811,renewal,Medium,,2025-10-18,2025-10-18,,,monthly,119,750,750,GBP,paid,2025-10-18T16:23:00
se_007434,co_0811,renewal,Medium,,2025-11-18,2025-11-18,,,monthly,119,750,750,GBP,paid,2025-11-18T19:53:00
se_007435,co_0811,renewal,Medium,,2025-12-18,2025-12-18,,,monthly,119,750,750,GBP,paid,2025-12-18T18:13:00
se_007436,co_0811,renewal,Medium,,2026-01-18,2026-01-18,,,monthly,119,750,750,GBP,paid,2026-01-18T14:21:00
se_007437,co_0811,renewal,Medium,,2026-02-18,2026-02-18,,,monthly,119,750,750,GBP,paid,2026-02-18T16:45:00
se_007438,co_0811,renewal,Medium,,2026-03-18,2026-03-18,,,monthly,119,750,750,GBP,paid,2026-03-18T18:13:00
se_007439,co_0811,renewal,Medium,,2026-04-18,2026-04-18,,,monthly,119,750,750,GBP,paid,2026-04-18T15:34:00
se_007440,co_0811,renewal,Medium,,2026-05-18,2026-05-18,,,monthly,119,750,750,GBP,paid,2026-05-18T08:55:00
se_007441,co_0811,renewal,Medium,,2026-06-18,2026-06-18,,,monthly,119,750,750,GBP,paid,2026-06-18T11:42:00
se_007442,co_0812,trial_start,Medium,,,,,2025-06-14,annual,134,0,0,GBP,not_applicable,2025-06-07T13:00:00
se_007443,co_0813,trial_start,Medium,,,,,2024-03-17,monthly,218,0,0,GBP,not_applicable,2024-03-10T17:15:00
se_007444,co_0813,converted,Medium,,2024-03-13,2024-03-13,,,monthly,218,750,750,GBP,paid,2024-03-13T18:38:00
se_007445,co_0813,renewal,Medium,,2024-04-13,2024-04-13,,,monthly,218,750,750,GBP,paid,2024-04-13T13:54:00
se_007446,co_0813,renewal,Medium,,2024-05-13,2024-05-13,,,monthly,218,750,750,GBP,paid,2024-05-13T12:23:00
se_007447,co_0813,renewal,Medium,,2024-06-13,2024-06-13,,,monthly,218,750,750,GBP,paid,2024-06-13T11:11:00
se_007448,co_0813,renewal,Medium,,2024-07-13,2024-07-13,,,monthly,218,750,750,GBP,paid,2024-07-13T11:19:00
se_007449,co_0813,renewal,Medium,,2024-08-13,2024-08-13,,,monthly,218,750,750,GBP,paid,2024-08-13T15:13:00
se_007450,co_0813,renewal,Medium,,2024-09-13,2024-09-13,,,monthly,218,750,750,GBP,paid,2024-09-13T16:57:00
se_007451,co_0813,renewal,Medium,,2024-10-13,2024-10-13,,,monthly,218,750,750,GBP,paid,2024-10-13T12:03:00
se_007452,co_0813,renewal,Medium,,2024-11-13,2024-11-13,,,monthly,218,750,750,GBP,paid,2024-11-13T12:17:00
se_007453,co_0813,renewal,Medium,,2024-12-13,2024-12-13,,,monthly,218,750,750,GBP,paid,2024-12-13T19:19:00
se_007454,co_0813,renewal,Medium,,2025-01-13,2025-01-13,,,monthly,218,750,750,GBP,paid,2025-01-13T18:35:00
se_007455,co_0813,renewal,Medium,,2025-02-13,2025-02-13,,,monthly,218,750,750,GBP,paid,2025-02-13T19:26:00
se_007456,co_0813,renewal,Medium,,2025-03-13,2025-03-13,,,monthly,218,750,750,GBP,paid,2025-03-13T10:45:00
se_007457,co_0813,renewal,Medium,,2025-04-13,2025-04-13,,,monthly,218,750,750,GBP,paid,2025-04-13T10:32:00
se_007458,co_0813,renewal,Medium,,2025-05-13,2025-05-13,,,monthly,218,750,750,GBP,paid,2025-05-13T08:54:00
se_007459,co_0813,renewal,Medium,,2025-06-13,2025-06-13,,,monthly,218,750,750,GBP,paid,2025-06-13T15:19:00
se_007460,co_0813,renewal,Medium,,2025-07-13,2025-07-13,,,monthly,218,750,750,GBP,paid,2025-07-13T09:26:00
se_007461,co_0813,renewal,Medium,,2025-08-13,2025-08-13,,,monthly,218,750,750,GBP,paid,2025-08-13T10:46:00
se_007462,co_0813,renewal,Medium,,2025-09-13,2025-09-13,,,monthly,218,750,750,GBP,paid,2025-09-13T13:53:00
se_007463,co_0813,renewal,Medium,,2025-10-13,2025-10-13,,,monthly,218,750,750,GBP,paid,2025-10-13T17:45:00
se_007464,co_0813,renewal,Medium,,2025-11-13,2025-11-13,,,monthly,218,750,750,GBP,paid,2025-11-13T14:05:00
se_007465,co_0813,renewal,Medium,,2025-12-13,2025-12-13,,,monthly,218,750,750,GBP,paid,2025-12-13T08:14:00
se_007466,co_0813,renewal,Medium,,2026-01-13,2026-01-13,,,monthly,218,750,750,GBP,paid,2026-01-13T12:35:00
se_007467,co_0813,renewal,Medium,,2026-02-13,2026-02-13,,,monthly,218,750,750,GBP,paid,2026-02-13T13:08:00
se_007468,co_0813,renewal,Medium,,2026-03-13,2026-03-13,,,monthly,218,750,750,GBP,paid,2026-03-13T17:23:00
se_007469,co_0813,renewal,Medium,,2026-04-13,2026-04-13,,,monthly,218,750,750,GBP,paid,2026-04-13T19:16:00
se_007470,co_0813,renewal,Medium,,2026-05-31,2026-05-13,,,monthly,218,750,750,GBP,paid,2026-05-13T15:10:00
se_007471,co_0813,renewal,Medium,,2026-06-13,2026-06-13,,,monthly,218,750,750,GBP,paid,2026-06-13T14:39:00
se_007472,co_0814,trial_start,Medium,,,,,2024-02-04,monthly,261,0,0,GBP,not_applicable,2024-01-28T17:11:00
se_007473,co_0814,converted,Medium,,2024-01-30,2024-01-30,,,monthly,261,750,750,GBP,paid,2024-01-30T18:44:00
se_007474,co_0814,renewal,Medium,,2024-03-20,2024-02-29,,,monthly,261,750,750,GBP,paid,2024-02-29T13:10:00
se_007475,co_0814,renewal,Medium,,,2024-03-29,,,monthly,261,750,750,GBP,paid,2024-03-29T19:22:00
se_007476,co_0814,renewal,Medium,,2024-04-29,2024-04-29,,,monthly,261,750,750,GBP,paid,2024-04-29T11:20:00
se_007477,co_0814,renewal,Medium,,2024-05-29,2024-05-29,,,monthly,261,750,750,GBP,paid,2024-05-29T09:22:00
se_007478,co_0814,renewal,Medium,,2024-06-29,2024-06-29,,,monthly,261,750,750,GBP,paid,2024-06-29T14:35:00
se_007479,co_0814,renewal,Medium,,2024-07-29,2024-07-29,,,monthly,261,750,750,GBP,paid,2024-07-29T12:52:00
se_007480,co_0814,renewal,Medium,,2024-08-29,2024-08-29,,,monthly,261,750,750,GBP,paid,2024-08-29T18:51:00
se_007481,co_0814,renewal,Medium,,2024-09-29,2024-09-29,,,monthly,261,750,750,GBP,paid,2024-09-29T13:13:00
se_007482,co_0814,renewal,Medium,,2024-10-29,2024-10-29,,,monthly,261,750,750,GBP,paid,2024-10-29T10:07:00
se_007483,co_0814,renewal,Medium,,2024-11-29,2024-11-29,,,monthly,261,750,750,GBP,paid,2024-11-29T17:25:00
se_007484,co_0814,renewal,Medium,,2024-12-29,2024-12-29,,,monthly,261,750,750,GBP,paid,2024-12-29T09:42:00
se_007485,co_0814,renewal,Medium,,2025-02-03,2025-01-29,,,monthly,261,750,750,GBP,paid,2025-01-29T16:53:00
se_007486,co_0814,renewal,Medium,,2025-02-28,2025-02-28,,,monthly,261,750,750,GBP,paid,2025-02-28T11:16:00
se_007487,co_0814,renewal,Medium,,2025-03-28,2025-03-28,,,monthly,261,750,750,GBP,paid,2025-03-28T18:17:00
se_007488,co_0814,renewal,Medium,,2025-04-28,2025-04-28,,,monthly,261,750,750,GBP,paid,2025-04-28T12:17:00
se_007489,co_0814,renewal,Medium,,2025-05-28,2025-05-28,,,monthly,261,750,750,GBP,paid,2025-05-28T16:47:00
se_007490,co_0814,renewal,Medium,,2025-06-28,2025-06-28,,,monthly,261,750,750,GBP,paid,2025-06-28T11:18:00
se_007491,co_0814,renewal,Medium,,2025-07-28,2025-07-28,,,monthly,261,750,750,GBP,paid,2025-07-28T09:50:00
se_007492,co_0814,renewal,Medium,,2025-08-28,2025-08-28,,,monthly,261,750,750,GBP,paid,2025-08-28T18:37:00
se_007493,co_0814,renewal,Medium,,2025-09-28,2025-09-28,,,monthly,261,750,750,GBP,paid,2025-09-28T13:25:00
se_007494,co_0814,renewal,Medium,,2025-10-28,2025-10-28,,,monthly,261,750,750,GBP,paid,2025-10-28T11:09:00
se_007495,co_0814,renewal,Medium,,2025-11-28,2025-11-28,,,monthly,261,750,750,GBP,paid,2025-11-28T16:50:00
se_007496,co_0814,renewal,Medium,,2025-12-28,2025-12-28,,,monthly,261,750,750,GBP,paid,2025-12-28T15:13:00
se_007497,co_0814,payment_failed,Medium,,2026-01-28,2026-01-28,,,monthly,261,750,750,GBP,failed,2026-01-28T13:42:00
se_007498,co_0814,payment_recovered,Medium,,2026-02-08,2026-02-08,,,monthly,261,750,750,GBP,paid,2026-02-08T08:33:00
se_007499,co_0814,renewal,Medium,,2026-02-28,2026-02-28,,,monthly,261,750,750,GBP,paid,2026-02-28T19:20:00
se_007500,co_0814,renewal,Medium,,2026-03-28,2026-03-28,,,monthly,261,750,750,GBP,paid,2026-03-28T13:14:00
se_007501,co_0814,renewal,Medium,,2026-04-28,2026-04-28,,,monthly,261,750,750,GBP,paid,2026-04-28T13:20:00
se_007502,co_0814,renewal,Medium,,2026-05-28,2026-05-28,,,monthly,261,750,750,GBP,paid,2026-05-28T13:02:00
se_007503,co_0814,renewal,MEDIUM,,2026-06-28,2026-06-28,,,monthly,261,750,750,GBP,paid,2026-06-28T08:48:00
se_007504,co_0815,trial_start,Small,,,,,2024-06-23,monthly,46,0,0,GBP,not_applicable,2024-06-16T09:21:00
se_007505,co_0816,trial_start,Small,,,,,2025-07-12,monthly,18,0,0,GBP,not_applicable,2025-07-05T11:35:00
se_007506,co_0816,converted,Small,,2025-07-08,2025-07-08,,,monthly,18,200,200,GBP,paid,2025-07-08T13:50:00
se_007507,co_0816,renewal,Small,,2025-08-08,2025-08-08,,,monthly,18,200,200,GBP,paid,2025-08-08T11:02:00
se_007508,co_0816,renewal,Small,,2025-09-08,2025-09-08,,,monthly,18,200,200,GBP,paid,2025-09-08T10:41:00
se_007509,co_0816,renewal,Small,,2025-10-08,2025-10-08,,,monthly,18,200,200,GBP,paid,2025-10-08T19:07:00
se_007510,co_0816,renewal,Small,,2025-11-08,2025-11-08,,,monthly,18,200,200,GBP,paid,2025-11-08T13:07:00
se_007511,co_0816,renewal,Small,,2025-12-08,2025-12-08,,,monthly,18,200,200,GBP,paid,2025-12-08T17:04:00
se_007512,co_0816,renewal,Small,,2026-01-08,2026-01-08,,,monthly,18,200,200,GBP,paid,2026-01-08T17:40:00
se_007513,co_0816,renewal,Small,,2026-02-08,2026-02-08,,,monthly,18,200,200,GBP,paid,2026-02-08T19:19:00
se_007514,co_0816,payment_failed,Small,,2026-03-08,2026-03-08,,,monthly,18,200,200,GBP,failed,2026-03-08T16:30:00
se_007515,co_0816,renewal,Small,,2026-04-08,2026-04-08,,,monthly,18,200,200,GBP,paid,2026-04-08T08:14:00
se_007516,co_0816,renewal,Small,,,2026-05-08,,,monthly,18,200,200,GBP,paid,2026-05-08T14:51:00
se_007517,co_0816,renewal,Small,,2026-06-08,2026-06-08,,,monthly,18,200,200,GBP,paid,2026-06-08T16:03:00
se_007518,co_0817,trial_start,Medium,,,,,2024-09-14,annual,183,0,0,GBP,not_applicable,2024-09-07T15:29:00
se_007519,co_0817,converted,Medium,,2024-09-17,2024-09-17,,,annual,183,750,9000,GBP,paid,2024-09-17T17:47:00
se_007520,co_0817,renewal,Medium,,2025-09-17,2025-09-17,,,annual,183,750,9000,GBP,paid,2025-09-17T17:31:00
se_007521,co_0818,trial_start,Small,,,,,2024-10-07,monthly,51,0,0,GBP,not_applicable,2024-09-30T13:38:00
se_007522,co_0819,trial_start,Medium,,,,,2026-03-21,monthly,157,0,0,GBP,not_applicable,2026-03-14T12:59:00
se_007523,co_0819,converted,Medium,,2026-03-23,2026-03-23,,,monthly,157,750,750,GBP,paid,2026-03-23T14:12:00
se_007524,co_0819,renewal,Medium,,2026-04-23,2026-04-23,,,monthly,157,750,750,GBP,paid,2026-04-23T14:55:00
se_007525,co_0819,renewal,Medium,,2026-05-23,2026-05-23,,,monthly,157,750,750,GBP,paid,2026-05-23T13:50:00
se_007526,co_0819,renewal,Medium,,2026-06-29,2026-06-23,,,monthly,157,750,750,GBP,paid,2026-06-23T17:01:00
se_007527,co_0820,trial_start,Small,,,,,2025-05-26,monthly,104,0,0,GBP,not_applicable,2025-05-19T16:05:00
se_007528,co_0820,converted,Small,,2025-05-24,2025-05-24,,,monthly,104,200,200,GBP,paid,2025-05-24T15:51:00
se_007529,co_0820,renewal,Small,,2025-06-24,2025-06-24,,,monthly,104,200,200,GBP,paid,2025-06-24T08:49:00
se_007530,co_0820,renewal,Small,,2025-07-24,2025-07-24,,,monthly,104,200,200,GBP,paid,2025-07-24T10:37:00
se_007531,co_0820,renewal,Small,,2025-08-24,2025-08-24,,,monthly,104,200,200,GBP,paid,2025-08-24T17:40:00
se_007532,co_0820,renewal,Small,,2025-09-24,2025-09-24,,,monthly,104,200,200,GBP,paid,2025-09-24T14:57:00
se_007533,co_0820,renewal,Small,,,2025-10-24,,,monthly,104,200,200,GBP,paid,2025-10-24T16:01:00
se_007534,co_0820,renewal,Small,,2025-11-24,2025-11-24,,,monthly,104,200,200,GBP,paid,2025-11-24T09:37:00
se_007535,co_0820,renewal,Small,,2025-12-24,2025-12-24,,,monthly,104,200,200,GBP,paid,2025-12-24T11:42:00
se_007536,co_0820,renewal,Small,,2026-01-24,2026-01-24,,,monthly,104,200,200,GBP,paid,2026-01-24T08:45:00
se_007537,co_0820,renewal,Small,,2026-03-01,2026-02-24,,,monthly,104,200,200,GBP,paid,2026-02-24T14:34:00
se_007538,co_0820,renewal,Small,,2026-03-24,2026-03-24,,,monthly,104,200,200,GBP,paid,2026-03-24T08:45:00
se_007539,co_0820,renewal,Small,,2026-05-06,2026-04-24,,,monthly,104,200,200,GBP,paid,2026-04-24T14:27:00
se_007540,co_0820,renewal,Small,,2026-05-24,2026-05-24,,,monthly,104,200,200,GBP,paid,2026-05-24T13:34:00
se_007541,co_0820,renewal,Small,,2026-06-24,2026-06-24,,,monthly,104,200,200,GBP,paid,2026-06-24T13:34:00
se_007542,co_0821,trial_start,Small,,,,,2025-11-27,annual,66,0,0,GBP,not_applicable,2025-11-20T15:48:00
se_007543,co_0821,converted,Small,,2025-11-28,2025-11-28,,,annual,66,200,2400,GBP,paid,2025-11-28T08:25:00
se_007544,co_0822,trial_start,Bespoke,,,,,2025-01-14,monthly,1675,0,0,EUR,not_applicable,2025-01-07T17:51:00
se_007545,co_0822,converted,Bespoke,,2025-01-11,2025-01-11,,,monthly,1675,3200,3200,EUR,paid,2025-01-11T12:36:00
se_007546,co_0822,renewal,Bespoke,,2025-02-11,2025-02-11,,,monthly,1675,2940,2940,EUR,paid,2025-02-11T15:41:00
se_007547,co_0822,renewal,Bespoke,,2025-03-11,2025-03-11,,,monthly,1675,2740,2740,EUR,paid,2025-03-11T11:32:00
se_007548,co_0822,renewal,Bespoke,,2025-04-11,2025-04-11,,,monthly,1675,2960,2960,EUR,paid,2025-04-11T15:53:00
se_007549,co_0822,renewal,Bespoke,,2025-05-11,2025-05-11,,,monthly,1675,3110,3110,EUR,paid,2025-05-11T18:09:00
se_007550,co_0822,renewal,Bespoke,,2025-06-11,2025-06-11,,,monthly,1675,2440,2440,EUR,paid,2025-06-11T14:41:00
se_007551,co_0822,renewal,Bespoke,,2025-07-11,2025-07-11,,,monthly,1675,2790,2790,EUR,paid,2025-07-11T10:52:00
se_007552,co_0822,renewal,Bespoke,,2025-08-11,2025-08-11,,,monthly,1675,2360,2360,EUR,paid,2025-08-11T16:57:00
se_007553,co_0822,renewal,Bespoke,,2025-09-11,2025-09-11,,,monthly,1675,2830,2830,EUR,paid,2025-09-11T16:52:00
se_007554,co_0822,renewal,Bespoke,,2025-10-11,2025-10-11,,,monthly,1675,3140,3140,EUR,paid,2025-10-11T10:10:00
se_007555,co_0822,renewal,Bespoke,,2025-11-11,2025-11-11,,,monthly,1675,2590,2590,EUR,paid,2025-11-11T15:27:00
se_007556,co_0822,renewal,Bespoke,,2025-12-11,2025-12-11,,,monthly,1675,3060,3060,EUR,paid,2025-12-11T15:28:00
se_007557,co_0822,renewal,Bespoke,,2026-01-11,2026-01-11,,,monthly,1675,3220,3220,EUR,paid,2026-01-11T15:15:00
se_007558,co_0822,renewal,Bespoke,,2026-02-11,2026-02-11,,,monthly,1675,2910,2910,EUR,paid,2026-02-11T16:01:00
se_007559,co_0822,renewal,Bespoke,,2026-03-11,2026-03-11,,,monthly,1675,2600,2600,EUR,paid,2026-03-11T08:51:00
se_007560,co_0822,renewal,Bespoke,,2026-04-11,2026-04-11,,,monthly,1675,2520,2520,EUR,paid,2026-04-11T15:12:00
se_007561,co_0822,renewal,Bespoke,,,2026-05-11,,,monthly,1675,2530,2530,EUR,paid,2026-05-11T15:28:00
se_007562,co_0822,renewal,Bespoke,,2026-06-11,2026-06-11,,,monthly,1675,2760,2760,EUR,paid,2026-06-11T10:24:00
se_007563,co_0823,trial_start,Small,,,,,2026-02-09,annual,70,0,0,GBP,not_applicable,2026-02-02T08:24:00
se_007564,co_0823,converted,Small,,2026-02-05,2026-02-05,,,annual,70,200,2400,GBP,paid,2026-02-05T19:05:00
se_007565,co_0824,trial_start,Medium,,,,,2024-09-16,annual,127,0,0,GBP,not_applicable,2024-09-09T14:08:00
se_007566,co_0824,converted,Medium,,2024-09-17,2024-09-17,,,annual,127,750,9000,GBP,paid,2024-09-17T10:04:00
se_007567,co_0824,renewal,Medium,,2025-09-17,2025-09-17,,,annual,127,750,9000,GBP,paid,2025-09-17T14:14:00
se_007568,co_0825,trial_start,Small,,,,,2024-01-02,annual,52,0,0,GBP,not_applicable,2023-12-26T10:14:00
se_007569,co_0825,converted,Small,,2023-12-28,2023-12-28,,,annual,52,200,2400,GBP,paid,2023-12-28T12:57:00
se_007570,co_0825,cancellation_scheduled,Small,,,2024-08-21,,,annual,52,200,2400,GBP,not_applicable,2024-08-21T14:25:00
se_007571,co_0825,voluntary_churn,Small,,,2024-09-23,2024-09-23,,annual,52,200,0,GBP,not_applicable,2024-09-23T11:17:00
se_007572,co_0826,trial_start,Medium,,,,,2024-11-26,monthly,245,0,0,GBP,not_applicable,2024-11-19T19:17:00
se_007573,co_0826,converted,Medium,,2024-11-23,2024-11-23,,,monthly,245,750,750,GBP,paid,2024-11-23T19:09:00
se_007574,co_0826,renewal,Medium,,2024-12-23,2024-12-23,,,monthly,245,750,750,GBP,paid,2024-12-23T19:45:00
se_007575,co_0826,renewal,Medium,,2025-01-23,2025-01-23,,,monthly,245,750,750,GBP,paid,2025-01-23T15:27:00
se_007576,co_0826,renewal,Medium,,2025-02-23,2025-02-23,,,monthly,245,750,750,GBP,paid,2025-02-23T12:45:00
se_007577,co_0826,renewal,Medium,,2025-03-23,2025-03-23,,,monthly,245,750,750,GBP,paid,2025-03-23T19:28:00
se_007578,co_0826,renewal,Medium,,2025-04-23,2025-04-23,,,monthly,245,750,750,GBP,paid,2025-04-23T12:49:00
se_007579,co_0826,renewal,Medium,,2025-05-23,2025-05-23,,,monthly,245,750,750,GBP,paid,2025-05-23T17:19:00
se_007580,co_0826,renewal,Medium,,2025-06-23,2025-06-23,,,monthly,245,750,750,GBP,paid,2025-06-23T14:37:00
se_007581,co_0826,renewal,Medium,,2025-07-23,2025-07-23,,,monthly,245,750,750,GBP,paid,2025-07-23T10:32:00
se_007582,co_0826,renewal,Medium,,2025-08-23,2025-08-23,,,monthly,245,750,750,GBP,paid,2025-08-23T10:41:00
se_007583,co_0826,renewal,Medium,,2025-09-23,2025-09-23,,,monthly,245,750,750,GBP,paid,2025-09-23T17:09:00
se_007584,co_0826,downgrade,Small,Medium,2025-10-09,2025-10-09,,,monthly,245,200,200,GBP,paid,2025-10-09T10:14:00
se_007585,co_0826,renewal,Small,,2025-10-23,2025-10-23,,,monthly,245,200,200,GBP,paid,2025-10-23T15:15:00
se_007586,co_0826,payment_failed,Small,,2025-11-23,2025-11-23,,,monthly,245,200,200,GBP,failed,2025-11-23T16:45:00
se_007587,co_0826,payment_recovered,Small,,2025-11-30,2025-11-30,,,monthly,245,200,200,GBP,paid,2025-11-30T16:25:00
se_007588,co_0826,renewal,Small,,2026-01-01,2025-12-23,,,monthly,245,200,200,GBP,paid,2025-12-23T08:27:00
se_007589,co_0826,renewal,Small,,2026-01-23,2026-01-23,,,monthly,245,200,200,GBP,paid,2026-01-23T10:27:00
se_007590,co_0826,renewal,Small,,2026-03-07,2026-02-23,,,monthly,245,200,200,GBP,paid,2026-02-23T13:08:00
se_007591,co_0826,renewal,Small,,2026-03-23,2026-03-23,,,monthly,245,200,200,GBP,paid,2026-03-23T10:08:00
se_007592,co_0826,renewal,Small,,2026-04-23,2026-04-23,,,monthly,245,200,200,GBP,paid,2026-04-23T19:07:00
se_007593,co_0826,renewal,Small,,2026-05-23,2026-05-23,,,monthly,245,200,200,GBP,paid,2026-05-23T08:39:00
se_007594,co_0826,renewal,Small,,2026-06-23,2026-06-23,,,monthly,245,200,200,GBP,paid,2026-06-23T11:25:00
se_007595,co_0827,trial_start,Small,,,,,2025-12-15,annual,44,0,0,GBP,not_applicable,2025-12-08T18:29:00
se_007596,co_0827,converted,Small,,2025-12-18,2025-12-18,,,annual,44,200,2400,GBP,paid,2025-12-18T13:30:00
se_007597,co_0828,trial_start,Small,,,,,2023-07-20,annual,97,0,0,GBP,not_applicable,2023-07-13T09:34:00
se_007598,co_0829,trial_start,Small,,,,,2025-05-20,monthly,38,0,0,GBP,not_applicable,2025-05-13T08:07:00
se_007599,co_0830,trial_start,Medium,,,,,2025-02-15,monthly,207,0,0,GBP,not_applicable,2025-02-08T19:08:00
se_007600,co_0830,converted,Medium,,2025-02-15,2025-02-15,,,monthly,207,750,750,GBP,paid,2025-02-15T12:36:00
se_007601,co_0830,renewal,Medium,,2025-03-15,2025-03-15,,,monthly,207,750,750,GBP,paid,2025-03-15T12:45:00
se_007602,co_0830,renewal,Medium,,2025-04-15,2025-04-15,,,monthly,207,750,750,GBP,paid,2025-04-15T10:19:00
se_007603,co_0830,renewal,Medium,,2025-05-15,2025-05-15,,,monthly,207,750,750,GBP,paid,2025-05-15T11:06:00
se_007604,co_0830,renewal,Medium,,2025-06-15,2025-06-15,,,monthly,207,750,750,GBP,paid,2025-06-15T13:51:00
se_007605,co_0830,renewal,Medium,,2025-07-15,2025-07-15,,,monthly,207,750,750,GBP,paid,2025-07-15T09:55:00
se_007606,co_0830,renewal,Medium,,2025-08-15,2025-08-15,,,monthly,207,750,750,GBP,paid,2025-08-15T11:00:00
se_007607,co_0830,renewal,Medium,,2025-09-15,2025-09-15,,,monthly,207,750,750,GBP,paid,2025-09-15T08:21:00
se_007608,co_0830,renewal,MEDIUM,,2025-10-15,2025-10-15,,,monthly,207,750,750,GBP,paid,2025-10-15T08:37:00
se_007609,co_0830,renewal,Medium,,2025-11-15,2025-11-15,,,monthly,207,750,750,GBP,paid,2025-11-15T09:17:00
se_007610,co_0830,renewal,Medium,,2025-12-15,2025-12-15,,,monthly,207,750,750,GBP,paid,2025-12-15T11:32:00
se_007611,co_0830,renewal,Medium,,2026-01-15,2026-01-15,,,monthly,207,750,750,GBP,paid,2026-01-15T16:52:00
se_007612,co_0830,renewal,Medium,,2026-02-15,2026-02-15,,,monthly,207,750,750,GBP,paid,2026-02-15T09:40:00
se_007613,co_0830,renewal,Medium,,2026-03-15,2026-03-15,,,monthly,207,750,750,GBP,paid,2026-03-15T11:02:00
se_007614,co_0830,renewal,Medium,,2026-04-15,2026-04-15,,,monthly,207,750,750,GBP,paid,2026-04-15T09:42:00
se_007615,co_0830,renewal,Medium,,2026-05-15,2026-05-15,,,monthly,207,750,750,GBP,paid,2026-05-15T11:44:00
se_007616,co_0830,renewal,Medium,,2026-06-15,2026-06-15,,,monthly,207,750,750,GBP,paid,2026-06-15T17:06:00
se_007617,co_0831,trial_start,Medium,,,,,2024-01-06,monthly,480,0,0,GBP,not_applicable,2023-12-30T14:47:00
se_007618,co_0832,trial_start,Medium,,,,,2025-10-26,annual,280,0,0,GBP,not_applicable,2025-10-19T19:23:00
se_007619,co_0833,trial_start,Small,,,,,2024-08-11,monthly,123,0,0,GBP,not_applicable,2024-08-04T19:51:00
se_007620,co_0833,converted,Small,,2024-08-12,2024-08-12,,,monthly,123,200,200,GBP,paid,2024-08-12T19:09:00
se_007621,co_0833,renewal,Small,,2024-09-12,2024-09-12,,,monthly,123,200,200,GBP,paid,2024-09-12T14:27:00
se_007622,co_0833,renewal,Small,,2024-10-12,2024-10-12,,,monthly,123,200,200,GBP,paid,2024-10-12T15:48:00
se_007623,co_0833,cancellation_scheduled,Small,,,2024-10-03,,,monthly,123,200,200,GBP,not_applicable,2024-10-03T09:05:00
se_007624,co_0833,voluntary_churn,Small,,,2024-10-20,2024-10-20,,monthly,123,200,0,GBP,not_applicable,2024-10-20T08:28:00
se_007625,co_0834,trial_start,Small,,,,,2023-09-25,monthly,53,0,0,GBP,not_applicable,2023-09-18T12:57:00
se_007626,co_0834,converted,Small,,2023-09-28,2023-09-28,,,monthly,53,200,200,GBP,paid,2023-09-28T17:04:00
se_007627,co_0834,renewal,Small,,2023-10-28,2023-10-28,,,monthly,53,200,200,GBP,paid,2023-10-28T18:54:00
se_007628,co_0834,renewal,Small,,2023-11-28,2023-11-28,,,monthly,53,200,200,GBP,paid,2023-11-28T12:39:00
se_007629,co_0834,renewal,Small,,2023-12-28,2023-12-28,,,monthly,53,200,200,GBP,paid,2023-12-28T14:03:00
se_007630,co_0834,renewal,Small,,2024-01-28,2024-01-28,,,monthly,53,200,200,GBP,paid,2024-01-28T10:23:00
se_007631,co_0834,renewal,Small,,2024-02-28,2024-02-28,,,monthly,53,200,200,GBP,paid,2024-02-28T16:13:00
se_007632,co_0834,renewal,Small,,2024-03-28,2024-03-28,,,monthly,53,200,200,GBP,paid,2024-03-28T10:14:00
se_007633,co_0834,renewal,Small,,2024-04-28,2024-04-28,,,monthly,53,200,200,GBP,paid,2024-04-28T19:01:00
se_007634,co_0834,renewal,Small,,2024-05-28,2024-05-28,,,monthly,53,200,200,GBP,paid,2024-05-28T12:52:00
se_007635,co_0834,renewal,Small,,2024-06-28,2024-06-28,,,monthly,53,200,200,GBP,paid,2024-06-28T18:41:00
se_007636,co_0834,renewal,Small,,2024-07-28,2024-07-28,,,monthly,53,200,200,GBP,paid,2024-07-28T09:14:00
se_007637,co_0834,renewal,Small,,2024-08-28,2024-08-28,,,monthly,53,200,200,GBP,paid,2024-08-28T09:43:00
se_007638,co_0834,renewal,Small,,2024-10-10,2024-09-28,,,monthly,53,200,200,GBP,paid,2024-09-28T08:23:00
se_007639,co_0834,renewal,Small,,,2024-10-28,,,monthly,53,200,200,GBP,paid,2024-10-28T15:23:00
se_007640,co_0834,renewal,Small,,2024-11-28,2024-11-28,,,monthly,53,200,200,GBP,paid,2024-11-28T16:33:00
se_007641,co_0834,renewal,small,,2025-01-03,2024-12-28,,,monthly,53,200,200,GBP,paid,2024-12-28T10:29:00
se_007642,co_0834,renewal,Small,,2025-01-28,2025-01-28,,,monthly,53,200,200,GBP,paid,2025-01-28T19:35:00
se_007643,co_0834,renewal,Small,,2025-02-28,2025-02-28,,,monthly,53,200,200,GBP,paid,2025-02-28T10:56:00
se_007644,co_0834,renewal,Small,,2025-03-28,2025-03-28,,,monthly,53,200,200,GBP,paid,2025-03-28T17:39:00
se_007645,co_0834,renewal,Small,,2025-05-09,2025-04-28,,,monthly,53,200,200,GBP,paid,2025-04-28T18:38:00
se_007646,co_0834,renewal,Small,,2025-05-28,2025-05-28,,,monthly,53,200,200,GBP,paid,2025-05-28T17:05:00
se_007647,co_0834,renewal,Small,,2025-06-28,2025-06-28,,,monthly,53,200,200,GBP,paid,2025-06-28T16:33:00
se_007648,co_0834,renewal,Small,,2025-07-28,2025-07-28,,,monthly,53,200,200,GBP,paid,2025-07-28T11:59:00
se_007649,co_0834,renewal,Small,,2025-08-28,2025-08-28,,,monthly,53,200,200,GBP,paid,2025-08-28T16:41:00
se_007650,co_0834,payment_failed,Small,,2025-09-28,2025-09-28,,,monthly,53,200,200,GBP,failed,2025-09-28T09:44:00
se_007651,co_0834,payment_recovered,Small,,2025-10-17,2025-09-30,,,monthly,53,200,200,GBP,paid,2025-09-30T15:22:00
se_007652,co_0834,payment_failed,Small,,2025-10-28,2025-10-28,,,monthly,53,200,200,GBP,failed,2025-10-28T11:20:00
se_007653,co_0834,renewal,Small,,2025-12-17,2025-11-28,,,monthly,53,200,200,GBP,paid,2025-11-28T13:46:00
se_007654,co_0834,renewal,Small,,2025-12-28,2025-12-28,,,monthly,53,200,200,GBP,paid,2025-12-28T10:36:00
se_007655,co_0834,renewal,Small,,2026-01-28,2026-01-28,,,monthly,53,200,200,GBP,paid,2026-01-28T16:17:00
se_007656,co_0834,renewal,Small,,2026-02-28,2026-02-28,,,monthly,53,200,200,GBP,paid,2026-02-28T16:54:00
se_007657,co_0834,renewal,Small,,2026-03-28,2026-03-28,,,monthly,53,200,200,GBP,paid,2026-03-28T18:55:00
se_007658,co_0834,renewal,Small,,2026-04-28,2026-04-28,,,monthly,53,200,200,GBP,paid,2026-04-28T16:46:00
se_007659,co_0834,renewal,Small,,2026-05-28,2026-05-28,,,monthly,53,200,200,GBP,paid,2026-05-28T11:36:00
se_007660,co_0834,renewal,Small,,2026-06-28,2026-06-28,,,monthly,53,200,200,GBP,paid,2026-06-28T15:03:00
se_007661,co_0835,trial_start,Medium,,,,,2024-04-01,monthly,211,0,0,GBP,not_applicable,2024-03-25T14:14:00
se_007662,co_0835,converted,Medium,,2024-04-01,2024-04-01,,,monthly,211,750,750,GBP,paid,2024-04-01T17:15:00
se_007663,co_0835,renewal,Medium,,2024-05-01,2024-05-01,,,monthly,211,750,750,GBP,paid,2024-05-01T14:01:00
se_007664,co_0835,renewal,Medium,,2024-06-01,2024-06-01,,,monthly,211,750,750,GBP,paid,2024-06-01T19:59:00
se_007665,co_0835,payment_failed,Medium,,2024-07-01,2024-07-01,,,monthly,211,750,750,GBP,failed,2024-07-01T17:31:00
se_007666,co_0835,payment_failed,Medium,,2024-08-01,2024-08-01,,,monthly,211,750,750,GBP,failed,2024-08-01T18:55:00
se_007667,co_0835,delinquent_churn,Medium,,,2024-08-10,2024-08-10,,monthly,211,750,0,GBP,not_applicable,2024-08-10T14:26:00
se_007668,co_0836,trial_start,Small,,,,,2024-08-31,annual,83,0,0,GBP,not_applicable,2024-08-24T09:37:00
se_007669,co_0836,converted,Small,,2024-09-01,2024-09-01,,,annual,83,200,2400,GBP,paid,2024-09-01T11:55:00
se_007670,co_0836,renewal,Small,,2025-09-01,2025-09-01,,,annual,83,200,2400,GBP,paid,2025-09-01T08:05:00
se_007671,co_0837,trial_start,Small,,,,,2023-10-03,annual,62,0,0,GBP,not_applicable,2023-09-26T12:38:00
se_007672,co_0837,converted,Small,,2023-10-03,2023-10-03,,,annual,62,200,2400,GBP,paid,2023-10-03T17:46:00
se_007673,co_0837,renewal,Small,,2024-10-16,2024-10-03,,,annual,62,200,2400,GBP,paid,2024-10-03T08:36:00
se_007674,co_0837,renewal,Small,,2025-10-03,2025-10-03,,,annual,62,200,2400,GBP,paid,2025-10-03T10:09:00
se_007675,co_0838,trial_start,Small,,,,,2023-10-02,annual,60,0,0,GBP,not_applicable,2023-09-25T12:20:00
se_007676,co_0839,trial_start,Small,,,,,2024-12-31,monthly,73,0,0,GBP,not_applicable,2024-12-24T18:21:00
se_007677,co_0840,trial_start,Small,,,,,2025-02-02,monthly,48,0,0,GBP,not_applicable,2025-01-26T08:35:00
se_007678,co_0840,converted,Small,,2025-01-29,2025-01-29,,,monthly,48,200,200,GBP,paid,2025-01-29T16:44:00
se_007679,co_0840,renewal,Small,,2025-02-28,2025-02-28,,,monthly,48,200,200,GBP,paid,2025-02-28T09:10:00
se_007680,co_0840,renewal,Small,,2025-03-28,2025-03-28,,,monthly,48,200,200,GBP,paid,2025-03-28T15:37:00
se_007681,co_0840,renewal,Small,,2025-04-28,2025-04-28,,,monthly,48,200,200,GBP,paid,2025-04-28T15:37:00
se_007682,co_0840,renewal,Small,,2025-05-28,2025-05-28,,,monthly,48,200,200,GBP,paid,2025-05-28T19:16:00
se_007683,co_0840,renewal,Small,,2025-06-28,2025-06-28,,,monthly,48,200,200,GBP,paid,2025-06-28T09:47:00
se_007684,co_0840,renewal,Small,,2025-07-28,2025-07-28,,,monthly,48,200,200,GBP,paid,2025-07-28T18:46:00
se_007685,co_0840,renewal,Small,,2025-08-28,2025-08-28,,,monthly,48,200,200,GBP,paid,2025-08-28T08:45:00
se_007686,co_0840,renewal,Small,,2025-09-28,2025-09-28,,,monthly,48,200,200,GBP,paid,2025-09-28T15:19:00
se_007687,co_0840,renewal,Small,,2025-10-28,2025-10-28,,,monthly,48,200,200,GBP,paid,2025-10-28T14:22:00
se_007688,co_0840,renewal,Small,,2025-11-28,2025-11-28,,,monthly,48,200,200,GBP,paid,2025-11-28T19:56:00
se_007689,co_0840,renewal,Small ,,2025-12-28,2025-12-28,,,monthly,48,200,200,GBP,paid,2025-12-28T11:48:00
se_007690,co_0840,renewal,Small,,2026-01-28,2026-01-28,,,monthly,48,200,200,GBP,paid,2026-01-28T09:58:00
se_007691,co_0840,renewal,Small,,2026-02-28,2026-02-28,,,monthly,48,200,200,GBP,paid,2026-02-28T10:11:00
se_007692,co_0840,renewal,Small,,2026-03-28,2026-03-28,,,monthly,48,200,200,GBP,paid,2026-03-28T08:09:00
se_007693,co_0840,renewal,Small,,2026-05-04,2026-04-28,,,monthly,48,200,200,GBP,paid,2026-04-28T19:50:00
se_007694,co_0840,renewal,Small,,2026-05-28,2026-05-28,,,monthly,48,200,200,GBP,paid,2026-05-28T17:59:00
se_007695,co_0840,renewal,Small,,2026-06-28,2026-06-28,,,monthly,48,200,200,GBP,paid,2026-06-28T15:02:00
se_007696,co_0841,trial_start,Small,,,,,2024-08-22,annual,90,0,0,GBP,not_applicable,2024-08-15T17:53:00
se_007697,co_0842,trial_start,Medium,,,,,2025-11-17,annual,281,0,0,GBP,not_applicable,2025-11-10T12:51:00
se_007698,co_0842,converted,Medium,,2025-11-16,2025-11-16,,,annual,281,750,9000,GBP,paid,2025-11-16T16:42:00
se_007699,co_0843,trial_start,Small,,,,,2024-05-09,monthly,91,0,0,GBP,not_applicable,2024-05-02T19:41:00
se_007700,co_0843,converted,Small,,2024-05-08,2024-05-08,,,monthly,91,200,200,GBP,paid,2024-05-08T18:35:00
se_007701,co_0843,renewal,Small,,2024-06-08,2024-06-08,,,monthly,91,200,200,GBP,paid,2024-06-08T16:30:00
se_007702,co_0843,renewal,Small,,2024-07-08,2024-07-08,,,monthly,91,200,200,GBP,paid,2024-07-08T10:02:00
se_007703,co_0843,upgrade,Medium,Small,2024-07-20,2024-07-20,,,monthly,91,750,750,GBP,paid,2024-07-20T10:28:00
se_007704,co_0843,renewal,Medium,,2024-08-08,2024-08-08,,,monthly,91,750,750,GBP,paid,2024-08-08T19:31:00
se_007705,co_0843,renewal,Medium,,2024-09-08,2024-09-08,,,monthly,91,750,750,GBP,paid,2024-09-08T11:07:00
se_007706,co_0843,renewal,Medium,,2024-10-08,2024-10-08,,,monthly,91,750,750,GBP,paid,2024-10-08T18:31:00
se_007707,co_0843,upgrade,Large,Medium,2024-10-13,2024-10-13,,,monthly,91,1500,1500,GBP,paid,2024-10-13T09:34:00
se_007708,co_0843,renewal,Large,,2024-11-08,2024-11-08,,,monthly,91,1500,1500,GBP,paid,2024-11-08T11:07:00
se_007709,co_0843,renewal,Large,,2024-12-08,2024-12-08,,,monthly,91,1500,1500,GBP,paid,2024-12-08T11:24:00
se_007710,co_0843,renewal,Large,,2025-01-08,2025-01-08,,,monthly,91,1500,1500,GBP,paid,2025-01-08T10:33:00
se_007711,co_0843,payment_failed,Large,,2025-02-08,2025-02-08,,,monthly,91,1500,1500,GBP,failed,2025-02-08T16:37:00
se_007712,co_0843,payment_recovered,Large,,2025-02-15,2025-02-11,,,monthly,91,1500,1500,GBP,paid,2025-02-11T12:15:00
se_007713,co_0843,renewal,Large,,2025-03-08,2025-03-08,,,monthly,91,1500,1500,GBP,paid,2025-03-08T12:08:00
se_007714,co_0843,renewal,Large,,2025-04-08,2025-04-08,,,monthly,91,1500,1500,GBP,paid,2025-04-08T19:20:00
se_007715,co_0843,renewal,Large,,2025-05-08,2025-05-08,,,monthly,91,1500,1500,GBP,paid,2025-05-08T14:53:00
se_007716,co_0843,renewal,Large,,2025-06-08,2025-06-08,,,monthly,91,1500,1500,GBP,paid,2025-06-08T08:30:00
se_007717,co_0843,renewal,Large,,2025-07-08,2025-07-08,,,monthly,91,1500,1500,GBP,paid,2025-07-08T14:32:00
se_007718,co_0843,renewal,Large,,2025-08-08,2025-08-08,,,monthly,91,1500,1500,GBP,paid,2025-08-08T12:08:00
se_007719,co_0843,renewal,large,,2025-09-08,2025-09-08,,,monthly,91,1500,1500,GBP,paid,2025-09-08T10:29:00
se_007720,co_0843,renewal,Large,,2025-10-15,2025-10-08,,,monthly,91,1500,1500,GBP,paid,2025-10-08T18:56:00
se_007721,co_0843,renewal,Large,,2025-11-08,2025-11-08,,,monthly,91,1500,1500,GBP,paid,2025-11-08T17:13:00
se_007722,co_0843,renewal,Large,,2025-12-08,2025-12-08,,,monthly,91,1500,1500,GBP,paid,2025-12-08T10:05:00
se_007723,co_0843,renewal,Large,,2026-01-08,2026-01-08,,,monthly,91,1500,1500,GBP,paid,2026-01-08T12:31:00
se_007724,co_0843,renewal,Large,,2026-02-08,2026-02-08,,,monthly,91,1500,1500,GBP,paid,2026-02-08T18:59:00
se_007725,co_0843,renewal,Large,,2026-03-08,2026-03-08,,,monthly,91,1500,1500,GBP,paid,2026-03-08T14:54:00
se_007726,co_0843,renewal,Large,,2026-04-08,2026-04-08,,,monthly,91,1500,1500,GBP,paid,2026-04-08T11:22:00
se_007727,co_0843,renewal,Large,,2026-05-08,2026-05-08,,,monthly,91,1500,1500,GBP,paid,2026-05-08T16:04:00
se_007728,co_0843,renewal,Large,,2026-06-08,2026-06-08,,,monthly,91,1500,1500,GBP,paid,2026-06-08T17:05:00
se_007729,co_0844,trial_start,Small,,,,,2023-10-12,annual,52,0,0,GBP,not_applicable,2023-10-05T09:08:00
se_007730,co_0844,converted,Small,,2023-10-07,2023-10-07,,,annual,52,200,2400,GBP,paid,2023-10-07T08:58:00
se_007731,co_0844,renewal,Small,,2024-10-07,2024-10-07,,,annual,52,200,2400,GBP,paid,2024-10-07T15:24:00
se_007732,co_0844,renewal,Small,,2025-10-07,2025-10-07,,,annual,52,200,2400,GBP,paid,2025-10-07T09:07:00
se_007733,co_0845,trial_start,Small,,,,,2025-12-19,monthly,74,0,0,GBP,not_applicable,2025-12-12T15:21:00
se_007734,co_0845,converted,Small,,2025-12-17,2025-12-17,,,monthly,74,200,200,GBP,paid,2025-12-17T09:26:00
se_007735,co_0845,renewal,Small,,2026-01-17,2026-01-17,,,monthly,74,200,200,GBP,paid,2026-01-17T14:34:00
se_007736,co_0845,renewal,Small,,2026-02-17,2026-02-17,,,monthly,74,200,200,GBP,paid,2026-02-17T16:16:00
se_007737,co_0845,renewal,Small,,2026-03-17,2026-03-17,,,monthly,74,200,200,GBP,paid,2026-03-17T13:10:00
se_007738,co_0845,renewal,Small,,2026-04-17,2026-04-17,,,monthly,74,200,200,GBP,paid,2026-04-17T12:00:00
se_007739,co_0845,renewal,Small,,2026-06-07,2026-05-17,,,monthly,74,200,200,GBP,paid,2026-05-17T09:18:00
se_007740,co_0845,renewal,Small,,2026-06-17,2026-06-17,,,monthly,74,200,200,GBP,paid,2026-06-17T15:24:00
se_007741,co_0846,trial_start,Small,,,,,2024-04-30,monthly,100,0,0,GBP,not_applicable,2024-04-23T19:34:00
se_007742,co_0846,converted,Small,,2024-04-30,2024-04-30,,,monthly,100,200,200,GBP,paid,2024-04-30T11:34:00
se_007743,co_0846,renewal,SMALL,,2024-05-30,2024-05-30,,,monthly,100,200,200,GBP,paid,2024-05-30T13:58:00
se_007744,co_0846,renewal,Small,,2024-06-30,2024-06-30,,,monthly,100,200,200,GBP,paid,2024-06-30T18:51:00
se_007745,co_0846,renewal,Small,,2024-07-30,2024-07-30,,,monthly,100,200,200,GBP,paid,2024-07-30T19:02:00
se_007746,co_0846,renewal,Small,,2024-08-30,2024-08-30,,,monthly,100,200,200,GBP,paid,2024-08-30T13:59:00
se_007747,co_0846,renewal,Small,,2024-09-30,2024-09-30,,,monthly,100,200,200,GBP,paid,2024-09-30T08:36:00
se_007748,co_0846,renewal,Small,,2024-11-06,2024-10-30,,,monthly,100,200,200,GBP,paid,2024-10-30T19:55:00
se_007749,co_0846,renewal,Small,,2024-11-30,2024-11-30,,,monthly,100,200,200,GBP,paid,2024-11-30T10:57:00
se_007750,co_0846,renewal,Small,,2024-12-30,2024-12-30,,,monthly,100,200,200,GBP,paid,2024-12-30T19:55:00
se_007751,co_0846,renewal,Small,,2025-01-30,2025-01-30,,,monthly,100,200,200,GBP,paid,2025-01-30T09:48:00
se_007752,co_0846,renewal,Small,,2025-02-28,2025-02-28,,,monthly,100,200,200,GBP,paid,2025-02-28T11:20:00
se_007753,co_0846,renewal,Small,,2025-03-28,2025-03-28,,,monthly,100,200,200,GBP,paid,2025-03-28T09:32:00
se_007754,co_0846,renewal,Small,,2025-04-28,2025-04-28,,,monthly,100,200,200,GBP,paid,2025-04-28T15:35:00
se_007755,co_0846,renewal,Small,,2025-05-28,2025-05-28,,,monthly,100,200,200,GBP,paid,2025-05-28T15:49:00
se_007756,co_0846,renewal,Small,,2025-06-28,2025-06-28,,,monthly,100,200,200,GBP,paid,2025-06-28T13:54:00
se_007757,co_0846,renewal,Small,,2025-07-28,2025-07-28,,,monthly,100,200,200,GBP,paid,2025-07-28T16:46:00
se_007758,co_0846,renewal,Small,,2025-08-28,2025-08-28,,,monthly,100,200,200,GBP,paid,2025-08-28T16:26:00
se_007759,co_0846,renewal,Small,,2025-10-16,2025-09-28,,,monthly,100,200,200,GBP,paid,2025-09-28T16:47:00
se_007760,co_0846,renewal,Small,,2025-10-28,2025-10-28,,,monthly,100,200,200,GBP,paid,2025-10-28T11:17:00
se_007761,co_0846,renewal,Small,,2025-11-28,2025-11-28,,,monthly,100,200,200,GBP,paid,2025-11-28T14:21:00
se_007762,co_0846,renewal,Small,,2025-12-28,2025-12-28,,,monthly,100,200,200,GBP,paid,2025-12-28T13:52:00
se_007763,co_0846,renewal,Small ,,2026-01-28,2026-01-28,,,monthly,100,200,200,GBP,paid,2026-01-28T19:59:00
se_007764,co_0846,renewal,Small,,2026-02-28,2026-02-28,,,monthly,100,200,200,GBP,paid,2026-02-28T08:56:00
se_007765,co_0846,renewal,Small,,2026-03-28,2026-03-28,,,monthly,100,200,200,GBP,paid,2026-03-28T09:32:00
se_007766,co_0846,payment_failed,Small,,2026-04-28,2026-04-28,,,monthly,100,200,200,GBP,failed,2026-04-28T09:25:00
se_007767,co_0846,payment_recovered,Small,,2026-05-14,2026-05-02,,,monthly,100,200,200,GBP,paid,2026-05-02T13:08:00
se_007768,co_0846,renewal,Small,,2026-05-28,2026-05-28,,,monthly,100,200,200,GBP,paid,2026-05-28T08:31:00
se_007769,co_0846,renewal,Small,,2026-06-28,2026-06-28,,,monthly,100,200,200,GBP,paid,2026-06-28T17:54:00
se_007770,co_0847,trial_start,Medium,,,,,2025-01-05,annual,335,0,0,GBP,not_applicable,2024-12-29T16:11:00
se_007771,co_0848,trial_start,Medium,,,,,2024-01-10,monthly,306,0,0,GBP,not_applicable,2024-01-03T19:21:00
se_007772,co_0849,trial_start,Medium,,,,,2025-08-30,monthly,175,0,0,GBP,not_applicable,2025-08-23T16:14:00
se_007773,co_0850,trial_start,Small,,,,,2026-05-09,monthly,33,0,0,GBP,not_applicable,2026-05-02T14:30:00
se_007774,co_0850,converted,Small,,2026-05-10,2026-05-10,,,monthly,33,200,200,GBP,paid,2026-05-10T14:13:00
se_007775,co_0850,payment_failed,Small,,2026-06-10,2026-06-10,,,monthly,33,200,200,GBP,failed,2026-06-10T18:07:00
se_007776,co_0851,trial_start,Small,,,,,2025-03-19,monthly,64,0,0,GBP,not_applicable,2025-03-12T19:18:00
se_007777,co_0852,trial_start,Small,,,,,2025-11-08,monthly,71,0,0,GBP,not_applicable,2025-11-01T12:33:00
se_007778,co_0853,trial_start,Small,,,,,2023-10-26,annual,61,0,0,GBP,not_applicable,2023-10-19T13:57:00
se_007779,co_0854,trial_start,Small,,,,,2023-12-12,monthly,59,0,0,GBP,not_applicable,2023-12-05T13:11:00
se_007780,co_0855,trial_start,Medium,,,,,2026-06-16,annual,129,0,0,GBP,not_applicable,2026-06-09T14:21:00
se_007781,co_0855,converted,Medium,,2026-06-19,2026-06-19,,,annual,129,750,9000,GBP,paid,2026-06-19T09:12:00
se_007782,co_0856,trial_start,Small,,,,,2024-04-07,monthly,80,0,0,GBP,not_applicable,2024-03-31T14:17:00
se_007783,co_0856,converted,Small,,2024-04-03,2024-04-03,,,monthly,80,200,200,GBP,paid,2024-04-03T15:54:00
se_007784,co_0856,renewal,Small,,2024-05-03,2024-05-03,,,monthly,80,200,200,GBP,paid,2024-05-03T17:55:00
se_007785,co_0856,payment_failed,Small,,2024-06-03,2024-06-03,,,monthly,80,200,200,GBP,failed,2024-06-03T12:35:00
se_007786,co_0856,renewal,Small,,2024-07-03,2024-07-03,,,monthly,80,200,200,GBP,paid,2024-07-03T19:32:00
se_007787,co_0856,renewal,Small,,2024-08-03,2024-08-03,,,monthly,80,200,200,GBP,paid,2024-08-03T18:51:00
se_007788,co_0856,renewal,Small,,2024-09-14,2024-09-03,,,monthly,80,200,200,GBP,paid,2024-09-03T12:43:00
se_007789,co_0856,renewal,Small,,2024-10-24,2024-10-03,,,monthly,80,200,200,GBP,paid,2024-10-03T16:29:00
se_007790,co_0856,renewal,Small,,2024-11-03,2024-11-03,,,monthly,80,200,200,GBP,paid,2024-11-03T14:39:00
se_007791,co_0856,renewal,Small,,2024-12-03,2024-12-03,,,monthly,80,200,200,GBP,paid,2024-12-03T17:08:00
se_007792,co_0856,renewal,Small,,2025-01-03,2025-01-03,,,monthly,80,200,200,GBP,paid,2025-01-03T15:29:00
se_007793,co_0856,renewal,Small,,2025-02-03,2025-02-03,,,monthly,80,200,200,GBP,paid,2025-02-03T17:07:00
se_007794,co_0856,renewal,Small,,2025-03-03,2025-03-03,,,monthly,80,200,200,GBP,paid,2025-03-03T15:28:00
se_007795,co_0856,renewal,Small,,2025-04-03,2025-04-03,,,monthly,80,200,200,GBP,paid,2025-04-03T12:04:00
se_007796,co_0856,renewal,Small,,2025-05-08,2025-05-03,,,monthly,80,200,200,GBP,paid,2025-05-03T19:13:00
se_007797,co_0856,renewal,Small,,2025-06-03,2025-06-03,,,monthly,80,200,200,GBP,paid,2025-06-03T11:22:00
se_007798,co_0856,renewal,Small,,2025-07-03,2025-07-03,,,monthly,80,200,200,GBP,paid,2025-07-03T14:09:00
se_007799,co_0856,renewal,Small,,2025-08-03,2025-08-03,,,monthly,80,200,200,GBP,paid,2025-08-03T15:20:00
se_007800,co_0856,renewal,Small,,2025-09-03,2025-09-03,,,monthly,80,200,200,GBP,paid,2025-09-03T13:37:00
se_007801,co_0856,renewal,Small,,2025-10-03,2025-10-03,,,monthly,80,200,200,GBP,paid,2025-10-03T12:51:00
se_007802,co_0856,renewal,Small,,2025-11-03,2025-11-03,,,monthly,80,200,200,GBP,paid,2025-11-03T18:33:00
se_007803,co_0856,renewal,Small,,2025-12-03,2025-12-03,,,monthly,80,200,200,GBP,paid,2025-12-03T08:32:00
se_007804,co_0856,renewal,Small,,2026-01-03,2026-01-03,,,monthly,80,200,200,GBP,paid,2026-01-03T15:42:00
se_007805,co_0856,payment_failed,Small,,2026-02-03,2026-02-03,,,monthly,80,200,200,GBP,failed,2026-02-03T19:55:00
se_007806,co_0856,payment_recovered,Small,,2026-02-17,2026-02-17,,,monthly,80,200,200,GBP,paid,2026-02-17T19:49:00
se_007807,co_0856,renewal,Small,,2026-03-03,2026-03-03,,,monthly,80,200,200,GBP,paid,2026-03-03T14:10:00
se_007808,co_0856,renewal,Small,,2026-04-03,2026-04-03,,,monthly,80,200,200,GBP,paid,2026-04-03T16:26:00
se_007809,co_0856,renewal,Small,,2026-05-03,2026-05-03,,,monthly,80,200,200,GBP,paid,2026-05-03T13:29:00
se_007810,co_0856,renewal,Small,,2026-06-03,2026-06-03,,,monthly,80,200,200,GBP,paid,2026-06-03T09:19:00
se_007811,co_0857,trial_start,Medium,,,,,2024-03-22,annual,193,0,0,GBP,not_applicable,2024-03-15T12:43:00
se_007812,co_0857,converted,Medium,,2024-03-20,2024-03-20,,,annual,193,750,9000,GBP,paid,2024-03-20T12:33:00
se_007813,co_0857,renewal,Medium,,2025-03-20,2025-03-20,,,annual,193,750,9000,GBP,paid,2025-03-20T16:40:00
se_007814,co_0857,renewal,Medium,,2026-03-20,2026-03-20,,,annual,193,750,9000,GBP,paid,2026-03-20T09:54:00
se_007815,co_0858,trial_start,Medium,,,,,2024-11-30,monthly,190,0,0,GBP,not_applicable,2024-11-23T16:21:00
se_007816,co_0858,converted,Medium,,2024-12-01,2024-12-01,,,monthly,190,750,750,GBP,paid,2024-12-01T13:37:00
se_007817,co_0858,renewal,Medium,,2025-01-01,2025-01-01,,,monthly,190,750,750,GBP,paid,2025-01-01T15:51:00
se_007818,co_0858,renewal,Medium,,2025-02-01,2025-02-01,,,monthly,190,750,750,GBP,paid,2025-02-01T13:04:00
se_007819,co_0858,renewal,Medium,,2025-03-01,2025-03-01,,,monthly,190,750,750,GBP,paid,2025-03-01T13:49:00
se_007820,co_0858,renewal,Medium,,2025-04-01,2025-04-01,,,monthly,190,750,750,GBP,paid,2025-04-01T08:41:00
se_007821,co_0858,renewal,Medium,,2025-05-01,2025-05-01,,,monthly,190,750,750,GBP,paid,2025-05-01T16:15:00
se_007822,co_0858,renewal,Medium,,2025-06-01,2025-06-01,,,monthly,190,750,750,GBP,paid,2025-06-01T09:19:00
se_007823,co_0858,renewal,Medium,,2025-07-01,2025-07-01,,,monthly,190,750,750,GBP,paid,2025-07-01T09:54:00
se_007824,co_0858,renewal,Medium,,2025-08-01,2025-08-01,,,monthly,190,750,750,GBP,paid,2025-08-01T17:36:00
se_007825,co_0858,renewal,Medium,,2025-09-01,2025-09-01,,,monthly,190,750,750,GBP,paid,2025-09-01T17:34:00
se_007826,co_0858,renewal,Medium,,2025-10-01,2025-10-01,,,monthly,190,750,750,GBP,paid,2025-10-01T11:50:00
se_007827,co_0858,renewal,Medium,,2025-11-01,2025-11-01,,,monthly,190,750,750,GBP,paid,2025-11-01T09:39:00
se_007828,co_0858,renewal,Medium,,2025-12-01,2025-12-01,,,monthly,190,750,750,GBP,paid,2025-12-01T17:49:00
se_007829,co_0858,renewal,Medium,,2026-01-01,2026-01-01,,,monthly,190,750,750,GBP,paid,2026-01-01T13:12:00
se_007830,co_0858,renewal,Medium,,2026-02-01,2026-02-01,,,monthly,190,750,750,GBP,paid,2026-02-01T08:27:00
se_007831,co_0858,renewal,Medium,,2026-03-18,2026-03-01,,,monthly,190,750,750,GBP,paid,2026-03-01T08:47:00
se_007832,co_0858,renewal,Medium,,2026-04-01,2026-04-01,,,monthly,190,750,750,GBP,paid,2026-04-01T18:26:00
se_007833,co_0858,renewal,Medium ,,2026-05-01,2026-05-01,,,monthly,190,750,750,GBP,paid,2026-05-01T17:35:00
se_007834,co_0858,renewal,Medium,,2026-06-01,2026-06-01,,,monthly,190,750,750,GBP,paid,2026-06-01T14:25:00
se_007835,co_0859,trial_start,Medium,,,,,2024-07-22,annual,212,0,0,GBP,not_applicable,2024-07-15T15:13:00
se_007836,co_0859,converted,Medium,,2024-07-18,2024-07-18,,,annual,212,750,9000,GBP,paid,2024-07-18T16:27:00
se_007837,co_0859,renewal,Medium,,2025-07-18,2025-07-18,,,annual,212,750,9000,GBP,paid,2025-07-18T10:11:00
se_007838,co_0860,trial_start,Small,,,,,2024-11-30,monthly,70,0,0,GBP,not_applicable,2024-11-23T10:13:00
se_007839,co_0861,trial_start,Medium,,,,,2025-04-25,monthly,355,0,0,GBP,not_applicable,2025-04-18T12:37:00
se_007840,co_0862,trial_start,Medium,,,,,2025-08-16,monthly,174,0,0,GBP,not_applicable,2025-08-09T08:32:00
se_007841,co_0862,converted,Medium,,2025-08-13,2025-08-13,,,monthly,174,750,750,GBP,paid,2025-08-13T13:28:00
se_007842,co_0862,renewal,Medium,,2025-09-26,2025-09-13,,,monthly,174,750,750,GBP,paid,2025-09-13T15:52:00
se_007843,co_0862,renewal,Medium,,2025-10-13,2025-10-13,,,monthly,174,750,750,GBP,paid,2025-10-13T12:34:00
se_007844,co_0862,renewal,Medium,,2025-11-13,2025-11-13,,,monthly,174,750,750,GBP,paid,2025-11-13T13:22:00
se_007845,co_0862,renewal,Medium,,2025-12-13,2025-12-13,,,monthly,174,750,750,GBP,paid,2025-12-13T16:24:00
se_007846,co_0862,renewal,Medium,,2026-01-13,2026-01-13,,,monthly,174,750,750,GBP,paid,2026-01-13T12:56:00
se_007847,co_0862,renewal,Medium,,2026-02-13,2026-02-13,,,monthly,174,750,750,GBP,paid,2026-02-13T15:17:00
se_007848,co_0862,renewal,Medium,,2026-03-13,2026-03-13,,,monthly,174,750,750,GBP,paid,2026-03-13T18:54:00
se_007849,co_0862,renewal,Medium,,2026-04-13,2026-04-13,,,monthly,174,750,750,GBP,paid,2026-04-13T15:00:00
se_007850,co_0862,renewal,Medium,,2026-05-13,2026-05-13,,,monthly,174,750,750,GBP,paid,2026-05-13T10:34:00
se_007851,co_0862,renewal,Medium,,,2026-06-13,,,monthly,174,750,750,GBP,paid,2026-06-13T19:51:00
se_007852,co_0863,trial_start,Medium,,,,,2025-03-11,annual,163,0,0,GBP,not_applicable,2025-03-04T13:39:00
se_007853,co_0864,trial_start,Large,,,,,2024-11-03,monthly,1106,0,0,GBP,not_applicable,2024-10-27T14:46:00
se_007854,co_0865,trial_start,Medium,,,,,2023-10-19,monthly,252,0,0,GBP,not_applicable,2023-10-12T15:55:00
se_007855,co_0866,trial_start,Small,,,,,2025-05-03,monthly,47,0,0,GBP,not_applicable,2025-04-26T11:38:00
se_007856,co_0866,converted,Small,,2025-05-03,2025-05-03,,,monthly,47,200,200,GBP,paid,2025-05-03T11:12:00
se_007857,co_0866,renewal,Small,,2025-06-03,2025-06-03,,,monthly,47,200,200,GBP,paid,2025-06-03T12:29:00
se_007858,co_0866,renewal,Small,,2025-07-03,2025-07-03,,,monthly,47,200,200,GBP,paid,2025-07-03T08:02:00
se_007859,co_0866,renewal,Small,,2025-08-18,2025-08-03,,,monthly,47,200,200,GBP,paid,2025-08-03T14:44:00
se_007860,co_0866,renewal,Small,,2025-09-03,2025-09-03,,,monthly,47,200,200,GBP,paid,2025-09-03T10:17:00
se_007861,co_0866,renewal,Small,,2025-10-06,2025-10-03,,,monthly,47,200,200,GBP,paid,2025-10-03T13:18:00
se_007862,co_0866,renewal,Small,,2025-11-03,2025-11-03,,,monthly,47,200,200,GBP,paid,2025-11-03T11:33:00
se_007863,co_0866,renewal,Small,,2025-12-03,2025-12-03,,,monthly,47,200,200,GBP,paid,2025-12-03T17:57:00
se_007864,co_0866,renewal,Small,,,2026-01-03,,,monthly,47,200,200,GBP,paid,2026-01-03T12:13:00
se_007865,co_0866,renewal,Small,,2026-02-03,2026-02-03,,,monthly,47,200,200,GBP,paid,2026-02-03T18:10:00
se_007866,co_0866,renewal,Small,,2026-03-03,2026-03-03,,,monthly,47,200,200,GBP,paid,2026-03-03T19:30:00
se_007867,co_0866,renewal,Small,,2026-04-03,2026-04-03,,,monthly,47,200,200,GBP,paid,2026-04-03T14:04:00
se_007868,co_0866,renewal,Small,,2026-05-03,2026-05-03,,,monthly,47,200,200,GBP,paid,2026-05-03T08:31:00
se_007869,co_0866,renewal,Small,,2026-06-03,2026-06-03,,,monthly,47,200,200,GBP,paid,2026-06-03T14:30:00
se_007870,co_0867,trial_start,Medium,,,,,2024-01-29,monthly,410,0,0,GBP,not_applicable,2024-01-22T18:03:00
se_007871,co_0867,converted,Medium,,2024-01-30,2024-01-30,,,monthly,410,750,750,GBP,paid,2024-01-30T17:28:00
se_007872,co_0867,renewal,Medium,,2024-02-29,2024-02-29,,,monthly,410,750,750,GBP,paid,2024-02-29T19:45:00
se_007873,co_0867,renewal,Medium,,2024-03-29,2024-03-29,,,monthly,410,750,750,GBP,paid,2024-03-29T14:35:00
se_007874,co_0867,renewal,Medium,,2024-04-29,2024-04-29,,,monthly,410,750,750,GBP,paid,2024-04-29T17:45:00
se_007875,co_0867,renewal,Medium,,2024-05-29,2024-05-29,,,monthly,410,750,750,GBP,paid,2024-05-29T19:21:00
se_007876,co_0867,renewal,Medium,,2024-06-29,2024-06-29,,,monthly,410,750,750,GBP,paid,2024-06-29T17:35:00
se_007877,co_0867,renewal,Medium,,2024-07-29,2024-07-29,,,monthly,410,750,750,GBP,paid,2024-07-29T16:16:00
se_007878,co_0867,upgrade,Large,Medium,2024-08-12,2024-08-12,,,monthly,410,1500,1500,GBP,paid,2024-08-12T18:50:00
se_007879,co_0867,renewal,Large,,2024-08-29,2024-08-29,,,monthly,410,1500,1500,GBP,paid,2024-08-29T18:48:00
se_007880,co_0867,renewal,Large,,2024-09-29,2024-09-29,,,monthly,410,1500,1500,GBP,paid,2024-09-29T17:02:00
se_007881,co_0867,renewal,Large,,2024-10-29,2024-10-29,,,monthly,410,1500,1500,GBP,paid,2024-10-29T13:32:00
se_007882,co_0867,renewal,Large,,2024-11-29,2024-11-29,,,monthly,410,1500,1500,GBP,paid,2024-11-29T09:16:00
se_007883,co_0867,renewal,Large,,2024-12-29,2024-12-29,,,monthly,410,1500,1500,GBP,paid,2024-12-29T09:11:00
se_007884,co_0867,renewal,Large,,2025-01-29,2025-01-29,,,monthly,410,1500,1500,GBP,paid,2025-01-29T14:07:00
se_007885,co_0867,renewal,Large,,2025-03-16,2025-02-28,,,monthly,410,1500,1500,GBP,paid,2025-02-28T17:06:00
se_007886,co_0867,renewal,Large,,2025-04-03,2025-03-28,,,monthly,410,1500,1500,GBP,paid,2025-03-28T08:44:00
se_007887,co_0867,renewal,Large,,2025-04-28,2025-04-28,,,monthly,410,1500,1500,GBP,paid,2025-04-28T18:16:00
se_007888,co_0867,renewal,large,,2025-06-17,2025-05-28,,,monthly,410,1500,1500,GBP,paid,2025-05-28T12:10:00
se_007889,co_0867,renewal,Large,,2025-06-28,2025-06-28,,,monthly,410,1500,1500,GBP,paid,2025-06-28T17:55:00
se_007890,co_0867,renewal,Large,,2025-07-28,2025-07-28,,,monthly,410,1500,1500,GBP,paid,2025-07-28T08:08:00
se_007891,co_0867,renewal,Large,,2025-08-28,2025-08-28,,,monthly,410,1500,1500,GBP,paid,2025-08-28T19:32:00
se_007892,co_0867,renewal,Large,,2025-09-28,2025-09-28,,,monthly,410,1500,1500,GBP,paid,2025-09-28T14:19:00
se_007893,co_0867,renewal,Large,,2025-10-28,2025-10-28,,,monthly,410,1500,1500,GBP,paid,2025-10-28T13:49:00
se_007894,co_0867,renewal,Large,,2025-11-28,2025-11-28,,,monthly,410,1500,1500,GBP,paid,2025-11-28T14:40:00
se_007895,co_0867,renewal,Large,,2025-12-28,2025-12-28,,,monthly,410,1500,1500,GBP,paid,2025-12-28T15:51:00
se_007896,co_0867,upgrade,Bespoke,Large,2026-01-07,2026-01-07,,,monthly,410,1500,1500,GBP,paid,2026-01-07T08:48:00
se_007897,co_0867,renewal,Bespoke,,2026-01-28,2026-01-28,,,monthly,410,1500,1500,GBP,paid,2026-01-28T18:03:00
se_007898,co_0867,renewal,Bespoke,,2026-03-05,2026-02-28,,,monthly,410,1500,1500,GBP,paid,2026-02-28T08:12:00
se_007899,co_0867,renewal,Bespoke,,2026-03-28,2026-03-28,,,monthly,410,1500,1500,GBP,paid,2026-03-28T16:15:00
se_007900,co_0867,renewal,Bespoke,,2026-05-02,2026-04-28,,,monthly,410,1500,1500,GBP,paid,2026-04-28T10:01:00
se_007901,co_0867,renewal,Bespoke,,2026-05-28,2026-05-28,,,monthly,410,1500,1500,GBP,paid,2026-05-28T16:06:00
se_007902,co_0867,renewal,Bespoke,,2026-06-28,2026-06-28,,,monthly,410,1500,1500,GBP,paid,2026-06-28T08:43:00
se_007903,co_0868,trial_start,Medium,,,,,2023-08-22,monthly,204,0,0,GBP,not_applicable,2023-08-15T19:34:00
se_007904,co_0868,converted,Medium,,2023-08-19,2023-08-19,,,monthly,204,750,750,GBP,paid,2023-08-19T17:17:00
se_007905,co_0868,renewal,Medium,,2023-09-19,2023-09-19,,,monthly,204,750,750,GBP,paid,2023-09-19T17:54:00
se_007906,co_0868,renewal,Medium,,2023-10-19,2023-10-19,,,monthly,204,750,750,GBP,paid,2023-10-19T11:27:00
se_007907,co_0868,renewal,Medium,,2023-11-19,2023-11-19,,,monthly,204,750,750,GBP,paid,2023-11-19T17:30:00
se_007908,co_0868,renewal,Medium,,,2023-12-19,,,monthly,204,750,750,GBP,paid,2023-12-19T17:11:00
se_007909,co_0868,renewal,Medium,,2024-01-19,2024-01-19,,,monthly,204,750,750,GBP,paid,2024-01-19T08:04:00
se_007910,co_0868,renewal,Medium,,2024-02-19,2024-02-19,,,monthly,204,750,750,GBP,paid,2024-02-19T14:36:00
se_007911,co_0868,renewal,Medium,,2024-03-19,2024-03-19,,,monthly,204,750,750,GBP,paid,2024-03-19T19:46:00
se_007912,co_0868,renewal,Medium,,2024-05-10,2024-04-19,,,monthly,204,750,750,GBP,paid,2024-04-19T18:32:00
se_007913,co_0868,renewal,Medium,,2024-06-07,2024-05-19,,,monthly,204,750,750,GBP,paid,2024-05-19T11:57:00
se_007914,co_0868,renewal,Medium,,2024-06-19,2024-06-19,,,monthly,204,750,750,GBP,paid,2024-06-19T12:23:00
se_007915,co_0868,renewal,Medium,,2024-07-19,2024-07-19,,,monthly,204,750,750,GBP,paid,2024-07-19T18:52:00
se_007916,co_0868,renewal,Medium,,2024-08-19,2024-08-19,,,monthly,204,750,750,GBP,paid,2024-08-19T12:38:00
se_007917,co_0868,renewal,Medium,,2024-09-19,2024-09-19,,,monthly,204,750,750,GBP,paid,2024-09-19T09:31:00
se_007918,co_0868,renewal,Medium,,2024-10-19,2024-10-19,,,monthly,204,750,750,GBP,paid,2024-10-19T14:04:00
se_007919,co_0868,renewal,Medium,,2024-11-19,2024-11-19,,,monthly,204,750,750,GBP,paid,2024-11-19T14:21:00
se_007920,co_0868,renewal,Medium,,2024-12-19,2024-12-19,,,monthly,204,750,750,GBP,paid,2024-12-19T18:15:00
se_007921,co_0868,renewal,Medium,,2025-01-19,2025-01-19,,,monthly,204,750,750,GBP,paid,2025-01-19T15:02:00
se_007922,co_0868,renewal,Medium,,2025-02-19,2025-02-19,,,monthly,204,750,750,GBP,paid,2025-02-19T10:38:00
se_007923,co_0868,renewal,Medium,,2025-03-19,2025-03-19,,,monthly,204,750,750,GBP,paid,2025-03-19T17:17:00
se_007924,co_0868,renewal,Medium,,,2025-04-19,,,monthly,204,750,750,GBP,paid,2025-04-19T16:44:00
se_007925,co_0868,renewal,Medium,,2025-05-19,2025-05-19,,,monthly,204,750,750,GBP,paid,2025-05-19T14:39:00
se_007926,co_0868,renewal,Medium,,,2025-06-19,,,monthly,204,750,750,GBP,paid,2025-06-19T19:27:00
se_007927,co_0868,renewal,Medium,,2025-07-19,2025-07-19,,,monthly,204,750,750,GBP,paid,2025-07-19T11:49:00
se_007928,co_0868,renewal,Medium,,2025-08-19,2025-08-19,,,monthly,204,750,750,GBP,paid,2025-08-19T13:41:00
se_007929,co_0868,renewal,Medium,,2025-09-19,2025-09-19,,,monthly,204,750,750,GBP,paid,2025-09-19T13:55:00
se_007930,co_0868,renewal,Medium,,2025-10-19,2025-10-19,,,monthly,204,750,750,GBP,paid,2025-10-19T16:38:00
se_007931,co_0868,renewal,Medium,,2025-11-19,2025-11-19,,,monthly,204,750,750,GBP,paid,2025-11-19T18:10:00
se_007932,co_0868,renewal,Medium,,2025-12-19,2025-12-19,,,monthly,204,750,750,GBP,paid,2025-12-19T14:28:00
se_007933,co_0868,renewal,Medium,,2026-01-19,2026-01-19,,,monthly,204,750,750,GBP,paid,2026-01-19T09:25:00
se_007934,co_0868,renewal,Medium,,2026-02-19,2026-02-19,,,monthly,204,750,750,GBP,paid,2026-02-19T08:15:00
se_007935,co_0868,renewal,Medium,,2026-03-28,2026-03-19,,,monthly,204,750,750,GBP,paid,2026-03-19T19:27:00
se_007936,co_0868,renewal,Medium,,2026-04-19,2026-04-19,,,monthly,204,750,750,GBP,paid,2026-04-19T15:24:00
se_007937,co_0868,renewal,Medium,,2026-05-19,2026-05-19,,,monthly,204,750,750,GBP,paid,2026-05-19T19:05:00
se_007938,co_0868,renewal,Medium,,2026-06-19,2026-06-19,,,monthly,204,750,750,GBP,paid,2026-06-19T12:10:00
se_007939,co_0869,trial_start,Medium,,,,,2025-10-28,monthly,110,0,0,GBP,not_applicable,2025-10-21T10:15:00
se_007940,co_0870,trial_start,Small,,,,,2023-10-24,annual,87,0,0,GBP,not_applicable,2023-10-17T09:04:00
se_007941,co_0870,converted,Small,,2023-10-26,2023-10-26,,,annual,87,200,2400,GBP,paid,2023-10-26T19:42:00
se_007942,co_0870,renewal,Small,,2024-10-26,2024-10-26,,,annual,87,200,2400,GBP,paid,2024-10-26T15:39:00
se_007943,co_0870,renewal,Small,,2025-10-26,2025-10-26,,,annual,87,200,2400,GBP,paid,2025-10-26T14:08:00
se_007944,co_0871,trial_start,Small,,,,,2025-02-08,monthly,43,0,0,GBP,not_applicable,2025-02-01T09:31:00
se_007945,co_0872,trial_start,Medium,,,,,2025-12-11,monthly,324,0,0,GBP,not_applicable,2025-12-04T12:16:00
se_007946,co_0872,converted,Medium,,2025-12-12,2025-12-12,,,monthly,324,750,750,GBP,paid,2025-12-12T13:41:00
se_007947,co_0872,renewal,Medium,,2026-01-12,2026-01-12,,,monthly,324,750,750,GBP,paid,2026-01-12T08:55:00
se_007948,co_0872,renewal,Medium,,2026-02-12,2026-02-12,,,monthly,324,750,750,GBP,paid,2026-02-12T14:38:00
se_007949,co_0872,renewal,Medium,,2026-03-12,2026-03-12,,,monthly,324,750,750,GBP,paid,2026-03-12T08:01:00
se_007950,co_0872,renewal,Medium,,2026-04-15,2026-04-12,,,monthly,324,750,750,GBP,paid,2026-04-12T09:44:00
se_007951,co_0872,renewal,Medium,,2026-05-12,2026-05-12,,,monthly,324,750,750,GBP,paid,2026-05-12T14:25:00
se_007952,co_0872,renewal,Medium,,2026-06-12,2026-06-12,,,monthly,324,750,750,GBP,paid,2026-06-12T08:44:00
se_007953,co_0873,trial_start,Medium ,,,,,2024-12-06,monthly,111,0,0,GBP,not_applicable,2024-11-29T17:16:00
se_007954,co_0873,converted,Medium,,2024-12-08,2024-12-08,,,monthly,111,750,750,GBP,paid,2024-12-08T10:43:00
se_007955,co_0873,renewal,Medium,,2025-01-08,2025-01-08,,,monthly,111,750,750,GBP,paid,2025-01-08T12:12:00
se_007956,co_0873,renewal,Medium,,2025-02-08,2025-02-08,,,monthly,111,750,750,GBP,paid,2025-02-08T15:51:00
se_007957,co_0873,renewal,Medium,,2025-03-08,2025-03-08,,,monthly,111,750,750,GBP,paid,2025-03-08T11:52:00
se_007958,co_0873,renewal,Medium,,2025-04-08,2025-04-08,,,monthly,111,750,750,GBP,paid,2025-04-08T12:48:00
se_007959,co_0873,renewal,Medium,,2025-05-08,2025-05-08,,,monthly,111,750,750,GBP,paid,2025-05-08T10:31:00
se_007960,co_0873,renewal,Medium,,2025-06-08,2025-06-08,,,monthly,111,750,750,GBP,paid,2025-06-08T16:19:00
se_007961,co_0873,renewal,Medium,,2025-07-08,2025-07-08,,,monthly,111,750,750,GBP,paid,2025-07-08T13:37:00
se_007962,co_0873,renewal,Medium,,2025-08-08,2025-08-08,,,monthly,111,750,750,GBP,paid,2025-08-08T17:19:00
se_007963,co_0873,renewal,Medium,,2025-09-08,2025-09-08,,,monthly,111,750,750,GBP,paid,2025-09-08T10:35:00
se_007964,co_0873,renewal,Medium,,2025-10-08,2025-10-08,,,monthly,111,750,750,GBP,paid,2025-10-08T08:52:00
se_007965,co_0873,renewal,Medium,,2025-11-08,2025-11-08,,,monthly,111,750,750,GBP,paid,2025-11-08T10:30:00
se_007966,co_0873,renewal,Medium,,2025-12-28,2025-12-08,,,monthly,111,750,750,GBP,paid,2025-12-08T19:26:00
se_007967,co_0873,renewal,Medium,,2026-01-08,2026-01-08,,,monthly,111,750,750,GBP,paid,2026-01-08T12:19:00
se_007968,co_0873,renewal,Medium,,2026-02-08,2026-02-08,,,monthly,111,750,750,GBP,paid,2026-02-08T10:54:00
se_007969,co_0873,renewal,Medium,,2026-03-08,2026-03-08,,,monthly,111,750,750,GBP,paid,2026-03-08T12:00:00
se_007970,co_0873,renewal,Medium,,2026-04-29,2026-04-08,,,monthly,111,750,750,GBP,paid,2026-04-08T09:34:00
se_007971,co_0873,renewal,Medium,,2026-05-08,2026-05-08,,,monthly,111,750,750,GBP,paid,2026-05-08T19:38:00
se_007972,co_0873,renewal,Medium,,2026-06-08,2026-06-08,,,monthly,111,750,750,GBP,paid,2026-06-08T17:00:00
se_007973,co_0874,trial_start,Small,,,,,2024-07-04,annual,37,0,0,GBP,not_applicable,2024-06-27T16:48:00
se_007974,co_0874,converted,Small,,2024-07-02,2024-07-02,,,annual,37,200,2400,GBP,paid,2024-07-02T19:23:00
se_007975,co_0874,renewal,Small,,2025-07-02,2025-07-02,,,annual,37,200,2400,GBP,paid,2025-07-02T10:46:00
se_007976,co_0874,cancellation_scheduled,small,,,2025-11-04,,,annual,37,200,2400,GBP,not_applicable,2025-11-04T19:42:00
se_007977,co_0874,voluntary_churn,Small,,,2025-12-05,2025-12-05,,annual,37,200,0,GBP,not_applicable,2025-12-05T13:54:00
se_007978,co_0875,trial_start,Medium,,,,,2024-05-09,annual,175,0,0,GBP,not_applicable,2024-05-02T11:58:00
se_007979,co_0876,trial_start,Small,,,,,2025-09-20,annual,71,0,0,GBP,not_applicable,2025-09-13T16:59:00
se_007980,co_0877,trial_start,Small,,,,,2025-11-07,monthly,105,0,0,GBP,not_applicable,2025-10-31T12:44:00
se_007981,co_0877,converted,Small,,2025-11-10,2025-11-10,,,monthly,105,200,200,GBP,paid,2025-11-10T08:54:00
se_007982,co_0877,renewal,Small,,2025-12-10,2025-12-10,,,monthly,105,200,200,GBP,paid,2025-12-10T12:25:00
se_007983,co_0877,renewal,Small,,2026-01-10,2026-01-10,,,monthly,105,200,200,GBP,paid,2026-01-10T17:35:00
se_007984,co_0877,renewal,Small,,2026-02-10,2026-02-10,,,monthly,105,200,200,GBP,paid,2026-02-10T18:27:00
se_007985,co_0877,renewal,Small,,2026-03-10,2026-03-10,,,monthly,105,200,200,GBP,paid,2026-03-10T10:52:00
se_007986,co_0877,renewal,Small,,2026-04-10,2026-04-10,,,monthly,105,200,200,GBP,paid,2026-04-10T16:15:00
se_007987,co_0877,renewal,Small,,2026-05-10,2026-05-10,,,monthly,105,200,200,GBP,paid,2026-05-10T10:48:00
se_007988,co_0877,renewal,Small,,2026-06-10,2026-06-10,,,monthly,105,200,200,GBP,paid,2026-06-10T08:16:00
se_007989,co_0878,trial_start,Small,,,,,2023-09-16,monthly,41,0,0,GBP,not_applicable,2023-09-09T16:34:00
se_007990,co_0878,converted,Small,,2023-09-15,2023-09-15,,,monthly,41,200,200,GBP,paid,2023-09-15T12:48:00
se_007991,co_0878,renewal,Small,,2023-10-15,2023-10-15,,,monthly,41,200,200,GBP,paid,2023-10-15T10:32:00
se_007992,co_0878,renewal,Small,,2023-11-15,2023-11-15,,,monthly,41,200,200,GBP,paid,2023-11-15T13:11:00
se_007993,co_0878,renewal,Small,,2023-12-15,2023-12-15,,,monthly,41,200,200,GBP,paid,2023-12-15T12:02:00
se_007994,co_0878,renewal,Small,,2024-01-15,2024-01-15,,,monthly,41,200,200,GBP,paid,2024-01-15T13:24:00
se_007995,co_0878,renewal,Small,,,2024-02-15,,,monthly,41,200,200,GBP,paid,2024-02-15T19:03:00
se_007996,co_0878,renewal,Small,,2024-03-15,2024-03-15,,,monthly,41,200,200,GBP,paid,2024-03-15T15:41:00
se_007997,co_0878,renewal,Small,,2024-04-15,2024-04-15,,,monthly,41,200,200,GBP,paid,2024-04-15T11:41:00
se_007998,co_0878,renewal,Small,,2024-05-15,2024-05-15,,,monthly,41,200,200,GBP,paid,2024-05-15T10:16:00
se_007999,co_0878,renewal,Small,,2024-06-15,2024-06-15,,,monthly,41,200,200,GBP,paid,2024-06-15T12:44:00
se_008000,co_0878,renewal,Small,,2024-07-15,2024-07-15,,,monthly,41,200,200,GBP,paid,2024-07-15T11:06:00
se_008001,co_0878,renewal,Small,,2024-08-15,2024-08-15,,,monthly,41,200,200,GBP,paid,2024-08-15T13:01:00
se_008002,co_0878,renewal,Small,,2024-09-15,2024-09-15,,,monthly,41,200,200,GBP,paid,2024-09-15T13:51:00
se_008003,co_0878,renewal,Small,,2024-10-15,2024-10-15,,,monthly,41,200,200,GBP,paid,2024-10-15T12:33:00
se_008004,co_0878,renewal,Small,,2024-11-15,2024-11-15,,,monthly,41,200,200,GBP,paid,2024-11-15T19:44:00
se_008005,co_0878,renewal,Small,,2024-12-15,2024-12-15,,,monthly,41,200,200,GBP,paid,2024-12-15T19:36:00
se_008006,co_0878,renewal,Small,,,2025-01-15,,,monthly,41,200,200,GBP,paid,2025-01-15T16:02:00
se_008007,co_0878,renewal,Small,,2025-02-15,2025-02-15,,,monthly,41,200,200,GBP,paid,2025-02-15T09:31:00
se_008008,co_0878,renewal,Small,,2025-03-15,2025-03-15,,,monthly,41,200,200,GBP,paid,2025-03-15T09:08:00
se_008009,co_0878,renewal,Small,,2025-04-15,2025-04-15,,,monthly,41,200,200,GBP,paid,2025-04-15T08:14:00
se_008010,co_0878,renewal,Small,,2025-06-05,2025-05-15,,,monthly,41,200,200,GBP,paid,2025-05-15T17:48:00
se_008011,co_0878,renewal,Small,,2025-06-15,2025-06-15,,,monthly,41,200,200,GBP,paid,2025-06-15T18:04:00
se_008012,co_0878,renewal,Small,,2025-07-15,2025-07-15,,,monthly,41,200,200,GBP,paid,2025-07-15T17:34:00
se_008013,co_0878,renewal,Small,,2025-08-15,2025-08-15,,,monthly,41,200,200,GBP,paid,2025-08-15T11:31:00
se_008014,co_0878,renewal,Small,,2025-09-15,2025-09-15,,,monthly,41,200,200,GBP,paid,2025-09-15T12:49:00
se_008015,co_0878,renewal,Small,,2025-10-15,2025-10-15,,,monthly,41,200,200,GBP,paid,2025-10-15T13:48:00
se_008016,co_0878,renewal,Small,,2025-11-15,2025-11-15,,,monthly,41,200,200,GBP,paid,2025-11-15T09:56:00
se_008017,co_0878,renewal,Small,,2025-12-15,2025-12-15,,,monthly,41,200,200,GBP,paid,2025-12-15T19:56:00
se_008018,co_0878,renewal,Small,,2026-01-15,2026-01-15,,,monthly,41,200,200,GBP,paid,2026-01-15T19:29:00
se_008019,co_0878,renewal,Small,,2026-02-15,2026-02-15,,,monthly,41,200,200,GBP,paid,2026-02-15T18:18:00
se_008020,co_0878,renewal,Small,,2026-03-15,2026-03-15,,,monthly,41,200,200,GBP,paid,2026-03-15T18:30:00
se_008021,co_0878,renewal,Small,,2026-04-15,2026-04-15,,,monthly,41,200,200,GBP,paid,2026-04-15T09:50:00
se_008022,co_0878,renewal,Small,,2026-05-15,2026-05-15,,,monthly,41,200,200,GBP,paid,2026-05-15T18:35:00
se_008023,co_0878,renewal,Small,,2026-06-15,2026-06-15,,,monthly,41,200,200,GBP,paid,2026-06-15T15:51:00
se_008024,co_0879,trial_start,Large,,,,,2026-03-14,monthly,739,0,0,GBP,not_applicable,2026-03-07T18:34:00
se_008025,co_0879,converted,Large,,2026-03-12,2026-03-12,,,monthly,739,1500,1500,GBP,paid,2026-03-12T10:56:00
se_008026,co_0879,renewal,Large,,2026-04-12,2026-04-12,,,monthly,739,1500,1500,GBP,paid,2026-04-12T14:29:00
se_008027,co_0879,renewal,Large,,2026-05-12,2026-05-12,,,monthly,739,1500,1500,GBP,paid,2026-05-12T19:11:00
se_008028,co_0879,renewal,Large,,2026-06-17,2026-06-12,,,monthly,739,1500,1500,GBP,paid,2026-06-12T17:37:00
se_008029,co_0880,trial_start,Small,,,,,2024-08-22,monthly,82,0,0,GBP,not_applicable,2024-08-15T09:49:00
se_008030,co_0880,converted,Small,,2024-08-19,2024-08-19,,,monthly,82,200,200,GBP,paid,2024-08-19T10:13:00
se_008031,co_0880,renewal,Small,,2024-09-19,2024-09-19,,,monthly,82,200,200,GBP,paid,2024-09-19T17:11:00
se_008032,co_0880,renewal,Small,,2024-10-19,2024-10-19,,,monthly,82,200,200,GBP,paid,2024-10-19T11:15:00
se_008033,co_0880,renewal,SMALL,,2024-11-19,2024-11-19,,,monthly,82,200,200,GBP,paid,2024-11-19T15:28:00
se_008034,co_0880,renewal,Small,,2024-12-19,2024-12-19,,,monthly,82,200,200,GBP,paid,2024-12-19T11:01:00
se_008035,co_0880,renewal,Small,,2025-01-19,2025-01-19,,,monthly,82,200,200,GBP,paid,2025-01-19T10:35:00
se_008036,co_0880,renewal,Small,,2025-02-19,2025-02-19,,,monthly,82,200,200,GBP,paid,2025-02-19T13:13:00
se_008037,co_0880,renewal,Small,,2025-03-19,2025-03-19,,,monthly,82,200,200,GBP,paid,2025-03-19T17:03:00
se_008038,co_0880,renewal,Small,,2025-04-19,2025-04-19,,,monthly,82,200,200,GBP,paid,2025-04-19T13:02:00
se_008039,co_0880,renewal,SMALL,,2025-06-09,2025-05-19,,,monthly,82,200,200,GBP,paid,2025-05-19T18:59:00
se_008040,co_0880,renewal,Small,,2025-06-19,2025-06-19,,,monthly,82,200,200,GBP,paid,2025-06-19T08:55:00
se_008041,co_0880,renewal,SMALL,,2025-07-19,2025-07-19,,,monthly,82,200,200,GBP,paid,2025-07-19T10:43:00
se_008042,co_0880,renewal,Small,,2025-08-25,2025-08-19,,,monthly,82,200,200,GBP,paid,2025-08-19T17:39:00
se_008043,co_0880,upgrade,Medium,Small,2025-09-02,2025-09-02,,,monthly,82,750,750,GBP,paid,2025-09-02T17:21:00
se_008044,co_0880,renewal,Medium,,2025-09-19,2025-09-19,,,monthly,82,750,750,GBP,paid,2025-09-19T16:29:00
se_008045,co_0880,renewal,Medium,,2025-10-19,2025-10-19,,,monthly,82,750,750,GBP,paid,2025-10-19T13:10:00
se_008046,co_0880,renewal,Medium,,2025-11-19,2025-11-19,,,monthly,82,750,750,GBP,paid,2025-11-19T13:01:00
se_008047,co_0880,renewal,Medium,,2025-12-19,2025-12-19,,,monthly,82,750,750,GBP,paid,2025-12-19T18:34:00
se_008048,co_0880,renewal,Medium,,2026-01-19,2026-01-19,,,monthly,82,750,750,GBP,paid,2026-01-19T12:08:00
se_008049,co_0880,renewal,Medium,,2026-02-19,2026-02-19,,,monthly,82,750,750,GBP,paid,2026-02-19T09:05:00
se_008050,co_0880,renewal,Medium,,2026-03-19,2026-03-19,,,monthly,82,750,750,GBP,paid,2026-03-19T14:32:00
se_008051,co_0880,renewal,Medium,,2026-04-19,2026-04-19,,,monthly,82,750,750,GBP,paid,2026-04-19T14:33:00
se_008052,co_0880,renewal,Medium,,2026-05-19,2026-05-19,,,monthly,82,750,750,GBP,paid,2026-05-19T12:53:00
se_008053,co_0880,renewal,Medium,,2026-06-19,2026-06-19,,,monthly,82,750,750,GBP,paid,2026-06-19T17:01:00
se_008054,co_0881,trial_start,Small,,,,,2025-05-19,monthly,103,0,0,GBP,not_applicable,2025-05-12T12:18:00
se_008055,co_0882,trial_start,Small,,,,,2026-04-23,annual,109,0,0,GBP,not_applicable,2026-04-16T09:19:00
se_008056,co_0882,converted,Small,,2026-04-24,2026-04-24,,,annual,109,200,2400,GBP,paid,2026-04-24T08:57:00
se_008057,co_0883,trial_start,Small,,,,,2024-11-22,monthly,125,0,0,GBP,not_applicable,2024-11-15T14:24:00
se_008058,co_0884,trial_start,Small,,,,,2023-08-28,annual,60,0,0,GBP,not_applicable,2023-08-21T12:03:00
se_008059,co_0885,trial_start,Medium,,,,,2023-11-14,monthly,258,0,0,GBP,not_applicable,2023-11-07T16:50:00
se_008060,co_0885,converted,Medium,,2023-11-12,2023-11-12,,,monthly,258,750,750,GBP,paid,2023-11-12T19:42:00
se_008061,co_0885,renewal,Medium,,2023-12-12,2023-12-12,,,monthly,258,750,750,GBP,paid,2023-12-12T10:23:00
se_008062,co_0885,renewal,Medium,,2024-01-12,2024-01-12,,,monthly,258,750,750,GBP,paid,2024-01-12T11:57:00
se_008063,co_0885,renewal,Medium,,2024-02-16,2024-02-12,,,monthly,258,750,750,GBP,paid,2024-02-12T12:25:00
se_008064,co_0885,renewal,Medium,,2024-03-12,2024-03-12,,,monthly,258,750,750,GBP,paid,2024-03-12T14:04:00
se_008065,co_0885,renewal,Medium,,2024-04-12,2024-04-12,,,monthly,258,750,750,GBP,paid,2024-04-12T18:29:00
se_008066,co_0885,renewal,Medium,,2024-05-12,2024-05-12,,,monthly,258,750,750,GBP,paid,2024-05-12T13:01:00
se_008067,co_0885,renewal,Medium,,2024-06-12,2024-06-12,,,monthly,258,750,750,GBP,paid,2024-06-12T19:56:00
se_008068,co_0885,renewal,Medium,,2024-07-12,2024-07-12,,,monthly,258,750,750,GBP,paid,2024-07-12T08:44:00
se_008069,co_0885,renewal,Medium,,2024-08-21,2024-08-12,,,monthly,258,750,750,GBP,paid,2024-08-12T15:17:00
se_008070,co_0885,renewal,Medium,,2024-09-12,2024-09-12,,,monthly,258,750,750,GBP,paid,2024-09-12T12:16:00
se_008071,co_0885,renewal,Medium,,2024-10-12,2024-10-12,,,monthly,258,750,750,GBP,paid,2024-10-12T19:07:00
se_008072,co_0885,renewal,Medium,,2024-11-16,2024-11-12,,,monthly,258,750,750,GBP,paid,2024-11-12T19:38:00
se_008073,co_0885,renewal,Medium,,2024-12-12,2024-12-12,,,monthly,258,750,750,GBP,paid,2024-12-12T18:04:00
se_008074,co_0885,renewal,Medium,,2025-01-12,2025-01-12,,,monthly,258,750,750,GBP,paid,2025-01-12T08:08:00
se_008075,co_0885,renewal,Medium,,2025-02-12,2025-02-12,,,monthly,258,750,750,GBP,paid,2025-02-12T18:00:00
se_008076,co_0885,renewal,Medium,,2025-03-12,2025-03-12,,,monthly,258,750,750,GBP,paid,2025-03-12T19:02:00
se_008077,co_0885,renewal,Medium,,2025-04-12,2025-04-12,,,monthly,258,750,750,GBP,paid,2025-04-12T09:26:00
se_008078,co_0885,renewal,Medium,,2025-05-12,2025-05-12,,,monthly,258,750,750,GBP,paid,2025-05-12T12:11:00
se_008079,co_0885,renewal,MEDIUM,,,2025-06-12,,,monthly,258,750,750,GBP,paid,2025-06-12T17:59:00
se_008080,co_0885,renewal,Medium,,2025-07-12,2025-07-12,,,monthly,258,750,750,GBP,paid,2025-07-12T12:10:00
se_008081,co_0885,renewal,Medium,,2025-08-12,2025-08-12,,,monthly,258,750,750,GBP,paid,2025-08-12T13:05:00
se_008082,co_0885,renewal,Medium,,2025-09-12,2025-09-12,,,monthly,258,750,750,GBP,paid,2025-09-12T11:51:00
se_008083,co_0885,renewal,Medium,,2025-10-12,2025-10-12,,,monthly,258,750,750,GBP,paid,2025-10-12T18:12:00
se_008084,co_0885,renewal,Medium,,2025-11-12,2025-11-12,,,monthly,258,750,750,GBP,paid,2025-11-12T13:10:00
se_008085,co_0885,renewal,Medium,,2025-12-21,2025-12-12,,,monthly,258,750,750,GBP,paid,2025-12-12T19:17:00
se_008086,co_0885,renewal,Medium,,2026-01-12,2026-01-12,,,monthly,258,750,750,GBP,paid,2026-01-12T18:36:00
se_008087,co_0885,renewal,Medium,,2026-02-12,2026-02-12,,,monthly,258,750,750,GBP,paid,2026-02-12T09:48:00
se_008088,co_0885,renewal,Medium,,2026-03-12,2026-03-12,,,monthly,258,750,750,GBP,paid,2026-03-12T16:10:00
se_008089,co_0885,renewal,Medium,,2026-04-12,2026-04-12,,,monthly,258,750,750,GBP,paid,2026-04-12T19:26:00
se_008090,co_0885,renewal,Medium,,2026-05-12,2026-05-12,,,monthly,258,750,750,GBP,paid,2026-05-12T15:37:00
se_008091,co_0885,renewal,MEDIUM,,2026-06-12,2026-06-12,,,monthly,258,750,750,GBP,paid,2026-06-12T19:20:00
se_008092,co_0886,trial_start,Small,,,,,2024-10-21,monthly,34,0,0,GBP,not_applicable,2024-10-14T09:59:00
se_008093,co_0886,converted,Small,,2024-10-17,2024-10-17,,,monthly,34,200,200,GBP,paid,2024-10-17T10:52:00
se_008094,co_0886,renewal,Small,,2024-11-17,2024-11-17,,,monthly,34,200,200,GBP,paid,2024-11-17T18:09:00
se_008095,co_0886,renewal,Small,,2024-12-17,2024-12-17,,,monthly,34,200,200,GBP,paid,2024-12-17T14:40:00
se_008096,co_0886,renewal,Small,,2025-01-17,2025-01-17,,,monthly,34,200,200,GBP,paid,2025-01-17T08:14:00
se_008097,co_0886,renewal,Small,,2025-02-17,2025-02-17,,,monthly,34,200,200,GBP,paid,2025-02-17T08:00:00
se_008098,co_0886,renewal,Small,,2025-03-17,2025-03-17,,,monthly,34,200,200,GBP,paid,2025-03-17T09:11:00
se_008099,co_0886,renewal,Small,,2025-04-17,2025-04-17,,,monthly,34,200,200,GBP,paid,2025-04-17T08:38:00
se_008100,co_0886,renewal,Small,,2025-05-17,2025-05-17,,,monthly,34,200,200,GBP,paid,2025-05-17T18:54:00
se_008101,co_0886,renewal,Small,,2025-06-17,2025-06-17,,,monthly,34,200,200,GBP,paid,2025-06-17T13:07:00
se_008102,co_0886,renewal,Small,,2025-07-17,2025-07-17,,,monthly,34,200,200,GBP,paid,2025-07-17T15:09:00
se_008103,co_0886,renewal,Small,,2025-08-17,2025-08-17,,,monthly,34,200,200,GBP,paid,2025-08-17T16:58:00
se_008104,co_0886,renewal,Small,,2025-09-17,2025-09-17,,,monthly,34,200,200,GBP,paid,2025-09-17T08:24:00
se_008105,co_0886,renewal,Small,,2025-10-17,2025-10-17,,,monthly,34,200,200,GBP,paid,2025-10-17T16:02:00
se_008106,co_0886,renewal,Small,,2025-11-23,2025-11-17,,,monthly,34,200,200,GBP,paid,2025-11-17T16:42:00
se_008107,co_0886,renewal,Small,,2025-12-17,2025-12-17,,,monthly,34,200,200,GBP,paid,2025-12-17T16:15:00
se_008108,co_0886,renewal,Small,,2026-01-17,2026-01-17,,,monthly,34,200,200,GBP,paid,2026-01-17T09:48:00
se_008109,co_0886,renewal,Small,,2026-02-17,2026-02-17,,,monthly,34,200,200,GBP,paid,2026-02-17T18:01:00
se_008110,co_0886,renewal,Small,,2026-03-17,2026-03-17,,,monthly,34,200,200,GBP,paid,2026-03-17T17:16:00
se_008111,co_0886,renewal,Small,,2026-04-17,2026-04-17,,,monthly,34,200,200,GBP,paid,2026-04-17T19:35:00
se_008112,co_0886,renewal,Small,,2026-05-17,2026-05-17,,,monthly,34,200,200,GBP,paid,2026-05-17T14:49:00
se_008113,co_0886,renewal,Small,,2026-06-17,2026-06-17,,,monthly,34,200,200,GBP,paid,2026-06-17T15:32:00
se_008114,co_0887,trial_start,Small,,,,,2023-07-31,annual,79,0,0,EUR,not_applicable,2023-07-24T15:21:00
se_008115,co_0888,trial_start,Medium,,,,,2025-01-17,monthly,390,0,0,GBP,not_applicable,2025-01-10T17:06:00
se_008116,co_0889,trial_start,Medium,,,,,2023-09-11,annual,131,0,0,GBP,not_applicable,2023-09-04T10:32:00
se_008117,co_0890,trial_start,Small,,,,,2024-08-20,annual,68,0,0,GBP,not_applicable,2024-08-13T19:05:00
se_008118,co_0890,converted,Small,,2024-08-22,2024-08-22,,,annual,68,200,2400,GBP,paid,2024-08-22T09:46:00
se_008119,co_0890,renewal,Small,,2025-08-22,2025-08-22,,,annual,68,200,2400,GBP,paid,2025-08-22T14:23:00
se_008120,co_0891,trial_start,Small,,,,,2025-12-11,monthly,119,0,0,GBP,not_applicable,2025-12-04T18:38:00
se_008121,co_0892,trial_start,Medium,,,,,2026-01-03,monthly,230,0,0,GBP,not_applicable,2025-12-27T09:46:00
se_008122,co_0893,trial_start,Medium,,,,,2023-07-28,annual,122,0,0,GBP,not_applicable,2023-07-21T14:20:00
se_008123,co_0893,converted,Medium ,,2023-07-25,2023-07-25,,,annual,122,750,9000,GBP,paid,2023-07-25T09:35:00
se_008124,co_0893,renewal,Medium,,2024-07-25,2024-07-25,,,annual,122,750,9000,GBP,paid,2024-07-25T11:28:00
se_008125,co_0893,renewal,Medium,,2025-07-25,2025-07-25,,,annual,122,750,9000,GBP,paid,2025-07-25T12:21:00
se_008126,co_0894,trial_start,Medium,,,,,2026-05-15,monthly,258,0,0,GBP,not_applicable,2026-05-08T13:27:00
se_008127,co_0895,trial_start,Large,,,,,2026-04-01,annual,710,0,0,GBP,not_applicable,2026-03-25T19:24:00
se_008128,co_0895,converted,Large,,2026-04-03,2026-04-03,,,annual,710,1500,18000,GBP,paid,2026-04-03T11:36:00
se_008129,co_0896,trial_start,Medium,,,,,2025-06-26,annual,196,0,0,GBP,not_applicable,2025-06-19T08:22:00
se_008130,co_0897,trial_start,Medium,,,,,2026-03-23,annual,184,0,0,GBP,not_applicable,2026-03-16T18:07:00
se_008131,co_0897,converted,Medium,,2026-03-26,2026-03-26,,,annual,184,750,9000,GBP,paid,2026-03-26T09:12:00
se_008132,co_0898,trial_start,Small,,,,,2024-09-24,monthly,106,0,0,GBP,not_applicable,2024-09-17T13:49:00
se_008133,co_0898,converted,Small,,2024-09-26,2024-09-26,,,monthly,106,200,200,GBP,paid,2024-09-26T09:55:00
se_008134,co_0898,renewal,Small,,2024-10-26,2024-10-26,,,monthly,106,200,200,GBP,paid,2024-10-26T09:49:00
se_008135,co_0898,payment_failed,Small,,2024-11-26,2024-11-26,,,monthly,106,200,200,GBP,failed,2024-11-26T13:56:00
se_008136,co_0898,payment_recovered,Small,,2024-12-02,2024-12-02,,,monthly,106,200,200,GBP,paid,2024-12-02T13:54:00
se_008137,co_0898,renewal,Small,,2024-12-26,2024-12-26,,,monthly,106,200,200,GBP,paid,2024-12-26T11:01:00
se_008138,co_0898,renewal,Small,,2025-01-26,2025-01-26,,,monthly,106,200,200,GBP,paid,2025-01-26T13:14:00
se_008139,co_0898,renewal,Small,,2025-02-26,2025-02-26,,,monthly,106,200,200,GBP,paid,2025-02-26T19:08:00
se_008140,co_0898,renewal,Small,,2025-03-26,2025-03-26,,,monthly,106,200,200,GBP,paid,2025-03-26T09:03:00
se_008141,co_0898,renewal,Small,,2025-04-26,2025-04-26,,,monthly,106,200,200,GBP,paid,2025-04-26T13:18:00
se_008142,co_0898,renewal,Small,,2025-05-26,2025-05-26,,,monthly,106,200,200,GBP,paid,2025-05-26T16:53:00
se_008143,co_0898,renewal,Small,,2025-06-26,2025-06-26,,,monthly,106,200,200,GBP,paid,2025-06-26T12:53:00
se_008144,co_0898,renewal,Small,,2025-07-26,2025-07-26,,,monthly,106,200,200,GBP,paid,2025-07-26T18:47:00
se_008145,co_0898,renewal,Small,,2025-08-26,2025-08-26,,,monthly,106,200,200,GBP,paid,2025-08-26T13:59:00
se_008146,co_0898,renewal,Small,,2025-09-26,2025-09-26,,,monthly,106,200,200,GBP,paid,2025-09-26T14:00:00
se_008147,co_0898,renewal,Small,,2025-10-26,2025-10-26,,,monthly,106,200,200,GBP,paid,2025-10-26T10:18:00
se_008148,co_0898,renewal,Small,,2025-11-26,2025-11-26,,,monthly,106,200,200,GBP,paid,2025-11-26T12:37:00
se_008149,co_0898,renewal,Small,,2025-12-26,2025-12-26,,,monthly,106,200,200,GBP,paid,2025-12-26T09:57:00
se_008150,co_0898,renewal,Small,,2026-01-26,2026-01-26,,,monthly,106,200,200,GBP,paid,2026-01-26T12:52:00
se_008151,co_0898,renewal,Small,,2026-02-26,2026-02-26,,,monthly,106,200,200,GBP,paid,2026-02-26T16:14:00
se_008152,co_0898,renewal,Small,,2026-03-26,2026-03-26,,,monthly,106,200,200,GBP,paid,2026-03-26T19:16:00
se_008153,co_0898,renewal,Small,,2026-05-16,2026-04-26,,,monthly,106,200,200,GBP,paid,2026-04-26T17:31:00
se_008154,co_0898,renewal,Small,,2026-05-26,2026-05-26,,,monthly,106,200,200,GBP,paid,2026-05-26T18:16:00
se_008155,co_0898,renewal,Small,,2026-06-26,2026-06-26,,,monthly,106,200,200,GBP,paid,2026-06-26T15:32:00
se_008156,co_0899,trial_start,Small,,,,,2025-03-10,monthly,137,0,0,GBP,not_applicable,2025-03-03T18:02:00
se_008157,co_0900,trial_start,Small,,,,,2024-01-07,monthly,88,0,0,GBP,not_applicable,2023-12-31T08:08:00
se_008158,co_0900,converted,Small,,2024-01-07,2024-01-07,,,monthly,88,200,200,GBP,paid,2024-01-07T11:35:00
se_008159,co_0900,renewal,Small,,2024-02-07,2024-02-07,,,monthly,88,200,200,GBP,paid,2024-02-07T16:27:00
se_008160,co_0900,renewal,Small,,2024-03-07,2024-03-07,,,monthly,88,200,200,GBP,paid,2024-03-07T11:41:00
se_008161,co_0900,renewal,Small,,2024-04-07,2024-04-07,,,monthly,88,200,200,GBP,paid,2024-04-07T13:50:00
se_008162,co_0900,renewal,Small,,2024-05-07,2024-05-07,,,monthly,88,200,200,GBP,paid,2024-05-07T16:42:00
se_008163,co_0900,renewal,Small,,2024-06-07,2024-06-07,,,monthly,88,200,200,GBP,paid,2024-06-07T15:37:00
se_008164,co_0900,renewal,Small,,2024-07-07,2024-07-07,,,monthly,88,200,200,GBP,paid,2024-07-07T14:20:00
se_008165,co_0900,renewal,Small,,2024-08-07,2024-08-07,,,monthly,88,200,200,GBP,paid,2024-08-07T19:44:00
se_008166,co_0900,renewal,Small,,2024-09-07,2024-09-07,,,monthly,88,200,200,GBP,paid,2024-09-07T17:21:00
se_008167,co_0900,renewal,Small,,2024-10-07,2024-10-07,,,monthly,88,200,200,GBP,paid,2024-10-07T18:42:00
se_008168,co_0900,renewal,Small,,2024-11-07,2024-11-07,,,monthly,88,200,200,GBP,paid,2024-11-07T10:38:00
se_008169,co_0900,renewal,Small,,2024-12-07,2024-12-07,,,monthly,88,200,200,GBP,paid,2024-12-07T15:24:00
se_008170,co_0900,renewal,Small,,2025-01-07,2025-01-07,,,monthly,88,200,200,GBP,paid,2025-01-07T12:21:00
se_008171,co_0900,renewal,Small,,2025-02-07,2025-02-07,,,monthly,88,200,200,GBP,paid,2025-02-07T11:41:00
se_008172,co_0900,renewal,Small,,2025-03-07,2025-03-07,,,monthly,88,200,200,GBP,paid,2025-03-07T18:32:00
se_008173,co_0900,renewal,Small,,2025-04-07,2025-04-07,,,monthly,88,200,200,GBP,paid,2025-04-07T14:08:00
se_008174,co_0900,renewal,Small,,2025-05-07,2025-05-07,,,monthly,88,200,200,GBP,paid,2025-05-07T16:02:00
se_008175,co_0900,renewal,Small,,2025-06-07,2025-06-07,,,monthly,88,200,200,GBP,paid,2025-06-07T12:56:00
se_008176,co_0900,renewal,Small,,2025-07-07,2025-07-07,,,monthly,88,200,200,GBP,paid,2025-07-07T12:10:00
se_008177,co_0900,renewal,Small,,2025-08-07,2025-08-07,,,monthly,88,200,200,GBP,paid,2025-08-07T12:33:00
se_008178,co_0900,renewal,Small,,2025-09-07,2025-09-07,,,monthly,88,200,200,GBP,paid,2025-09-07T15:54:00
se_008179,co_0900,renewal,Small,,2025-10-07,2025-10-07,,,monthly,88,200,200,GBP,paid,2025-10-07T14:49:00
se_008180,co_0900,renewal,Small,,2025-11-07,2025-11-07,,,monthly,88,200,200,GBP,paid,2025-11-07T13:53:00
se_008181,co_0900,renewal,Small,,2025-12-07,2025-12-07,,,monthly,88,200,200,GBP,paid,2025-12-07T17:31:00
se_008182,co_0900,renewal,Small,,2026-01-07,2026-01-07,,,monthly,88,200,200,GBP,paid,2026-01-07T08:36:00
se_008183,co_0900,renewal,Small,,2026-02-21,2026-02-07,,,monthly,88,200,200,GBP,paid,2026-02-07T16:32:00
se_008184,co_0900,renewal,Small,,2026-03-07,2026-03-07,,,monthly,88,200,200,GBP,paid,2026-03-07T14:35:00
se_008185,co_0900,renewal,Small,,2026-04-07,2026-04-07,,,monthly,88,200,200,GBP,paid,2026-04-07T08:42:00
se_008186,co_0900,renewal,Small,,2026-05-15,2026-05-07,,,monthly,88,200,200,GBP,paid,2026-05-07T19:10:00
se_008187,co_0900,renewal,Small,,2026-06-07,2026-06-07,,,monthly,88,200,200,GBP,paid,2026-06-07T18:53:00
se_008188,co_0901,trial_start,Medium,,,,,2024-07-26,annual,253,0,0,GBP,not_applicable,2024-07-19T12:30:00
se_008189,co_0902,trial_start,Small,,,,,2024-10-27,monthly,72,0,0,GBP,not_applicable,2024-10-20T15:44:00
se_008190,co_0902,converted,Small,,2024-10-29,2024-10-29,,,monthly,72,200,200,GBP,paid,2024-10-29T08:43:00
se_008191,co_0902,renewal,Small,,2024-11-29,2024-11-29,,,monthly,72,200,200,GBP,paid,2024-11-29T15:41:00
se_008192,co_0902,renewal,Small,,2024-12-29,2024-12-29,,,monthly,72,200,200,GBP,paid,2024-12-29T08:42:00
se_008193,co_0902,renewal,Small,,2025-01-29,2025-01-29,,,monthly,72,200,200,GBP,paid,2025-01-29T10:34:00
se_008194,co_0902,renewal,Small,,2025-02-28,2025-02-28,,,monthly,72,200,200,GBP,paid,2025-02-28T08:18:00
se_008195,co_0902,renewal,Small,,2025-03-28,2025-03-28,,,monthly,72,200,200,GBP,paid,2025-03-28T09:28:00
se_008196,co_0902,renewal,Small,,2025-04-28,2025-04-28,,,monthly,72,200,200,GBP,paid,2025-04-28T11:36:00
se_008197,co_0902,renewal,Small,,2025-05-28,2025-05-28,,,monthly,72,200,200,GBP,paid,2025-05-28T17:15:00
se_008198,co_0902,renewal,Small,,2025-06-28,2025-06-28,,,monthly,72,200,200,GBP,paid,2025-06-28T12:34:00
se_008199,co_0902,renewal,Small,,2025-07-28,2025-07-28,,,monthly,72,200,200,GBP,paid,2025-07-28T15:58:00
se_008200,co_0902,renewal,Small,,2025-08-28,2025-08-28,,,monthly,72,200,200,GBP,paid,2025-08-28T10:34:00
se_008201,co_0902,renewal,Small,,,2025-09-28,,,monthly,72,200,200,GBP,paid,2025-09-28T16:02:00
se_008202,co_0902,renewal,Small,,2025-10-28,2025-10-28,,,monthly,72,200,200,GBP,paid,2025-10-28T15:16:00
se_008203,co_0902,payment_failed,Small,,2025-11-28,2025-11-28,,,monthly,72,200,200,GBP,failed,2025-11-28T15:31:00
se_008204,co_0902,payment_failed,Small,,2025-12-28,2025-12-28,,,monthly,72,200,200,GBP,failed,2025-12-28T13:52:00
se_008205,co_0902,delinquent_churn,Small,,,2026-01-12,2026-01-12,,monthly,72,200,0,GBP,not_applicable,2026-01-12T09:21:00
se_008206,co_0903,trial_start,Medium,,,,,2026-01-22,annual,325,0,0,GBP,not_applicable,2026-01-15T11:11:00
se_008207,co_0903,converted,Medium,,2026-01-22,2026-01-22,,,annual,325,750,9000,GBP,paid,2026-01-22T18:05:00
se_008208,co_0904,trial_start,Small,,,,,2023-08-21,monthly,101,0,0,GBP,not_applicable,2023-08-14T18:26:00
se_008209,co_0904,converted,Small,,2023-08-17,2023-08-17,,,monthly,101,200,200,GBP,paid,2023-08-17T13:51:00
se_008210,co_0904,renewal,Small,,2023-09-17,2023-09-17,,,monthly,101,200,200,GBP,paid,2023-09-17T11:42:00
se_008211,co_0904,renewal,Small,,2023-10-17,2023-10-17,,,monthly,101,200,200,GBP,paid,2023-10-17T17:59:00
se_008212,co_0904,renewal,Small,,2023-11-17,2023-11-17,,,monthly,101,200,200,GBP,paid,2023-11-17T19:22:00
se_008213,co_0904,renewal,Small ,,2023-12-17,2023-12-17,,,monthly,101,200,200,GBP,paid,2023-12-17T09:18:00
se_008214,co_0904,renewal,Small,,2024-01-17,2024-01-17,,,monthly,101,200,200,GBP,paid,2024-01-17T08:42:00
se_008215,co_0904,renewal,Small,,2024-02-17,2024-02-17,,,monthly,101,200,200,GBP,paid,2024-02-17T17:22:00
se_008216,co_0904,renewal,Small,,,2024-03-17,,,monthly,101,200,200,GBP,paid,2024-03-17T17:19:00
se_008217,co_0904,renewal,Small,,2024-04-17,2024-04-17,,,monthly,101,200,200,GBP,paid,2024-04-17T13:55:00
se_008218,co_0904,renewal,Small,,2024-05-17,2024-05-17,,,monthly,101,200,200,GBP,paid,2024-05-17T14:02:00
se_008219,co_0904,renewal,Small,,2024-06-17,2024-06-17,,,monthly,101,200,200,GBP,paid,2024-06-17T15:49:00
se_008220,co_0904,renewal,Small,,2024-07-17,2024-07-17,,,monthly,101,200,200,GBP,paid,2024-07-17T13:04:00
se_008221,co_0904,renewal,Small,,2024-08-17,2024-08-17,,,monthly,101,200,200,GBP,paid,2024-08-17T12:33:00
se_008222,co_0904,renewal,Small,,2024-09-17,2024-09-17,,,monthly,101,200,200,GBP,paid,2024-09-17T12:25:00
se_008223,co_0904,renewal,Small,,2024-10-17,2024-10-17,,,monthly,101,200,200,GBP,paid,2024-10-17T10:04:00
se_008224,co_0904,renewal,Small,,2024-11-17,2024-11-17,,,monthly,101,200,200,GBP,paid,2024-11-17T14:12:00
se_008225,co_0904,renewal,Small,,2024-12-17,2024-12-17,,,monthly,101,200,200,GBP,paid,2024-12-17T16:09:00
se_008226,co_0904,renewal,Small,,2025-01-17,2025-01-17,,,monthly,101,200,200,GBP,paid,2025-01-17T11:34:00
se_008227,co_0904,renewal,Small,,2025-02-17,2025-02-17,,,monthly,101,200,200,GBP,paid,2025-02-17T08:52:00
se_008228,co_0904,renewal,Small,,2025-03-17,2025-03-17,,,monthly,101,200,200,GBP,paid,2025-03-17T15:04:00
se_008229,co_0904,renewal,Small,,2025-04-26,2025-04-17,,,monthly,101,200,200,GBP,paid,2025-04-17T16:28:00
se_008230,co_0904,renewal,Small,,2025-05-17,2025-05-17,,,monthly,101,200,200,GBP,paid,2025-05-17T14:33:00
se_008231,co_0904,renewal,Small,,2025-06-17,2025-06-17,,,monthly,101,200,200,GBP,paid,2025-06-17T16:54:00
se_008232,co_0904,renewal,Small,,2025-07-17,2025-07-17,,,monthly,101,200,200,GBP,paid,2025-07-17T19:14:00
se_008233,co_0904,renewal,Small,,2025-08-17,2025-08-17,,,monthly,101,200,200,GBP,paid,2025-08-17T13:13:00
se_008234,co_0904,renewal,Small,,2025-09-17,2025-09-17,,,monthly,101,200,200,GBP,paid,2025-09-17T09:58:00
se_008235,co_0904,renewal,Small,,2025-10-17,2025-10-17,,,monthly,101,200,200,GBP,paid,2025-10-17T09:04:00
se_008236,co_0904,renewal,Small,,2025-11-17,2025-11-17,,,monthly,101,200,200,GBP,paid,2025-11-17T10:25:00
se_008237,co_0904,renewal,Small,,2025-12-17,2025-12-17,,,monthly,101,200,200,GBP,paid,2025-12-17T10:39:00
se_008238,co_0904,renewal,Small,,2026-01-17,2026-01-17,,,monthly,101,200,200,GBP,paid,2026-01-17T13:15:00
se_008239,co_0904,renewal,Small,,2026-02-17,2026-02-17,,,monthly,101,200,200,GBP,paid,2026-02-17T08:00:00
se_008240,co_0904,renewal,Small,,2026-03-17,2026-03-17,,,monthly,101,200,200,GBP,paid,2026-03-17T17:51:00
se_008241,co_0904,renewal,Small,,2026-05-04,2026-04-17,,,monthly,101,200,200,GBP,paid,2026-04-17T15:45:00
se_008242,co_0904,renewal,Small,,2026-05-17,2026-05-17,,,monthly,101,200,200,GBP,paid,2026-05-17T16:05:00
se_008243,co_0904,renewal,Small,,2026-06-17,2026-06-17,,,monthly,101,200,200,GBP,paid,2026-06-17T08:30:00
se_008244,co_0905,trial_start,Medium,,,,,2024-01-16,annual,169,0,0,GBP,not_applicable,2024-01-09T15:11:00
se_008245,co_0905,converted,Medium,,2024-01-13,2024-01-13,,,annual,169,750,9000,GBP,paid,2024-01-13T14:34:00
se_008246,co_0905,renewal,Medium,,2025-01-18,2025-01-13,,,annual,169,750,9000,GBP,paid,2025-01-13T17:04:00
se_008247,co_0905,cancellation_scheduled,Medium,,,2025-05-03,,,annual,169,750,9000,GBP,not_applicable,2025-05-03T18:05:00
se_008248,co_0905,voluntary_churn,Medium,,,2025-05-31,2025-05-31,,annual,169,750,0,GBP,not_applicable,2025-05-31T16:22:00
se_008249,co_0906,trial_start,Small,,,,,2024-01-20,annual,33,0,0,GBP,not_applicable,2024-01-13T10:55:00
se_008250,co_0907,trial_start,Small,,,,,2024-02-12,monthly,34,0,0,GBP,not_applicable,2024-02-05T11:08:00
se_008251,co_0907,converted,Small,,2024-02-09,2024-02-09,,,monthly,34,200,200,GBP,paid,2024-02-09T11:46:00
se_008252,co_0907,renewal,Small,,2024-03-09,2024-03-09,,,monthly,34,200,200,GBP,paid,2024-03-09T17:28:00
se_008253,co_0907,renewal,Small,,2024-04-09,2024-04-09,,,monthly,34,200,200,GBP,paid,2024-04-09T10:18:00
se_008254,co_0907,renewal,Small,,,2024-05-09,,,monthly,34,200,200,GBP,paid,2024-05-09T12:56:00
se_008255,co_0907,renewal,Small,,2024-06-09,2024-06-09,,,monthly,34,200,200,GBP,paid,2024-06-09T12:31:00
se_008256,co_0907,renewal,Small,,2024-07-09,2024-07-09,,,monthly,34,200,200,GBP,paid,2024-07-09T08:55:00
se_008257,co_0907,renewal,Small,,2024-08-09,2024-08-09,,,monthly,34,200,200,GBP,paid,2024-08-09T10:49:00
se_008258,co_0907,renewal,Small,,2024-09-09,2024-09-09,,,monthly,34,200,200,GBP,paid,2024-09-09T08:11:00
se_008259,co_0907,renewal,Small,,2024-10-09,2024-10-09,,,monthly,34,200,200,GBP,paid,2024-10-09T14:47:00
se_008260,co_0907,renewal,Small,,2024-11-09,2024-11-09,,,monthly,34,200,200,GBP,paid,2024-11-09T19:53:00
se_008261,co_0907,renewal,Small,,2024-12-09,2024-12-09,,,monthly,34,200,200,GBP,paid,2024-12-09T15:49:00
se_008262,co_0907,renewal,Small,,2025-01-09,2025-01-09,,,monthly,34,200,200,GBP,paid,2025-01-09T08:56:00
se_008263,co_0907,renewal,Small,,2025-02-09,2025-02-09,,,monthly,34,200,200,GBP,paid,2025-02-09T11:21:00
se_008264,co_0907,payment_failed,Small,,2025-03-09,2025-03-09,,,monthly,34,200,200,GBP,failed,2025-03-09T14:33:00
se_008265,co_0907,payment_recovered,Small,,2025-03-24,2025-03-24,,,monthly,34,200,200,GBP,paid,2025-03-24T14:01:00
se_008266,co_0907,renewal,Small,,2025-04-09,2025-04-09,,,monthly,34,200,200,GBP,paid,2025-04-09T17:29:00
se_008267,co_0907,renewal,Small,,2025-05-09,2025-05-09,,,monthly,34,200,200,GBP,paid,2025-05-09T16:41:00
se_008268,co_0907,renewal,Small,,2025-06-09,2025-06-09,,,monthly,34,200,200,GBP,paid,2025-06-09T12:14:00
se_008269,co_0907,payment_failed,Small,,2025-07-09,2025-07-09,,,monthly,34,200,200,GBP,failed,2025-07-09T16:04:00
se_008270,co_0907,payment_recovered,Small,,2025-07-23,2025-07-23,,,monthly,34,200,200,GBP,paid,2025-07-23T17:38:00
se_008271,co_0907,renewal,Small,,2025-08-09,2025-08-09,,,monthly,34,200,200,GBP,paid,2025-08-09T09:30:00
se_008272,co_0907,renewal,Small,,2025-09-09,2025-09-09,,,monthly,34,200,200,GBP,paid,2025-09-09T10:03:00
se_008273,co_0907,renewal,Small,,2025-10-09,2025-10-09,,,monthly,34,200,200,GBP,paid,2025-10-09T09:10:00
se_008274,co_0907,renewal,Small,,2025-11-09,2025-11-09,,,monthly,34,200,200,GBP,paid,2025-11-09T11:49:00
se_008275,co_0907,renewal,Small,,2025-12-17,2025-12-09,,,monthly,34,200,200,GBP,paid,2025-12-09T11:57:00
se_008276,co_0907,renewal,Small,,2026-01-09,2026-01-09,,,monthly,34,200,200,GBP,paid,2026-01-09T18:47:00
se_008277,co_0907,renewal,Small,,2026-02-09,2026-02-09,,,monthly,34,200,200,GBP,paid,2026-02-09T17:43:00
se_008278,co_0907,renewal,Small,,2026-03-09,2026-03-09,,,monthly,34,200,200,GBP,paid,2026-03-09T19:28:00
se_008279,co_0907,renewal,Small,,2026-04-09,2026-04-09,,,monthly,34,200,200,GBP,paid,2026-04-09T08:14:00
se_008280,co_0907,renewal,Small,,2026-05-09,2026-05-09,,,monthly,34,200,200,GBP,paid,2026-05-09T11:39:00
se_008281,co_0907,renewal,Small,,2026-06-09,2026-06-09,,,monthly,34,200,200,GBP,paid,2026-06-09T17:07:00
se_008282,co_0908,trial_start,Small,,,,,2026-04-23,monthly,25,0,0,GBP,not_applicable,2026-04-16T19:32:00
se_008283,co_0908,converted,Small,,2026-04-18,2026-04-18,,,monthly,25,200,200,GBP,paid,2026-04-18T15:40:00
se_008284,co_0908,renewal,Small,,2026-05-18,2026-05-18,,,monthly,25,200,200,GBP,paid,2026-05-18T17:35:00
se_008285,co_0908,renewal,Small,,2026-06-18,2026-06-18,,,monthly,25,200,200,GBP,paid,2026-06-18T17:27:00
se_008286,co_0909,trial_start,Medium,,,,,2025-07-22,monthly,489,0,0,GBP,not_applicable,2025-07-15T12:11:00
se_008287,co_0910,trial_start,Medium,,,,,2026-01-01,monthly,155,0,0,EUR,not_applicable,2025-12-25T13:27:00
se_008288,co_0911,trial_start,Small,,,,,2026-03-11,monthly,106,0,0,GBP,not_applicable,2026-03-04T11:50:00
se_008289,co_0911,converted,Small,,2026-03-13,2026-03-13,,,monthly,106,200,200,GBP,paid,2026-03-13T10:45:00
se_008290,co_0911,renewal,Small,,2026-04-13,2026-04-13,,,monthly,106,200,200,GBP,paid,2026-04-13T08:47:00
se_008291,co_0911,renewal,Small,,2026-05-13,2026-05-13,,,monthly,106,200,200,GBP,paid,2026-05-13T19:28:00
se_008292,co_0911,renewal,Small,,2026-06-13,2026-06-13,,,monthly,106,200,200,GBP,paid,2026-06-13T10:50:00
se_008293,co_0912,trial_start,Small,,,,,2025-07-29,monthly,113,0,0,GBP,not_applicable,2025-07-22T08:28:00
se_008294,co_0912,converted,Small,,2025-07-29,2025-07-29,,,monthly,113,200,200,GBP,paid,2025-07-29T13:23:00
se_008295,co_0912,renewal,Small,,2025-08-29,2025-08-29,,,monthly,113,200,200,GBP,paid,2025-08-29T10:03:00
se_008296,co_0912,renewal,Small,,2025-10-11,2025-09-29,,,monthly,113,200,200,GBP,paid,2025-09-29T09:39:00
se_008297,co_0912,renewal,Small,,2025-10-29,2025-10-29,,,monthly,113,200,200,GBP,paid,2025-10-29T08:22:00
se_008298,co_0912,renewal,Small,,2025-11-29,2025-11-29,,,monthly,113,200,200,GBP,paid,2025-11-29T09:35:00
se_008299,co_0912,renewal,Small,,2025-12-29,2025-12-29,,,monthly,113,200,200,GBP,paid,2025-12-29T13:41:00
se_008300,co_0912,renewal,Small,,2026-01-29,2026-01-29,,,monthly,113,200,200,GBP,paid,2026-01-29T10:31:00
se_008301,co_0912,renewal,Small,,2026-02-28,2026-02-28,,,monthly,113,200,200,GBP,paid,2026-02-28T14:54:00
se_008302,co_0912,renewal,Small,,2026-03-28,2026-03-28,,,monthly,113,200,200,GBP,paid,2026-03-28T18:29:00
se_008303,co_0912,upgrade,Medium,Small,2026-04-17,2026-04-17,,,monthly,113,750,750,GBP,paid,2026-04-17T14:58:00
se_008304,co_0912,renewal,Medium,,2026-04-28,2026-04-28,,,monthly,113,750,750,GBP,paid,2026-04-28T15:06:00
se_008305,co_0912,renewal,Medium,,2026-05-28,2026-05-28,,,monthly,113,750,750,GBP,paid,2026-05-28T09:41:00
se_008306,co_0912,renewal,Medium,,2026-06-28,2026-06-28,,,monthly,113,750,750,GBP,paid,2026-06-28T10:58:00
se_008307,co_0913,trial_start,Small,,,,,2023-08-06,annual,27,0,0,GBP,not_applicable,2023-07-30T11:45:00
se_008308,co_0913,converted,Small,,2023-08-07,2023-08-07,,,annual,27,200,2400,GBP,paid,2023-08-07T14:19:00
se_008309,co_0913,payment_failed,Small,,2024-08-07,2024-08-07,,,annual,27,200,200,GBP,failed,2024-08-07T11:29:00
se_008310,co_0913,payment_recovered,Small,,2024-08-25,2024-08-25,,,annual,27,200,2400,GBP,paid,2024-08-25T08:00:00
se_008311,co_0913,renewal,Small,,2025-08-07,2025-08-07,,,annual,27,200,2400,GBP,paid,2025-08-07T14:42:00
se_008312,co_0914,trial_start,Medium,,,,,2025-10-07,monthly,182,0,0,GBP,not_applicable,2025-09-30T18:18:00
se_008313,co_0914,converted,Medium,,2025-10-02,2025-10-02,,,monthly,182,750,750,GBP,paid,2025-10-02T14:03:00
se_008314,co_0914,renewal,Medium,,2025-11-02,2025-11-02,,,monthly,182,750,750,GBP,paid,2025-11-02T08:32:00
se_008315,co_0914,renewal,Medium,,2025-12-02,2025-12-02,,,monthly,182,750,750,GBP,paid,2025-12-02T09:52:00
se_008316,co_0914,renewal,Medium,,2026-01-02,2026-01-02,,,monthly,182,750,750,GBP,paid,2026-01-02T17:37:00
se_008317,co_0914,renewal,Medium,,2026-02-02,2026-02-02,,,monthly,182,750,750,GBP,paid,2026-02-02T14:47:00
se_008318,co_0914,payment_failed,Medium,,2026-03-02,2026-03-02,,,monthly,182,750,750,GBP,failed,2026-03-02T08:34:00
se_008319,co_0914,payment_recovered,Medium,,2026-03-18,2026-03-18,,,monthly,182,750,750,GBP,paid,2026-03-18T12:17:00
se_008320,co_0914,cancellation_scheduled,Medium,,,2026-02-28,,,monthly,182,750,750,GBP,not_applicable,2026-02-28T12:31:00
se_008321,co_0914,voluntary_churn,Medium,,,2026-03-14,2026-03-14,,monthly,182,750,0,GBP,not_applicable,2026-03-14T08:05:00
se_008322,co_0915,trial_start,Small,,,,,2025-07-31,monthly,31,0,0,GBP,not_applicable,2025-07-24T15:48:00
se_008323,co_0915,converted,Small,,2025-08-03,2025-08-03,,,monthly,31,200,200,GBP,paid,2025-08-03T15:34:00
se_008324,co_0915,renewal,Small,,2025-09-03,2025-09-03,,,monthly,31,200,200,GBP,paid,2025-09-03T16:35:00
se_008325,co_0915,renewal,Small,,2025-10-03,2025-10-03,,,monthly,31,200,200,GBP,paid,2025-10-03T19:37:00
se_008326,co_0915,renewal,Small,,2025-11-03,2025-11-03,,,monthly,31,200,200,GBP,paid,2025-11-03T11:46:00
se_008327,co_0915,renewal,Small,,2025-12-03,2025-12-03,,,monthly,31,200,200,GBP,paid,2025-12-03T12:19:00
se_008328,co_0915,renewal,Small,,2026-01-17,2026-01-03,,,monthly,31,200,200,GBP,paid,2026-01-03T14:16:00
se_008329,co_0915,renewal,Small,,2026-02-03,2026-02-03,,,monthly,31,200,200,GBP,paid,2026-02-03T19:13:00
se_008330,co_0915,renewal,Small,,2026-03-03,2026-03-03,,,monthly,31,200,200,GBP,paid,2026-03-03T15:02:00
se_008331,co_0915,renewal,Small,,2026-04-03,2026-04-03,,,monthly,31,200,200,GBP,paid,2026-04-03T10:30:00
se_008332,co_0915,renewal,Small,,2026-05-03,2026-05-03,,,monthly,31,200,200,GBP,paid,2026-05-03T17:29:00
se_008333,co_0915,renewal,Small,,2026-06-03,2026-06-03,,,monthly,31,200,200,GBP,paid,2026-06-03T13:13:00
se_008334,co_0916,trial_start,Small,,,,,2024-09-28,monthly,77,0,0,GBP,not_applicable,2024-09-21T11:15:00
se_008335,co_0916,converted,Small,,2024-09-24,2024-09-24,,,monthly,77,200,200,GBP,paid,2024-09-24T10:58:00
se_008336,co_0916,renewal,Small,,2024-10-24,2024-10-24,,,monthly,77,200,200,GBP,paid,2024-10-24T12:17:00
se_008337,co_0916,renewal,Small,,2024-11-24,2024-11-24,,,monthly,77,200,200,GBP,paid,2024-11-24T11:19:00
se_008338,co_0916,renewal,Small,,2025-01-08,2024-12-24,,,monthly,77,200,200,GBP,paid,2024-12-24T10:12:00
se_008339,co_0916,renewal,Small,,2025-01-24,2025-01-24,,,monthly,77,200,200,GBP,paid,2025-01-24T19:36:00
se_008340,co_0916,renewal,Small,,2025-02-24,2025-02-24,,,monthly,77,200,200,GBP,paid,2025-02-24T13:22:00
se_008341,co_0916,renewal,Small,,2025-03-24,2025-03-24,,,monthly,77,200,200,GBP,paid,2025-03-24T19:26:00
se_008342,co_0916,renewal,Small,,2025-04-24,2025-04-24,,,monthly,77,200,200,GBP,paid,2025-04-24T09:15:00
se_008343,co_0916,renewal,Small,,2025-05-24,2025-05-24,,,monthly,77,200,200,GBP,paid,2025-05-24T15:28:00
se_008344,co_0916,renewal,Small,,2025-06-24,2025-06-24,,,monthly,77,200,200,GBP,paid,2025-06-24T19:18:00
se_008345,co_0916,renewal,Small,,2025-07-24,2025-07-24,,,monthly,77,200,200,GBP,paid,2025-07-24T13:04:00
se_008346,co_0916,renewal,Small,,2025-08-24,2025-08-24,,,monthly,77,200,200,GBP,paid,2025-08-24T11:43:00
se_008347,co_0916,renewal,Small,,2025-09-24,2025-09-24,,,monthly,77,200,200,GBP,paid,2025-09-24T09:28:00
se_008348,co_0916,renewal,Small,,2025-10-24,2025-10-24,,,monthly,77,200,200,GBP,paid,2025-10-24T08:35:00
se_008349,co_0916,renewal,Small,,2025-11-24,2025-11-24,,,monthly,77,200,200,GBP,paid,2025-11-24T13:28:00
se_008350,co_0916,renewal,Small,,2025-12-24,2025-12-24,,,monthly,77,200,200,GBP,paid,2025-12-24T09:08:00
se_008351,co_0916,renewal,Small,,2026-01-24,2026-01-24,,,monthly,77,200,200,GBP,paid,2026-01-24T19:35:00
se_008352,co_0916,renewal,Small,,2026-02-24,2026-02-24,,,monthly,77,200,200,GBP,paid,2026-02-24T16:06:00
se_008353,co_0916,renewal,Small,,2026-03-24,2026-03-24,,,monthly,77,200,200,GBP,paid,2026-03-24T08:03:00
se_008354,co_0916,renewal,Small,,2026-04-24,2026-04-24,,,monthly,77,200,200,GBP,paid,2026-04-24T11:02:00
se_008355,co_0916,renewal,Small,,2026-05-24,2026-05-24,,,monthly,77,200,200,GBP,paid,2026-05-24T16:55:00
se_008356,co_0916,renewal,Small,,2026-06-24,2026-06-24,,,monthly,77,200,200,GBP,paid,2026-06-24T14:33:00
se_008357,co_0917,trial_start,Small,,,,,2025-11-22,monthly,54,0,0,GBP,not_applicable,2025-11-15T10:17:00
se_008358,co_0917,converted,Small,,,2025-11-18,,,monthly,54,200,200,GBP,paid,2025-11-18T11:37:00
se_008359,co_0917,renewal,Small,,2025-12-18,2025-12-18,,,monthly,54,200,200,GBP,paid,2025-12-18T16:34:00
se_008360,co_0917,renewal,Small,,2026-01-18,2026-01-18,,,monthly,54,200,200,GBP,paid,2026-01-18T18:50:00
se_008361,co_0917,renewal,Small,,2026-02-25,2026-02-18,,,monthly,54,200,200,GBP,paid,2026-02-18T16:20:00
se_008362,co_0917,payment_failed,Small,,2026-03-18,2026-03-18,,,monthly,54,200,200,GBP,failed,2026-03-18T08:48:00
se_008363,co_0917,payment_recovered,Small,,2026-03-26,2026-03-26,,,monthly,54,200,200,GBP,paid,2026-03-26T12:52:00
se_008364,co_0917,renewal,Small,,2026-04-18,2026-04-18,,,monthly,54,200,200,GBP,paid,2026-04-18T16:44:00
se_008365,co_0917,renewal,Small,,2026-05-18,2026-05-18,,,monthly,54,200,200,GBP,paid,2026-05-18T10:40:00
se_008366,co_0917,renewal,Small,,2026-06-18,2026-06-18,,,monthly,54,200,200,GBP,paid,2026-06-18T12:28:00
se_008367,co_0918,trial_start,Small,,,,,2025-07-17,monthly,77,0,0,GBP,not_applicable,2025-07-10T19:00:00
se_008368,co_0919,trial_start,Medium,,,,,2024-08-28,monthly,211,0,0,GBP,not_applicable,2024-08-21T11:43:00
se_008369,co_0919,converted,Medium,,2024-08-26,2024-08-26,,,monthly,211,750,750,GBP,paid,2024-08-26T16:10:00
se_008370,co_0919,renewal,Medium,,2024-09-26,2024-09-26,,,monthly,211,750,750,GBP,paid,2024-09-26T12:47:00
se_008371,co_0919,renewal,Medium,,2024-10-26,2024-10-26,,,monthly,211,750,750,GBP,paid,2024-10-26T11:35:00
se_008372,co_0919,renewal,Medium,,2024-11-26,2024-11-26,,,monthly,211,750,750,GBP,paid,2024-11-26T15:14:00
se_008373,co_0919,renewal,Medium,,2024-12-26,2024-12-26,,,monthly,211,750,750,GBP,paid,2024-12-26T13:38:00
se_008374,co_0919,renewal,Medium,,2025-01-26,2025-01-26,,,monthly,211,750,750,GBP,paid,2025-01-26T18:19:00
se_008375,co_0919,renewal,Medium,,2025-02-26,2025-02-26,,,monthly,211,750,750,GBP,paid,2025-02-26T17:58:00
se_008376,co_0919,renewal,Medium,,2025-03-26,2025-03-26,,,monthly,211,750,750,GBP,paid,2025-03-26T08:22:00
se_008377,co_0919,renewal,Medium,,2025-04-26,2025-04-26,,,monthly,211,750,750,GBP,paid,2025-04-26T17:00:00
se_008378,co_0919,renewal,Medium,,2025-05-26,2025-05-26,,,monthly,211,750,750,GBP,paid,2025-05-26T13:38:00
se_008379,co_0919,renewal,Medium,,2025-06-26,2025-06-26,,,monthly,211,750,750,GBP,paid,2025-06-26T16:46:00
se_008380,co_0919,renewal,Medium,,2025-07-26,2025-07-26,,,monthly,211,750,750,GBP,paid,2025-07-26T15:15:00
se_008381,co_0919,renewal,Medium,,2025-08-26,2025-08-26,,,monthly,211,750,750,GBP,paid,2025-08-26T11:39:00
se_008382,co_0919,renewal,Medium,,2025-09-26,2025-09-26,,,monthly,211,750,750,GBP,paid,2025-09-26T16:26:00
se_008383,co_0919,renewal,Medium,,2025-10-26,2025-10-26,,,monthly,211,750,750,GBP,paid,2025-10-26T15:26:00
se_008384,co_0919,renewal,Medium,,2025-11-26,2025-11-26,,,monthly,211,750,750,GBP,paid,2025-11-26T15:16:00
se_008385,co_0919,renewal,Medium,,2025-12-30,2025-12-26,,,monthly,211,750,750,GBP,paid,2025-12-26T16:52:00
se_008386,co_0919,renewal,Medium,,2026-01-26,2026-01-26,,,monthly,211,750,750,GBP,paid,2026-01-26T08:07:00
se_008387,co_0919,renewal,Medium,,2026-02-26,2026-02-26,,,monthly,211,750,750,GBP,paid,2026-02-26T15:35:00
se_008388,co_0919,renewal,Medium,,2026-03-26,2026-03-26,,,monthly,211,750,750,GBP,paid,2026-03-26T12:45:00
se_008389,co_0919,renewal,Medium,,2026-05-17,2026-04-26,,,monthly,211,750,750,GBP,paid,2026-04-26T08:15:00
se_008390,co_0919,renewal,Medium,,2026-05-30,2026-05-26,,,monthly,211,750,750,GBP,paid,2026-05-26T09:13:00
se_008391,co_0919,renewal,Medium,,2026-06-26,2026-06-26,,,monthly,211,750,750,GBP,paid,2026-06-26T11:39:00
se_008392,co_0919,downgrade,Small,Medium,2026-06-29,2026-06-29,,,monthly,211,200,200,GBP,paid,2026-06-29T19:45:00
se_008393,co_0920,trial_start,Medium,,,,,2024-07-21,monthly,229,0,0,GBP,not_applicable,2024-07-14T19:33:00
se_008394,co_0921,trial_start,Small,,,,,2023-12-20,monthly,25,0,0,GBP,not_applicable,2023-12-13T12:56:00
se_008395,co_0921,converted,Small,,2023-12-23,2023-12-23,,,monthly,25,200,200,GBP,paid,2023-12-23T19:37:00
se_008396,co_0921,renewal,Small,,2024-01-23,2024-01-23,,,monthly,25,200,200,GBP,paid,2024-01-23T08:45:00
se_008397,co_0921,renewal,Small,,2024-02-23,2024-02-23,,,monthly,25,200,200,GBP,paid,2024-02-23T08:14:00
se_008398,co_0921,renewal,Small,,2024-03-23,2024-03-23,,,monthly,25,200,200,GBP,paid,2024-03-23T19:30:00
se_008399,co_0921,renewal,Small,,2024-04-23,2024-04-23,,,monthly,25,200,200,GBP,paid,2024-04-23T11:23:00
se_008400,co_0921,renewal,Small,,2024-05-23,2024-05-23,,,monthly,25,200,200,GBP,paid,2024-05-23T08:56:00
se_008401,co_0921,renewal,Small,,2024-06-23,2024-06-23,,,monthly,25,200,200,GBP,paid,2024-06-23T09:17:00
se_008402,co_0921,renewal,Small,,2024-07-23,2024-07-23,,,monthly,25,200,200,GBP,paid,2024-07-23T15:55:00
se_008403,co_0921,renewal,Small,,2024-08-23,2024-08-23,,,monthly,25,200,200,GBP,paid,2024-08-23T17:50:00
se_008404,co_0921,renewal,Small,,2024-09-23,2024-09-23,,,monthly,25,200,200,GBP,paid,2024-09-23T08:16:00
se_008405,co_0921,renewal,Small,,2024-10-23,2024-10-23,,,monthly,25,200,200,GBP,paid,2024-10-23T09:28:00
se_008406,co_0921,renewal,Small,,2024-11-23,2024-11-23,,,monthly,25,200,200,GBP,paid,2024-11-23T17:49:00
se_008407,co_0921,renewal,Small,,2024-12-23,2024-12-23,,,monthly,25,200,200,GBP,paid,2024-12-23T19:44:00
se_008408,co_0921,payment_failed,Small,,2025-01-23,2025-01-23,,,monthly,25,200,200,GBP,failed,2025-01-23T19:31:00
se_008409,co_0921,payment_recovered,Small,,2025-01-29,2025-01-29,,,monthly,25,200,200,GBP,paid,2025-01-29T16:29:00
se_008410,co_0921,renewal,Small,,2025-02-23,2025-02-23,,,monthly,25,200,200,GBP,paid,2025-02-23T11:38:00
se_008411,co_0921,renewal,Small,,2025-03-23,2025-03-23,,,monthly,25,200,200,GBP,paid,2025-03-23T16:04:00
se_008412,co_0921,renewal,Small,,2025-05-07,2025-04-23,,,monthly,25,200,200,GBP,paid,2025-04-23T08:30:00
se_008413,co_0921,renewal,Small,,2025-05-23,2025-05-23,,,monthly,25,200,200,GBP,paid,2025-05-23T14:51:00
se_008414,co_0921,renewal,Small,,2025-07-12,2025-06-23,,,monthly,25,200,200,GBP,paid,2025-06-23T19:28:00
se_008415,co_0921,renewal,Small,,2025-07-23,2025-07-23,,,monthly,25,200,200,GBP,paid,2025-07-23T13:56:00
se_008416,co_0921,renewal,Small,,2025-08-23,2025-08-23,,,monthly,25,200,200,GBP,paid,2025-08-23T16:00:00
se_008417,co_0921,renewal,Small,,2025-09-23,2025-09-23,,,monthly,25,200,200,GBP,paid,2025-09-23T14:15:00
se_008418,co_0921,renewal,Small,,2025-10-23,2025-10-23,,,monthly,25,200,200,GBP,paid,2025-10-23T16:58:00
se_008419,co_0921,renewal,Small,,2025-11-23,2025-11-23,,,monthly,25,200,200,GBP,paid,2025-11-23T10:41:00
se_008420,co_0921,renewal,Small,,2025-12-23,2025-12-23,,,monthly,25,200,200,GBP,paid,2025-12-23T15:04:00
se_008421,co_0921,payment_failed,Small,,2026-01-23,2026-01-23,,,monthly,25,200,200,GBP,failed,2026-01-23T08:40:00
se_008422,co_0921,renewal,Small,,2026-02-23,2026-02-23,,,monthly,25,200,200,GBP,paid,2026-02-23T10:14:00
se_008423,co_0921,payment_failed,Small,,2026-03-23,2026-03-23,,,monthly,25,200,200,GBP,failed,2026-03-23T16:57:00
se_008424,co_0921,renewal,Small,,2026-04-23,2026-04-23,,,monthly,25,200,200,GBP,paid,2026-04-23T12:34:00
se_008425,co_0921,renewal,Small,,2026-05-23,2026-05-23,,,monthly,25,200,200,GBP,paid,2026-05-23T14:47:00
se_008426,co_0921,renewal,Small,,2026-06-23,2026-06-23,,,monthly,25,200,200,GBP,paid,2026-06-23T19:05:00
se_008427,co_0922,trial_start,Medium,,,,,2025-12-27,annual,154,0,0,GBP,not_applicable,2025-12-20T17:40:00
se_008428,co_0923,trial_start,Medium,,,,,2025-11-28,monthly,220,0,0,GBP,not_applicable,2025-11-21T09:03:00
se_008429,co_0924,trial_start,Small,,,,,2024-06-22,monthly,103,0,0,GBP,not_applicable,2024-06-15T09:16:00
se_008430,co_0925,trial_start,Small,,,,,2024-07-24,annual,103,0,0,GBP,not_applicable,2024-07-17T19:35:00
se_008431,co_0926,trial_start,Medium,,,,,2025-09-17,monthly,227,0,0,GBP,not_applicable,2025-09-10T14:51:00
se_008432,co_0926,converted,Medium,,2025-09-18,2025-09-18,,,monthly,227,750,750,GBP,paid,2025-09-18T16:18:00
se_008433,co_0926,renewal,Medium,,2025-10-18,2025-10-18,,,monthly,227,750,750,GBP,paid,2025-10-18T11:55:00
se_008434,co_0926,renewal,Medium,,2025-11-18,2025-11-18,,,monthly,227,750,750,GBP,paid,2025-11-18T15:15:00
se_008435,co_0926,renewal,Medium,,2025-12-18,2025-12-18,,,monthly,227,750,750,GBP,paid,2025-12-18T14:06:00
se_008436,co_0926,renewal,Medium,,2026-01-18,2026-01-18,,,monthly,227,750,750,GBP,paid,2026-01-18T09:01:00
se_008437,co_0926,renewal,Medium,,2026-02-18,2026-02-18,,,monthly,227,750,750,GBP,paid,2026-02-18T14:06:00
se_008438,co_0926,renewal,Medium,,2026-03-18,2026-03-18,,,monthly,227,750,750,GBP,paid,2026-03-18T14:42:00
se_008439,co_0926,renewal,Medium,,2026-04-18,2026-04-18,,,monthly,227,750,750,GBP,paid,2026-04-18T17:16:00
se_008440,co_0926,renewal,Medium,,2026-05-18,2026-05-18,,,monthly,227,750,750,GBP,paid,2026-05-18T11:35:00
se_008441,co_0926,renewal,Medium,,2026-06-18,2026-06-18,,,monthly,227,750,750,GBP,paid,2026-06-18T10:47:00
se_008442,co_0927,trial_start,Small,,,,,2025-11-14,annual,95,0,0,GBP,not_applicable,2025-11-07T19:04:00
se_008443,co_0927,converted,Small,,2025-11-13,2025-11-13,,,annual,95,200,2400,GBP,paid,2025-11-13T16:58:00
se_008444,co_0928,trial_start,Small,,,,,2026-05-20,annual,122,0,0,GBP,not_applicable,2026-05-13T12:27:00
se_008445,co_0929,trial_start,Medium,,,,,2024-11-23,monthly,175,0,0,GBP,not_applicable,2024-11-16T14:14:00
se_008446,co_0929,converted,Medium,,2024-11-26,2024-11-26,,,monthly,175,750,750,GBP,paid,2024-11-26T11:00:00
se_008447,co_0929,renewal,Medium,,2024-12-26,2024-12-26,,,monthly,175,750,750,GBP,paid,2024-12-26T12:46:00
se_008448,co_0929,renewal,Medium,,2025-01-26,2025-01-26,,,monthly,175,750,750,GBP,paid,2025-01-26T17:48:00
se_008449,co_0929,renewal,Medium,,2025-02-26,2025-02-26,,,monthly,175,750,750,GBP,paid,2025-02-26T08:08:00
se_008450,co_0929,renewal,Medium,,2025-03-26,2025-03-26,,,monthly,175,750,750,GBP,paid,2025-03-26T17:21:00
se_008451,co_0929,renewal,Medium,,2025-04-26,2025-04-26,,,monthly,175,750,750,GBP,paid,2025-04-26T17:29:00
se_008452,co_0929,renewal,Medium,,2025-05-26,2025-05-26,,,monthly,175,750,750,GBP,paid,2025-05-26T08:44:00
se_008453,co_0929,renewal,Medium,,2025-07-16,2025-06-26,,,monthly,175,750,750,GBP,paid,2025-06-26T09:34:00
se_008454,co_0929,renewal,Medium ,,2025-08-05,2025-07-26,,,monthly,175,750,750,GBP,paid,2025-07-26T08:06:00
se_008455,co_0929,renewal,Medium,,2025-09-15,2025-08-26,,,monthly,175,750,750,GBP,paid,2025-08-26T10:04:00
se_008456,co_0929,renewal,Medium,,2025-09-26,2025-09-26,,,monthly,175,750,750,GBP,paid,2025-09-26T19:03:00
se_008457,co_0929,renewal,Medium,,2025-11-13,2025-10-26,,,monthly,175,750,750,GBP,paid,2025-10-26T19:00:00
se_008458,co_0929,renewal,Medium,,2025-11-26,2025-11-26,,,monthly,175,750,750,GBP,paid,2025-11-26T18:21:00
se_008459,co_0929,renewal,Medium,,2025-12-26,2025-12-26,,,monthly,175,750,750,GBP,paid,2025-12-26T16:40:00
se_008460,co_0929,renewal,Medium,,2026-01-26,2026-01-26,,,monthly,175,750,750,GBP,paid,2026-01-26T11:18:00
se_008461,co_0929,renewal,Medium,,,2026-02-26,,,monthly,175,750,750,GBP,paid,2026-02-26T12:18:00
se_008462,co_0929,renewal,Medium,,2026-03-26,2026-03-26,,,monthly,175,750,750,GBP,paid,2026-03-26T13:05:00
se_008463,co_0929,renewal,Medium,,2026-04-26,2026-04-26,,,monthly,175,750,750,GBP,paid,2026-04-26T11:46:00
se_008464,co_0929,renewal,Medium,,2026-05-26,2026-05-26,,,monthly,175,750,750,GBP,paid,2026-05-26T17:00:00
se_008465,co_0929,renewal,Medium,,2026-06-26,2026-06-26,,,monthly,175,750,750,GBP,paid,2026-06-26T08:40:00
se_008466,co_0930,trial_start,Small,,,,,2025-04-28,monthly,104,0,0,GBP,not_applicable,2025-04-21T08:15:00
se_008467,co_0931,trial_start,Small,,,,,2025-11-04,monthly,32,0,0,GBP,not_applicable,2025-10-28T16:52:00
se_008468,co_0931,converted,Small,,2025-10-30,2025-10-30,,,monthly,32,200,200,GBP,paid,2025-10-30T19:04:00
se_008469,co_0931,renewal,Small,,2025-11-30,2025-11-30,,,monthly,32,200,200,GBP,paid,2025-11-30T11:40:00
se_008470,co_0931,renewal,Small,,2025-12-30,2025-12-30,,,monthly,32,200,200,GBP,paid,2025-12-30T14:13:00
se_008471,co_0931,renewal,Small,,2026-01-30,2026-01-30,,,monthly,32,200,200,GBP,paid,2026-01-30T11:41:00
se_008472,co_0931,renewal,Small,,2026-02-28,2026-02-28,,,monthly,32,200,200,GBP,paid,2026-02-28T12:07:00
se_008473,co_0931,renewal,Small,,2026-03-28,2026-03-28,,,monthly,32,200,200,GBP,paid,2026-03-28T19:04:00
se_008474,co_0931,renewal,Small,,2026-04-28,2026-04-28,,,monthly,32,200,200,GBP,paid,2026-04-28T16:17:00
se_008475,co_0931,renewal,Small,,2026-05-28,2026-05-28,,,monthly,32,200,200,GBP,paid,2026-05-28T10:25:00
se_008476,co_0931,renewal,Small,,2026-06-28,2026-06-28,,,monthly,32,200,200,GBP,paid,2026-06-28T09:51:00
se_008477,co_0932,trial_start,Large,,,,,2024-12-25,monthly,760,0,0,GBP,not_applicable,2024-12-18T10:31:00
se_008478,co_0933,trial_start,Medium,,,,,2024-09-05,monthly,136,0,0,GBP,not_applicable,2024-08-29T14:57:00
se_008479,co_0934,trial_start,Medium,,,,,2024-04-21,monthly,117,0,0,GBP,not_applicable,2024-04-14T10:32:00
se_008480,co_0935,trial_start,Medium,,,,,2025-05-09,annual,138,0,0,GBP,not_applicable,2025-05-02T15:07:00
se_008481,co_0935,converted,Medium,,2025-05-04,2025-05-04,,,annual,138,750,9000,GBP,paid,2025-05-04T12:53:00
se_008482,co_0935,renewal,Medium,,2026-05-04,2026-05-04,,,annual,138,750,9000,GBP,paid,2026-05-04T19:48:00
se_008483,co_0936,trial_start,Medium,,,,,2024-08-31,monthly,310,0,0,GBP,not_applicable,2024-08-24T17:48:00
se_008484,co_0936,converted,Medium,,2024-08-28,2024-08-28,,,monthly,310,750,750,GBP,paid,2024-08-28T13:10:00
se_008485,co_0936,renewal,Medium,,2024-10-07,2024-09-28,,,monthly,310,750,750,GBP,paid,2024-09-28T19:18:00
se_008486,co_0936,renewal,Medium,,2024-10-28,2024-10-28,,,monthly,310,750,750,GBP,paid,2024-10-28T08:29:00
se_008487,co_0936,renewal,Medium,,2024-11-28,2024-11-28,,,monthly,310,750,750,GBP,paid,2024-11-28T11:53:00
se_008488,co_0936,renewal,Medium,,2024-12-28,2024-12-28,,,monthly,310,750,750,GBP,paid,2024-12-28T18:46:00
se_008489,co_0936,renewal,Medium,,2025-01-28,2025-01-28,,,monthly,310,750,750,GBP,paid,2025-01-28T19:32:00
se_008490,co_0936,renewal,Medium,,2025-02-28,2025-02-28,,,monthly,310,750,750,GBP,paid,2025-02-28T19:43:00
se_008491,co_0936,renewal,Medium,,2025-03-28,2025-03-28,,,monthly,310,750,750,GBP,paid,2025-03-28T11:09:00
se_008492,co_0936,renewal,Medium,,2025-04-28,2025-04-28,,,monthly,310,750,750,GBP,paid,2025-04-28T16:22:00
se_008493,co_0936,renewal,Medium,,2025-05-28,2025-05-28,,,monthly,310,750,750,GBP,paid,2025-05-28T10:39:00
se_008494,co_0936,renewal,Medium,,2025-06-28,2025-06-28,,,monthly,310,750,750,GBP,paid,2025-06-28T08:47:00
se_008495,co_0936,renewal,Medium,,2025-07-28,2025-07-28,,,monthly,310,750,750,GBP,paid,2025-07-28T08:27:00
se_008496,co_0936,renewal,Medium,,2025-08-28,2025-08-28,,,monthly,310,750,750,GBP,paid,2025-08-28T15:07:00
se_008497,co_0936,renewal,Medium,,2025-09-28,2025-09-28,,,monthly,310,750,750,GBP,paid,2025-09-28T10:55:00
se_008498,co_0936,renewal,Medium,,2025-10-28,2025-10-28,,,monthly,310,750,750,GBP,paid,2025-10-28T18:08:00
se_008499,co_0936,renewal,Medium,,2025-11-28,2025-11-28,,,monthly,310,750,750,GBP,paid,2025-11-28T16:33:00
se_008500,co_0936,renewal,Medium,,2025-12-28,2025-12-28,,,monthly,310,750,750,GBP,paid,2025-12-28T14:49:00
se_008501,co_0936,renewal,Medium,,2026-01-28,2026-01-28,,,monthly,310,750,750,GBP,paid,2026-01-28T17:02:00
se_008502,co_0936,renewal,Medium,,2026-02-28,2026-02-28,,,monthly,310,750,750,GBP,paid,2026-02-28T12:18:00
se_008503,co_0936,renewal,Medium,,2026-03-28,2026-03-28,,,monthly,310,750,750,GBP,paid,2026-03-28T08:37:00
se_008504,co_0936,renewal,Medium,,2026-04-28,2026-04-28,,,monthly,310,750,750,GBP,paid,2026-04-28T17:07:00
se_008505,co_0936,renewal,Medium,,2026-05-28,2026-05-28,,,monthly,310,750,750,GBP,paid,2026-05-28T13:53:00
se_008506,co_0936,renewal,Medium,,2026-06-29,2026-06-28,,,monthly,310,750,750,GBP,paid,2026-06-28T15:32:00
se_008507,co_0937,trial_start,Small,,,,,2025-10-31,monthly,56,0,0,GBP,not_applicable,2025-10-24T08:53:00
se_008508,co_0938,trial_start,Medium,,,,,2025-09-26,monthly,140,0,0,GBP,not_applicable,2025-09-19T14:43:00
se_008509,co_0938,converted,Medium,,2025-09-25,2025-09-25,,,monthly,140,750,750,GBP,paid,2025-09-25T13:24:00
se_008510,co_0938,renewal,Medium,,2025-10-30,2025-10-25,,,monthly,140,750,750,GBP,paid,2025-10-25T09:41:00
se_008511,co_0938,renewal,Medium,,2025-11-25,2025-11-25,,,monthly,140,750,750,GBP,paid,2025-11-25T09:43:00
se_008512,co_0938,renewal,Medium,,2025-12-25,2025-12-25,,,monthly,140,750,750,GBP,paid,2025-12-25T13:03:00
se_008513,co_0938,renewal,Medium,,2026-02-08,2026-01-25,,,monthly,140,750,750,GBP,paid,2026-01-25T08:32:00
se_008514,co_0938,renewal,Medium,,2026-02-25,2026-02-25,,,monthly,140,750,750,GBP,paid,2026-02-25T08:46:00
se_008515,co_0938,payment_failed,Medium,,2026-03-25,2026-03-25,,,monthly,140,750,750,GBP,failed,2026-03-25T16:30:00
se_008516,co_0938,payment_recovered,Medium,,2026-04-03,2026-04-03,,,monthly,140,750,750,GBP,paid,2026-04-03T17:52:00
se_008517,co_0938,renewal,Medium,,2026-04-25,2026-04-25,,,monthly,140,750,750,GBP,paid,2026-04-25T14:51:00
se_008518,co_0938,renewal,Medium,,2026-05-25,2026-05-25,,,monthly,140,750,750,GBP,paid,2026-05-25T18:02:00
se_008519,co_0938,renewal,Medium,,2026-06-25,2026-06-25,,,monthly,140,750,750,GBP,paid,2026-06-25T19:41:00
se_008520,co_0939,trial_start,Small,,,,,2024-11-01,monthly,38,0,0,GBP,not_applicable,2024-10-25T18:03:00
se_008521,co_0939,converted,Small,,2024-11-04,2024-11-04,,,monthly,38,200,200,GBP,paid,2024-11-04T10:07:00
se_008522,co_0939,renewal,Small,,2024-12-04,2024-12-04,,,monthly,38,200,200,GBP,paid,2024-12-04T13:10:00
se_008523,co_0939,renewal,Small,,2025-01-25,2025-01-04,,,monthly,38,200,200,GBP,paid,2025-01-04T13:10:00
se_008524,co_0939,renewal,Small,,2025-02-04,2025-02-04,,,monthly,38,200,200,GBP,paid,2025-02-04T10:36:00
se_008525,co_0939,renewal,Small,,2025-03-04,2025-03-04,,,monthly,38,200,200,GBP,paid,2025-03-04T08:33:00
se_008526,co_0939,renewal,Small,,2025-04-04,2025-04-04,,,monthly,38,200,200,GBP,paid,2025-04-04T08:57:00
se_008527,co_0939,renewal,Small,,2025-05-04,2025-05-04,,,monthly,38,200,200,GBP,paid,2025-05-04T11:51:00
se_008528,co_0939,renewal,SMALL,,2025-06-04,2025-06-04,,,monthly,38,200,200,GBP,paid,2025-06-04T11:18:00
se_008529,co_0939,renewal,Small,,2025-07-04,2025-07-04,,,monthly,38,200,200,GBP,paid,2025-07-04T09:53:00
se_008530,co_0939,renewal,Small,,2025-08-04,2025-08-04,,,monthly,38,200,200,GBP,paid,2025-08-04T10:12:00
se_008531,co_0939,renewal,Small,,2025-09-04,2025-09-04,,,monthly,38,200,200,GBP,paid,2025-09-04T18:12:00
se_008532,co_0939,renewal,Small,,2025-10-04,2025-10-04,,,monthly,38,200,200,GBP,paid,2025-10-04T13:22:00
se_008533,co_0939,renewal,Small ,,2025-11-04,2025-11-04,,,monthly,38,200,200,GBP,paid,2025-11-04T15:52:00
se_008534,co_0939,renewal,Small,,2025-12-04,2025-12-04,,,monthly,38,200,200,GBP,paid,2025-12-04T10:02:00
se_008535,co_0939,payment_failed,Small,,2026-01-04,2026-01-04,,,monthly,38,200,200,GBP,failed,2026-01-04T13:17:00
se_008536,co_0939,renewal,Small,,2026-02-04,2026-02-04,,,monthly,38,200,200,GBP,paid,2026-02-04T18:01:00
se_008537,co_0939,renewal,Small,,2026-03-04,2026-03-04,,,monthly,38,200,200,GBP,paid,2026-03-04T09:19:00
se_008538,co_0939,renewal,Small,,2026-04-04,2026-04-04,,,monthly,38,200,200,GBP,paid,2026-04-04T10:20:00
se_008539,co_0939,renewal,Small,,2026-05-04,2026-05-04,,,monthly,38,200,200,GBP,paid,2026-05-04T19:21:00
se_008540,co_0939,renewal,Small,,2026-06-04,2026-06-04,,,monthly,38,200,200,GBP,paid,2026-06-04T18:19:00
se_008541,co_0940,trial_start,Medium,,,,,2026-02-20,annual,232,0,0,GBP,not_applicable,2026-02-13T14:34:00
se_008542,co_0940,converted,Medium,,2026-02-20,2026-02-20,,,annual,232,750,9000,GBP,paid,2026-02-20T15:11:00
se_008543,co_0941,trial_start,Small,,,,,2026-03-15,annual,83,0,0,GBP,not_applicable,2026-03-08T14:24:00
se_008544,co_0941,converted,Small,,2026-03-14,2026-03-14,,,annual,83,200,2400,GBP,paid,2026-03-14T09:39:00
se_008545,co_0942,trial_start,Small,,,,,2025-06-12,monthly,110,0,0,GBP,not_applicable,2025-06-05T11:39:00
se_008546,co_0942,converted,Small,,2025-06-14,2025-06-14,,,monthly,110,200,200,GBP,paid,2025-06-14T12:14:00
se_008547,co_0942,renewal,Small,,2025-07-14,2025-07-14,,,monthly,110,200,200,GBP,paid,2025-07-14T15:38:00
se_008548,co_0942,renewal,Small,,2025-08-14,2025-08-14,,,monthly,110,200,200,GBP,paid,2025-08-14T15:27:00
se_008549,co_0942,renewal,Small,,2025-09-14,2025-09-14,,,monthly,110,200,200,GBP,paid,2025-09-14T10:37:00
se_008550,co_0942,renewal,Small,,2025-10-14,2025-10-14,,,monthly,110,200,200,GBP,paid,2025-10-14T15:52:00
se_008551,co_0942,renewal,Small,,2025-11-14,2025-11-14,,,monthly,110,200,200,GBP,paid,2025-11-14T19:45:00
se_008552,co_0942,renewal,Small,,2026-01-02,2025-12-14,,,monthly,110,200,200,GBP,paid,2025-12-14T13:19:00
se_008553,co_0942,renewal,Small,,2026-01-14,2026-01-14,,,monthly,110,200,200,GBP,paid,2026-01-14T13:58:00
se_008554,co_0942,renewal,Small,,2026-02-14,2026-02-14,,,monthly,110,200,200,GBP,paid,2026-02-14T08:33:00
se_008555,co_0942,renewal,Small,,2026-03-14,2026-03-14,,,monthly,110,200,200,GBP,paid,2026-03-14T19:34:00
se_008556,co_0942,renewal,Small,,,2026-04-14,,,monthly,110,200,200,GBP,paid,2026-04-14T18:33:00
se_008557,co_0942,renewal,Small,,2026-05-14,2026-05-14,,,monthly,110,200,200,GBP,paid,2026-05-14T19:54:00
se_008558,co_0942,renewal,Small,,2026-06-14,2026-06-14,,,monthly,110,200,200,GBP,paid,2026-06-14T11:06:00
se_008559,co_0943,trial_start,Small,,,,,2025-01-14,monthly,94,0,0,GBP,not_applicable,2025-01-07T15:44:00
se_008560,co_0944,trial_start,Small,,,,,2024-07-31,monthly,61,0,0,GBP,not_applicable,2024-07-24T15:25:00
se_008561,co_0945,trial_start,Small ,,,,,2025-10-17,monthly,131,0,0,GBP,not_applicable,2025-10-10T17:56:00
se_008562,co_0945,converted,Small,,2025-10-12,2025-10-12,,,monthly,131,200,200,GBP,paid,2025-10-12T18:51:00
se_008563,co_0945,renewal,Small,,2025-11-12,2025-11-12,,,monthly,131,200,200,GBP,paid,2025-11-12T17:43:00
se_008564,co_0945,renewal,Small,,2025-12-12,2025-12-12,,,monthly,131,200,200,GBP,paid,2025-12-12T15:52:00
se_008565,co_0945,renewal,Small,,2026-01-12,2026-01-12,,,monthly,131,200,200,GBP,paid,2026-01-12T17:38:00
se_008566,co_0945,renewal,Small,,2026-02-12,2026-02-12,,,monthly,131,200,200,GBP,paid,2026-02-12T19:05:00
se_008567,co_0945,renewal,Small,,2026-03-12,2026-03-12,,,monthly,131,200,200,GBP,paid,2026-03-12T08:19:00
se_008568,co_0945,renewal,Small,,2026-05-02,2026-04-12,,,monthly,131,200,200,GBP,paid,2026-04-12T12:03:00
se_008569,co_0945,renewal,Small,,2026-05-12,2026-05-12,,,monthly,131,200,200,GBP,paid,2026-05-12T17:18:00
se_008570,co_0945,renewal,Small,,2026-06-12,2026-06-12,,,monthly,131,200,200,GBP,paid,2026-06-12T09:01:00
se_008571,co_0946,trial_start,Medium,,,,,2025-10-05,monthly,236,0,0,GBP,not_applicable,2025-09-28T17:25:00
se_008572,co_0946,converted,Medium,,2025-10-06,2025-10-06,,,monthly,236,750,750,GBP,paid,2025-10-06T15:37:00
se_008573,co_0946,renewal,Medium,,2025-11-10,2025-11-06,,,monthly,236,750,750,GBP,paid,2025-11-06T15:32:00
se_008574,co_0946,renewal,Medium,,2025-12-06,2025-12-06,,,monthly,236,750,750,GBP,paid,2025-12-06T10:17:00
se_008575,co_0946,renewal,Medium,,2026-01-06,2026-01-06,,,monthly,236,750,750,GBP,paid,2026-01-06T15:00:00
se_008576,co_0946,renewal,Medium,,2026-02-06,2026-02-06,,,monthly,236,750,750,GBP,paid,2026-02-06T15:54:00
se_008577,co_0946,downgrade,Small,Medium,2026-02-20,2026-02-20,,,monthly,236,200,200,GBP,paid,2026-02-20T19:46:00
se_008578,co_0946,renewal,Small,,2026-03-12,2026-03-06,,,monthly,236,200,200,GBP,paid,2026-03-06T12:41:00
se_008579,co_0946,renewal,Small,,2026-04-06,2026-04-06,,,monthly,236,200,200,GBP,paid,2026-04-06T18:31:00
se_008580,co_0946,renewal,Small,,2026-05-06,2026-05-06,,,monthly,236,200,200,GBP,paid,2026-05-06T16:22:00
se_008581,co_0946,renewal,Small,,2026-06-06,2026-06-06,,,monthly,236,200,200,GBP,paid,2026-06-06T08:41:00
se_008582,co_0947,trial_start,Small,,,,,2023-07-27,monthly,32,0,0,GBP,not_applicable,2023-07-20T15:57:00
se_008583,co_0947,converted,Small,,2023-07-28,2023-07-28,,,monthly,32,200,200,GBP,paid,2023-07-28T19:54:00
se_008584,co_0947,renewal,Small,,2023-08-28,2023-08-28,,,monthly,32,200,200,GBP,paid,2023-08-28T09:41:00
se_008585,co_0947,renewal,Small,,2023-09-28,2023-09-28,,,monthly,32,200,200,GBP,paid,2023-09-28T19:18:00
se_008586,co_0947,renewal,Small,,2023-10-28,2023-10-28,,,monthly,32,200,200,GBP,paid,2023-10-28T08:12:00
se_008587,co_0947,renewal,Small,,2023-11-28,2023-11-28,,,monthly,32,200,200,GBP,paid,2023-11-28T19:56:00
se_008588,co_0947,renewal,Small,,2023-12-28,2023-12-28,,,monthly,32,200,200,GBP,paid,2023-12-28T13:31:00
se_008589,co_0947,renewal,Small,,2024-01-28,2024-01-28,,,monthly,32,200,200,GBP,paid,2024-01-28T15:30:00
se_008590,co_0947,renewal,Small,,2024-02-28,2024-02-28,,,monthly,32,200,200,GBP,paid,2024-02-28T13:58:00
se_008591,co_0947,renewal,Small,,2024-03-28,2024-03-28,,,monthly,32,200,200,GBP,paid,2024-03-28T18:35:00
se_008592,co_0947,renewal,Small,,2024-04-28,2024-04-28,,,monthly,32,200,200,GBP,paid,2024-04-28T16:13:00
se_008593,co_0947,renewal,Small,,2024-05-28,2024-05-28,,,monthly,32,200,200,GBP,paid,2024-05-28T08:48:00
se_008594,co_0947,renewal,Small,,2024-06-28,2024-06-28,,,monthly,32,200,200,GBP,paid,2024-06-28T15:53:00
se_008595,co_0947,renewal,Small,,2024-07-28,2024-07-28,,,monthly,32,200,200,GBP,paid,2024-07-28T17:51:00
se_008596,co_0947,renewal,Small ,,2024-08-28,2024-08-28,,,monthly,32,200,200,GBP,paid,2024-08-28T16:07:00
se_008597,co_0947,renewal,Small,,2024-09-28,2024-09-28,,,monthly,32,200,200,GBP,paid,2024-09-28T11:47:00
se_008598,co_0947,renewal,Small,,2024-10-28,2024-10-28,,,monthly,32,200,200,GBP,paid,2024-10-28T10:33:00
se_008599,co_0947,renewal,Small,,,2024-11-28,,,monthly,32,200,200,GBP,paid,2024-11-28T10:31:00
se_008600,co_0947,renewal,Small,,2024-12-28,2024-12-28,,,monthly,32,200,200,GBP,paid,2024-12-28T09:22:00
se_008601,co_0947,renewal,Small,,2025-01-28,2025-01-28,,,monthly,32,200,200,GBP,paid,2025-01-28T14:59:00
se_008602,co_0947,renewal,Small,,2025-02-28,2025-02-28,,,monthly,32,200,200,GBP,paid,2025-02-28T09:03:00
se_008603,co_0947,renewal,Small,,2025-03-28,2025-03-28,,,monthly,32,200,200,GBP,paid,2025-03-28T14:24:00
se_008604,co_0947,renewal,Small,,2025-04-28,2025-04-28,,,monthly,32,200,200,GBP,paid,2025-04-28T17:25:00
se_008605,co_0947,renewal,Small,,2025-05-28,2025-05-28,,,monthly,32,200,200,GBP,paid,2025-05-28T19:27:00
se_008606,co_0947,renewal,Small,,2025-06-28,2025-06-28,,,monthly,32,200,200,GBP,paid,2025-06-28T19:23:00
se_008607,co_0947,renewal,Small,,2025-07-28,2025-07-28,,,monthly,32,200,200,GBP,paid,2025-07-28T15:51:00
se_008608,co_0947,renewal,small,,2025-08-28,2025-08-28,,,monthly,32,200,200,GBP,paid,2025-08-28T19:43:00
se_008609,co_0947,renewal,Small,,2025-10-08,2025-09-28,,,monthly,32,200,200,GBP,paid,2025-09-28T17:24:00
se_008610,co_0947,renewal,Small,,2025-10-28,2025-10-28,,,monthly,32,200,200,GBP,paid,2025-10-28T14:47:00
se_008611,co_0947,renewal,Small,,2025-11-28,2025-11-28,,,monthly,32,200,200,GBP,paid,2025-11-28T14:46:00
se_008612,co_0947,renewal,Small,,2025-12-28,2025-12-28,,,monthly,32,200,200,GBP,paid,2025-12-28T09:10:00
se_008613,co_0947,renewal,Small,,2026-01-28,2026-01-28,,,monthly,32,200,200,GBP,paid,2026-01-28T18:07:00
se_008614,co_0947,renewal,Small,,2026-03-20,2026-02-28,,,monthly,32,200,200,GBP,paid,2026-02-28T17:33:00
se_008615,co_0947,renewal,Small,,2026-03-28,2026-03-28,,,monthly,32,200,200,GBP,paid,2026-03-28T12:52:00
se_008616,co_0947,renewal,Small,,2026-04-28,2026-04-28,,,monthly,32,200,200,GBP,paid,2026-04-28T08:47:00
se_008617,co_0947,renewal,SMALL,,2026-05-28,2026-05-28,,,monthly,32,200,200,GBP,paid,2026-05-28T12:17:00
se_008618,co_0947,renewal,Small,,2026-06-28,2026-06-28,,,monthly,32,200,200,GBP,paid,2026-06-28T08:23:00
se_008619,co_0948,trial_start,Small,,,,,2023-11-07,monthly,134,0,0,GBP,not_applicable,2023-10-31T17:47:00
se_008620,co_0949,trial_start,Medium,,,,,2023-11-24,monthly,123,0,0,GBP,not_applicable,2023-11-17T09:31:00
se_008621,co_0949,converted,Medium,,2023-11-21,2023-11-21,,,monthly,123,750,750,GBP,paid,2023-11-21T08:45:00
se_008622,co_0949,renewal,Medium,,2023-12-21,2023-12-21,,,monthly,123,750,750,GBP,paid,2023-12-21T13:39:00
se_008623,co_0949,renewal,Medium,,2024-01-21,2024-01-21,,,monthly,123,750,750,GBP,paid,2024-01-21T15:18:00
se_008624,co_0949,renewal,Medium,,2024-02-21,2024-02-21,,,monthly,123,750,750,GBP,paid,2024-02-21T08:05:00
se_008625,co_0949,renewal,Medium,,2024-04-09,2024-03-21,,,monthly,123,750,750,GBP,paid,2024-03-21T13:14:00
se_008626,co_0949,renewal,Medium,,2024-04-21,2024-04-21,,,monthly,123,750,750,GBP,paid,2024-04-21T14:09:00
se_008627,co_0949,renewal,Medium,,2024-05-21,2024-05-21,,,monthly,123,750,750,GBP,paid,2024-05-21T08:08:00
se_008628,co_0949,renewal,Medium,,2024-06-21,2024-06-21,,,monthly,123,750,750,GBP,paid,2024-06-21T16:34:00
se_008629,co_0949,renewal,Medium,,2024-07-21,2024-07-21,,,monthly,123,750,750,GBP,paid,2024-07-21T08:13:00
se_008630,co_0949,renewal,Medium,,2024-08-21,2024-08-21,,,monthly,123,750,750,GBP,paid,2024-08-21T10:27:00
se_008631,co_0949,renewal,Medium,,2024-09-21,2024-09-21,,,monthly,123,750,750,GBP,paid,2024-09-21T09:56:00
se_008632,co_0949,renewal,Medium,,2024-10-21,2024-10-21,,,monthly,123,750,750,GBP,paid,2024-10-21T18:19:00
se_008633,co_0949,renewal,Medium,,2024-11-21,2024-11-21,,,monthly,123,750,750,GBP,paid,2024-11-21T18:54:00
se_008634,co_0949,renewal,Medium,,2024-12-21,2024-12-21,,,monthly,123,750,750,GBP,paid,2024-12-21T08:02:00
se_008635,co_0949,renewal,Medium,,2025-01-21,2025-01-21,,,monthly,123,750,750,GBP,paid,2025-01-21T10:43:00
se_008636,co_0949,renewal,Medium,,2025-03-01,2025-02-21,,,monthly,123,750,750,GBP,paid,2025-02-21T12:30:00
se_008637,co_0949,renewal,Medium,,2025-03-21,2025-03-21,,,monthly,123,750,750,GBP,paid,2025-03-21T14:36:00
se_008638,co_0949,renewal,Medium,,2025-04-21,2025-04-21,,,monthly,123,750,750,GBP,paid,2025-04-21T10:57:00
se_008639,co_0949,renewal,Medium,,2025-05-21,2025-05-21,,,monthly,123,750,750,GBP,paid,2025-05-21T17:54:00
se_008640,co_0949,renewal,Medium,,2025-06-30,2025-06-21,,,monthly,123,750,750,GBP,paid,2025-06-21T12:35:00
se_008641,co_0949,renewal,Medium,,2025-07-21,2025-07-21,,,monthly,123,750,750,GBP,paid,2025-07-21T18:06:00
se_008642,co_0949,renewal,Medium,,2025-08-21,2025-08-21,,,monthly,123,750,750,GBP,paid,2025-08-21T15:39:00
se_008643,co_0949,renewal,Medium,,2025-09-21,2025-09-21,,,monthly,123,750,750,GBP,paid,2025-09-21T12:16:00
se_008644,co_0949,renewal,Medium,,2025-10-21,2025-10-21,,,monthly,123,750,750,GBP,paid,2025-10-21T14:49:00
se_008645,co_0949,renewal,Medium,,2025-11-21,2025-11-21,,,monthly,123,750,750,GBP,paid,2025-11-21T09:35:00
se_008646,co_0949,renewal,Medium,,2025-12-21,2025-12-21,,,monthly,123,750,750,GBP,paid,2025-12-21T19:20:00
se_008647,co_0949,renewal,Medium,,2026-01-21,2026-01-21,,,monthly,123,750,750,GBP,paid,2026-01-21T19:00:00
se_008648,co_0949,renewal,Medium,,2026-02-21,2026-02-21,,,monthly,123,750,750,GBP,paid,2026-02-21T09:18:00
se_008649,co_0949,renewal,Medium,,2026-03-21,2026-03-21,,,monthly,123,750,750,GBP,paid,2026-03-21T08:28:00
se_008650,co_0949,renewal,Medium,,2026-04-21,2026-04-21,,,monthly,123,750,750,GBP,paid,2026-04-21T15:11:00
se_008651,co_0949,renewal,Medium,,2026-06-10,2026-05-21,,,monthly,123,750,750,GBP,paid,2026-05-21T17:59:00
se_008652,co_0949,renewal,Medium,,,2026-06-21,,,monthly,123,750,750,GBP,paid,2026-06-21T10:26:00
se_008653,co_0950,trial_start,Medium,,,,,2023-11-02,annual,179,0,0,GBP,not_applicable,2023-10-26T12:46:00
se_008654,co_0950,converted,Medium,,2023-11-01,2023-11-01,,,annual,179,750,9000,GBP,paid,2023-11-01T19:31:00
se_008655,co_0950,renewal,Medium,,2024-11-01,2024-11-01,,,annual,179,750,9000,GBP,paid,2024-11-01T13:04:00
se_008656,co_0950,renewal,Medium,,2025-11-01,2025-11-01,,,annual,179,750,9000,GBP,paid,2025-11-01T15:18:00
se_008657,co_0951,trial_start,Medium,,,,,2024-08-29,annual,498,0,0,GBP,not_applicable,2024-08-22T11:13:00
se_008658,co_0951,converted,Medium,,2024-08-25,2024-08-25,,,annual,498,750,9000,GBP,paid,2024-08-25T16:02:00
se_008659,co_0951,renewal,Medium,,2025-09-05,2025-08-25,,,annual,498,750,9000,GBP,paid,2025-08-25T12:25:00
se_008660,co_0952,trial_start,Small,,,,,2025-01-15,monthly,131,0,0,GBP,not_applicable,2025-01-08T11:10:00
se_008661,co_0952,converted,Small,,2025-01-17,2025-01-17,,,monthly,131,200,200,GBP,paid,2025-01-17T18:06:00
se_008662,co_0952,renewal,Small,,2025-02-17,2025-02-17,,,monthly,131,200,200,GBP,paid,2025-02-17T17:18:00
se_008663,co_0952,renewal,Small,,2025-03-20,2025-03-17,,,monthly,131,200,200,GBP,paid,2025-03-17T16:41:00
se_008664,co_0952,renewal,Small,,2025-04-17,2025-04-17,,,monthly,131,200,200,GBP,paid,2025-04-17T16:43:00
se_008665,co_0952,renewal,Small,,2025-05-27,2025-05-17,,,monthly,131,200,200,GBP,paid,2025-05-17T09:29:00
se_008666,co_0952,renewal,Small,,2025-06-17,2025-06-17,,,monthly,131,200,200,GBP,paid,2025-06-17T18:09:00
se_008667,co_0952,renewal,Small,,2025-07-17,2025-07-17,,,monthly,131,200,200,GBP,paid,2025-07-17T13:39:00
se_008668,co_0952,renewal,Small,,2025-08-17,2025-08-17,,,monthly,131,200,200,GBP,paid,2025-08-17T09:00:00
se_008669,co_0952,renewal,Small,,2025-09-17,2025-09-17,,,monthly,131,200,200,GBP,paid,2025-09-17T09:48:00
se_008670,co_0952,renewal,Small,,2025-10-17,2025-10-17,,,monthly,131,200,200,GBP,paid,2025-10-17T14:53:00
se_008671,co_0952,renewal,Small,,2025-11-17,2025-11-17,,,monthly,131,200,200,GBP,paid,2025-11-17T09:32:00
se_008672,co_0952,renewal,Small,,2026-01-04,2025-12-17,,,monthly,131,200,200,GBP,paid,2025-12-17T17:00:00
se_008673,co_0952,renewal,Small,,2026-01-17,2026-01-17,,,monthly,131,200,200,GBP,paid,2026-01-17T17:28:00
se_008674,co_0952,renewal,Small,,2026-02-17,2026-02-17,,,monthly,131,200,200,GBP,paid,2026-02-17T17:25:00
se_008675,co_0952,renewal,Small,,2026-03-17,2026-03-17,,,monthly,131,200,200,GBP,paid,2026-03-17T12:31:00
se_008676,co_0952,renewal,Small,,2026-04-17,2026-04-17,,,monthly,131,200,200,GBP,paid,2026-04-17T12:46:00
se_008677,co_0952,renewal,Small,,2026-05-17,2026-05-17,,,monthly,131,200,200,GBP,paid,2026-05-17T16:18:00
se_008678,co_0952,renewal,Small,,2026-06-29,2026-06-17,,,monthly,131,200,200,GBP,paid,2026-06-17T10:56:00
se_008679,co_0953,trial_start,Small,,,,,2023-07-21,monthly,51,0,0,GBP,not_applicable,2023-07-14T10:46:00
se_008680,co_0954,trial_start,Small,,,,,2024-12-04,monthly,26,0,0,GBP,not_applicable,2024-11-27T13:56:00
se_008681,co_0955,trial_start,Small,,,,,2026-03-25,annual,65,0,0,GBP,not_applicable,2026-03-18T14:03:00
se_008682,co_0955,converted,Small,,2026-03-28,2026-03-28,,,annual,65,200,2400,GBP,paid,2026-03-28T18:33:00
se_008683,co_0956,trial_start,Medium,,,,,2026-03-24,monthly,132,0,0,GBP,not_applicable,2026-03-17T13:28:00
se_008684,co_0957,trial_start,Small,,,,,2023-07-22,monthly,130,0,0,GBP,not_applicable,2023-07-15T11:57:00
se_008685,co_0957,converted,Small,,2023-07-21,2023-07-21,,,monthly,130,200,200,GBP,paid,2023-07-21T13:03:00
se_008686,co_0957,renewal,Small,,2023-08-24,2023-08-21,,,monthly,130,200,200,GBP,paid,2023-08-21T09:02:00
se_008687,co_0957,renewal,Small,,2023-09-26,2023-09-21,,,monthly,130,200,200,GBP,paid,2023-09-21T15:25:00
se_008688,co_0957,renewal,Small,,2023-10-21,2023-10-21,,,monthly,130,200,200,GBP,paid,2023-10-21T14:17:00
se_008689,co_0957,renewal,Small,,2023-11-21,2023-11-21,,,monthly,130,200,200,GBP,paid,2023-11-21T17:06:00
se_008690,co_0957,renewal,Small,,2023-12-21,2023-12-21,,,monthly,130,200,200,GBP,paid,2023-12-21T10:46:00
se_008691,co_0957,renewal,Small,,2024-01-21,2024-01-21,,,monthly,130,200,200,GBP,paid,2024-01-21T08:49:00
se_008692,co_0957,renewal,Small,,2024-02-21,2024-02-21,,,monthly,130,200,200,GBP,paid,2024-02-21T16:47:00
se_008693,co_0957,renewal,Small,,2024-04-07,2024-03-21,,,monthly,130,200,200,GBP,paid,2024-03-21T10:57:00
se_008694,co_0957,renewal,Small,,2024-04-21,2024-04-21,,,monthly,130,200,200,GBP,paid,2024-04-21T12:58:00
se_008695,co_0957,renewal,Small,,2024-05-21,2024-05-21,,,monthly,130,200,200,GBP,paid,2024-05-21T08:56:00
se_008696,co_0957,renewal,Small,,2024-06-21,2024-06-21,,,monthly,130,200,200,GBP,paid,2024-06-21T14:41:00
se_008697,co_0957,renewal,Small,,2024-07-21,2024-07-21,,,monthly,130,200,200,GBP,paid,2024-07-21T19:04:00
se_008698,co_0957,renewal,Small,,2024-08-21,2024-08-21,,,monthly,130,200,200,GBP,paid,2024-08-21T13:30:00
se_008699,co_0957,renewal,Small,,2024-09-21,2024-09-21,,,monthly,130,200,200,GBP,paid,2024-09-21T17:40:00
se_008700,co_0957,renewal,Small,,2024-10-21,2024-10-21,,,monthly,130,200,200,GBP,paid,2024-10-21T09:30:00
se_008701,co_0957,renewal,Small,,2024-11-21,2024-11-21,,,monthly,130,200,200,GBP,paid,2024-11-21T08:57:00
se_008702,co_0957,renewal,Small,,2024-12-21,2024-12-21,,,monthly,130,200,200,GBP,paid,2024-12-21T10:37:00
se_008703,co_0957,renewal,Small,,2025-01-21,2025-01-21,,,monthly,130,200,200,GBP,paid,2025-01-21T13:28:00
se_008704,co_0957,renewal,Small,,2025-02-21,2025-02-21,,,monthly,130,200,200,GBP,paid,2025-02-21T09:24:00
se_008705,co_0957,renewal,Small,,2025-03-21,2025-03-21,,,monthly,130,200,200,GBP,paid,2025-03-21T09:08:00
se_008706,co_0957,renewal,Small,,2025-04-21,2025-04-21,,,monthly,130,200,200,GBP,paid,2025-04-21T09:35:00
se_008707,co_0957,renewal,Small,,2025-05-21,2025-05-21,,,monthly,130,200,200,GBP,paid,2025-05-21T17:12:00
se_008708,co_0957,renewal,Small,,2025-06-21,2025-06-21,,,monthly,130,200,200,GBP,paid,2025-06-21T08:12:00
se_008709,co_0957,renewal,Small,,2025-07-21,2025-07-21,,,monthly,130,200,200,GBP,paid,2025-07-21T17:59:00
se_008710,co_0957,upgrade,Medium,Small,2025-08-04,2025-08-04,,,monthly,130,750,750,GBP,paid,2025-08-04T16:23:00
se_008711,co_0957,renewal,Medium,,2025-08-21,2025-08-21,,,monthly,130,750,750,GBP,paid,2025-08-21T11:27:00
se_008712,co_0957,renewal,Medium,,2025-09-21,2025-09-21,,,monthly,130,750,750,GBP,paid,2025-09-21T14:27:00
se_008713,co_0957,renewal,Medium,,2025-10-21,2025-10-21,,,monthly,130,750,750,GBP,paid,2025-10-21T16:49:00
se_008714,co_0957,renewal,Medium,,2025-11-21,2025-11-21,,,monthly,130,750,750,GBP,paid,2025-11-21T15:16:00
se_008715,co_0957,renewal,Medium,,2025-12-21,2025-12-21,,,monthly,130,750,750,GBP,paid,2025-12-21T12:11:00
se_008716,co_0957,renewal,Medium,,2026-01-21,2026-01-21,,,monthly,130,750,750,GBP,paid,2026-01-21T14:14:00
se_008717,co_0957,renewal,Medium,,2026-02-21,2026-02-21,,,monthly,130,750,750,GBP,paid,2026-02-21T14:07:00
se_008718,co_0957,renewal,Medium,,2026-03-21,2026-03-21,,,monthly,130,750,750,GBP,paid,2026-03-21T08:59:00
se_008719,co_0957,renewal,Medium,,2026-04-21,2026-04-21,,,monthly,130,750,750,GBP,paid,2026-04-21T10:18:00
se_008720,co_0957,renewal,Medium,,2026-05-21,2026-05-21,,,monthly,130,750,750,GBP,paid,2026-05-21T11:15:00
se_008721,co_0957,renewal,Medium,,2026-06-21,2026-06-21,,,monthly,130,750,750,GBP,paid,2026-06-21T14:03:00
se_008722,co_0958,trial_start,Small,,,,,2026-06-21,monthly,64,0,0,GBP,not_applicable,2026-06-14T19:48:00
se_008723,co_0959,trial_start,Small,,,,,2024-11-02,annual,104,0,0,GBP,not_applicable,2024-10-26T09:39:00
se_008724,co_0959,converted,Small,,2024-10-30,2024-10-30,,,annual,104,200,2400,GBP,paid,2024-10-30T09:55:00
se_008725,co_0959,renewal,Small,,2025-10-30,2025-10-30,,,annual,104,200,2400,GBP,paid,2025-10-30T10:48:00
se_008726,co_0960,trial_start,Small,,,,,2025-10-27,annual,21,0,0,GBP,not_applicable,2025-10-20T09:49:00
se_008727,co_0961,trial_start,Small ,,,,,2025-08-13,monthly,96,0,0,GBP,not_applicable,2025-08-06T11:46:00
se_008728,co_0962,trial_start,Small,,,,,2025-12-01,annual,53,0,0,GBP,not_applicable,2025-11-24T16:15:00
se_008729,co_0962,converted,Small,,2025-12-01,2025-12-01,,,annual,53,200,2400,GBP,paid,2025-12-01T15:59:00
se_008730,co_0963,trial_start,Medium,,,,,2026-06-01,monthly,155,0,0,GBP,not_applicable,2026-05-25T18:49:00
se_008731,co_0963,converted,Medium,,2026-06-04,2026-06-04,,,monthly,155,750,750,GBP,paid,2026-06-04T18:55:00
se_008732,co_0964,trial_start,SMALL,,,,,2026-01-24,annual,134,0,0,GBP,not_applicable,2026-01-17T17:59:00
se_008733,co_0964,converted,Small,,2026-01-26,2026-01-26,,,annual,134,200,2400,GBP,paid,2026-01-26T10:50:00
se_008734,co_0965,trial_start,Small,,,,,2026-05-22,annual,32,0,0,GBP,not_applicable,2026-05-15T13:28:00
se_008735,co_0966,trial_start,Small,,,,,2026-01-20,annual,116,0,0,GBP,not_applicable,2026-01-13T19:00:00
se_008736,co_0967,trial_start,Small,,,,,2023-07-31,annual,87,0,0,GBP,not_applicable,2023-07-24T17:41:00
se_008737,co_0967,converted,Small,,2023-07-26,2023-07-26,,,annual,87,200,2400,GBP,paid,2023-07-26T11:33:00
se_008738,co_0967,renewal,Small,,2024-07-26,2024-07-26,,,annual,87,200,2400,GBP,paid,2024-07-26T17:56:00
se_008739,co_0967,renewal,Small,,2025-07-26,2025-07-26,,,annual,87,200,2400,GBP,paid,2025-07-26T08:17:00
se_008740,co_0968,trial_start,Medium,,,,,2026-03-14,monthly,409,0,0,GBP,not_applicable,2026-03-07T10:06:00
se_008741,co_0968,converted,Medium,,2026-03-12,2026-03-12,,,monthly,409,750,750,GBP,paid,2026-03-12T19:01:00
se_008742,co_0968,renewal,Medium,,2026-04-12,2026-04-12,,,monthly,409,750,750,GBP,paid,2026-04-12T15:52:00
se_008743,co_0968,renewal,Medium,,2026-05-12,2026-05-12,,,monthly,409,750,750,GBP,paid,2026-05-12T09:30:00
se_008744,co_0968,renewal,Medium,,2026-06-12,2026-06-12,,,monthly,409,750,750,GBP,paid,2026-06-12T08:34:00
se_008745,co_0969,trial_start,Small,,,,,2024-11-27,monthly,70,0,0,GBP,not_applicable,2024-11-20T18:55:00
se_008746,co_0969,converted,Small,,2024-11-29,2024-11-29,,,monthly,70,200,200,GBP,paid,2024-11-29T09:44:00
se_008747,co_0969,renewal,Small,,2024-12-29,2024-12-29,,,monthly,70,200,200,GBP,paid,2024-12-29T09:41:00
se_008748,co_0969,renewal,Small,,2025-01-29,2025-01-29,,,monthly,70,200,200,GBP,paid,2025-01-29T10:54:00
se_008749,co_0969,renewal,Small,,2025-02-28,2025-02-28,,,monthly,70,200,200,GBP,paid,2025-02-28T11:00:00
se_008750,co_0969,renewal,Small,,2025-03-28,2025-03-28,,,monthly,70,200,200,GBP,paid,2025-03-28T13:05:00
se_008751,co_0969,renewal,Small,,2025-04-28,2025-04-28,,,monthly,70,200,200,GBP,paid,2025-04-28T14:29:00
se_008752,co_0969,renewal,Small,,2025-06-05,2025-05-28,,,monthly,70,200,200,GBP,paid,2025-05-28T18:05:00
se_008753,co_0969,renewal,Small,,2025-06-28,2025-06-28,,,monthly,70,200,200,GBP,paid,2025-06-28T13:04:00
se_008754,co_0969,renewal,Small,,2025-07-28,2025-07-28,,,monthly,70,200,200,GBP,paid,2025-07-28T17:04:00
se_008755,co_0969,renewal,Small,,2025-09-15,2025-08-28,,,monthly,70,200,200,GBP,paid,2025-08-28T18:17:00
se_008756,co_0969,renewal,Small,,2025-09-28,2025-09-28,,,monthly,70,200,200,GBP,paid,2025-09-28T08:24:00
se_008757,co_0969,renewal,Small,,2025-10-28,2025-10-28,,,monthly,70,200,200,GBP,paid,2025-10-28T15:16:00
se_008758,co_0969,renewal,Small,,2025-11-28,2025-11-28,,,monthly,70,200,200,GBP,paid,2025-11-28T09:05:00
se_008759,co_0969,renewal,Small,,2025-12-28,2025-12-28,,,monthly,70,200,200,GBP,paid,2025-12-28T09:44:00
se_008760,co_0969,renewal,Small,,2026-01-28,2026-01-28,,,monthly,70,200,200,GBP,paid,2026-01-28T18:53:00
se_008761,co_0969,renewal,small,,2026-02-28,2026-02-28,,,monthly,70,200,200,GBP,paid,2026-02-28T19:59:00
se_008762,co_0969,renewal,Small,,2026-03-28,2026-03-28,,,monthly,70,200,200,GBP,paid,2026-03-28T11:04:00
se_008763,co_0969,renewal,Small,,2026-04-28,2026-04-28,,,monthly,70,200,200,GBP,paid,2026-04-28T10:57:00
se_008764,co_0969,renewal,Small,,2026-05-28,2026-05-28,,,monthly,70,200,200,GBP,paid,2026-05-28T17:27:00
se_008765,co_0969,renewal,Small,,2026-06-28,2026-06-28,,,monthly,70,200,200,GBP,paid,2026-06-28T17:04:00
se_008766,co_0970,trial_start,Small,,,,,2025-11-17,monthly,44,0,0,GBP,not_applicable,2025-11-10T13:53:00
se_008767,co_0970,converted,Small,,2025-11-12,2025-11-12,,,monthly,44,200,200,GBP,paid,2025-11-12T11:00:00
se_008768,co_0970,renewal,Small,,2025-12-12,2025-12-12,,,monthly,44,200,200,GBP,paid,2025-12-12T10:55:00
se_008769,co_0970,renewal,Small,,2026-01-27,2026-01-12,,,monthly,44,200,200,GBP,paid,2026-01-12T16:19:00
se_008770,co_0970,renewal,Small,,,2026-02-12,,,monthly,44,200,200,GBP,paid,2026-02-12T12:22:00
se_008771,co_0970,renewal,Small,,2026-03-12,2026-03-12,,,monthly,44,200,200,GBP,paid,2026-03-12T08:33:00
se_008772,co_0970,renewal,Small,,2026-04-24,2026-04-12,,,monthly,44,200,200,GBP,paid,2026-04-12T09:03:00
se_008773,co_0970,renewal,Small,,2026-05-12,2026-05-12,,,monthly,44,200,200,GBP,paid,2026-05-12T08:32:00
se_008774,co_0970,renewal,Small,,2026-06-12,2026-06-12,,,monthly,44,200,200,GBP,paid,2026-06-12T13:26:00
se_008775,co_0971,trial_start,Large,,,,,2025-06-10,annual,858,0,0,GBP,not_applicable,2025-06-03T12:11:00
se_008776,co_0971,converted,Large,,2025-06-06,2025-06-06,,,annual,858,1500,18000,GBP,paid,2025-06-06T13:07:00
se_008777,co_0971,renewal,Large,,2026-06-06,2026-06-06,,,annual,858,1500,18000,GBP,paid,2026-06-06T13:57:00
se_008778,co_0972,trial_start,Small,,,,,2025-03-10,monthly,41,0,0,GBP,not_applicable,2025-03-03T12:56:00
se_008779,co_0972,converted,Small,,2025-03-08,2025-03-08,,,monthly,41,200,200,GBP,paid,2025-03-08T18:47:00
se_008780,co_0972,renewal,Small,,2025-04-08,2025-04-08,,,monthly,41,200,200,GBP,paid,2025-04-08T14:14:00
se_008781,co_0972,renewal,Small,,2025-05-08,2025-05-08,,,monthly,41,200,200,GBP,paid,2025-05-08T18:43:00
se_008782,co_0972,renewal,Small,,2025-06-11,2025-06-08,,,monthly,41,200,200,GBP,paid,2025-06-08T17:25:00
se_008783,co_0972,renewal,Small,,2025-07-08,2025-07-08,,,monthly,41,200,200,GBP,paid,2025-07-08T15:56:00
se_008784,co_0972,renewal,Small,,2025-08-08,2025-08-08,,,monthly,41,200,200,GBP,paid,2025-08-08T15:57:00
se_008785,co_0972,renewal,Small,,2025-09-08,2025-09-08,,,monthly,41,200,200,GBP,paid,2025-09-08T14:38:00
se_008786,co_0972,renewal,Small,,2025-10-08,2025-10-08,,,monthly,41,200,200,GBP,paid,2025-10-08T17:20:00
se_008787,co_0972,renewal,Small,,2025-11-08,2025-11-08,,,monthly,41,200,200,GBP,paid,2025-11-08T17:08:00
se_008788,co_0972,renewal,Small,,2025-12-08,2025-12-08,,,monthly,41,200,200,GBP,paid,2025-12-08T14:57:00
se_008789,co_0972,renewal,Small,,2026-01-08,2026-01-08,,,monthly,41,200,200,GBP,paid,2026-01-08T13:56:00
se_008790,co_0972,renewal,Small,,2026-02-08,2026-02-08,,,monthly,41,200,200,GBP,paid,2026-02-08T09:15:00
se_008791,co_0972,renewal,Small,,2026-03-18,2026-03-08,,,monthly,41,200,200,GBP,paid,2026-03-08T11:19:00
se_008792,co_0972,renewal,Small,,2026-04-28,2026-04-08,,,monthly,41,200,200,GBP,paid,2026-04-08T17:41:00
se_008793,co_0972,renewal,Small,,2026-05-08,2026-05-08,,,monthly,41,200,200,GBP,paid,2026-05-08T15:30:00
se_008794,co_0972,renewal,Small,,2026-06-08,2026-06-08,,,monthly,41,200,200,GBP,paid,2026-06-08T13:30:00
se_008795,co_0973,trial_start,Small,,,,,2023-07-21,monthly,77,0,0,GBP,not_applicable,2023-07-14T18:14:00
se_008796,co_0973,converted,Small,,2023-07-20,2023-07-20,,,monthly,77,200,200,GBP,paid,2023-07-20T10:55:00
se_008797,co_0973,renewal,Small,,2023-08-20,2023-08-20,,,monthly,77,200,200,GBP,paid,2023-08-20T16:39:00
se_008798,co_0973,renewal,Small,,2023-09-20,2023-09-20,,,monthly,77,200,200,GBP,paid,2023-09-20T16:12:00
se_008799,co_0973,renewal,Small,,2023-10-20,2023-10-20,,,monthly,77,200,200,GBP,paid,2023-10-20T11:42:00
se_008800,co_0973,payment_failed,Small,,2023-11-20,2023-11-20,,,monthly,77,200,200,GBP,failed,2023-11-20T14:54:00
se_008801,co_0973,payment_recovered,Small,,2023-11-28,2023-11-28,,,monthly,77,200,200,GBP,paid,2023-11-28T18:41:00
se_008802,co_0973,renewal,Small,,2023-12-24,2023-12-20,,,monthly,77,200,200,GBP,paid,2023-12-20T18:31:00
se_008803,co_0973,renewal,Small,,2024-01-20,2024-01-20,,,monthly,77,200,200,GBP,paid,2024-01-20T16:53:00
se_008804,co_0973,renewal,Small,,2024-02-20,2024-02-20,,,monthly,77,200,200,GBP,paid,2024-02-20T18:02:00
se_008805,co_0973,renewal,Small,,2024-03-20,2024-03-20,,,monthly,77,200,200,GBP,paid,2024-03-20T16:45:00
se_008806,co_0973,renewal,Small,,2024-04-20,2024-04-20,,,monthly,77,200,200,GBP,paid,2024-04-20T14:32:00
se_008807,co_0973,renewal,Small,,2024-05-20,2024-05-20,,,monthly,77,200,200,GBP,paid,2024-05-20T08:42:00
se_008808,co_0973,renewal,Small,,2024-06-20,2024-06-20,,,monthly,77,200,200,GBP,paid,2024-06-20T12:37:00
se_008809,co_0973,renewal,Small,,2024-07-20,2024-07-20,,,monthly,77,200,200,GBP,paid,2024-07-20T09:12:00
se_008810,co_0973,renewal,Small,,2024-08-20,2024-08-20,,,monthly,77,200,200,GBP,paid,2024-08-20T15:20:00
se_008811,co_0973,renewal,Small,,2024-09-20,2024-09-20,,,monthly,77,200,200,GBP,paid,2024-09-20T19:07:00
se_008812,co_0973,renewal,Small,,2024-10-20,2024-10-20,,,monthly,77,200,200,GBP,paid,2024-10-20T10:23:00
se_008813,co_0973,renewal,Small,,2024-11-20,2024-11-20,,,monthly,77,200,200,GBP,paid,2024-11-20T18:26:00
se_008814,co_0973,renewal,Small,,2024-12-29,2024-12-20,,,monthly,77,200,200,GBP,paid,2024-12-20T09:05:00
se_008815,co_0973,renewal,Small,,2025-01-20,2025-01-20,,,monthly,77,200,200,GBP,paid,2025-01-20T14:03:00
se_008816,co_0973,renewal,Small,,2025-02-20,2025-02-20,,,monthly,77,200,200,GBP,paid,2025-02-20T13:02:00
se_008817,co_0973,renewal,Small,,2025-03-20,2025-03-20,,,monthly,77,200,200,GBP,paid,2025-03-20T11:45:00
se_008818,co_0973,renewal,Small,,2025-04-20,2025-04-20,,,monthly,77,200,200,GBP,paid,2025-04-20T13:52:00
se_008819,co_0973,renewal,Small,,2025-05-20,2025-05-20,,,monthly,77,200,200,GBP,paid,2025-05-20T11:26:00
se_008820,co_0973,renewal,Small,,2025-06-20,2025-06-20,,,monthly,77,200,200,GBP,paid,2025-06-20T19:16:00
se_008821,co_0973,renewal,Small,,2025-07-20,2025-07-20,,,monthly,77,200,200,GBP,paid,2025-07-20T10:26:00
se_008822,co_0973,renewal,Small,,2025-08-20,2025-08-20,,,monthly,77,200,200,GBP,paid,2025-08-20T18:51:00
se_008823,co_0973,renewal,Small,,2025-09-20,2025-09-20,,,monthly,77,200,200,GBP,paid,2025-09-20T11:52:00
se_008824,co_0973,renewal,Small,,2025-10-20,2025-10-20,,,monthly,77,200,200,GBP,paid,2025-10-20T13:35:00
se_008825,co_0973,renewal,Small,,2025-11-20,2025-11-20,,,monthly,77,200,200,GBP,paid,2025-11-20T17:28:00
se_008826,co_0973,renewal,Small,,2025-12-20,2025-12-20,,,monthly,77,200,200,GBP,paid,2025-12-20T10:26:00
se_008827,co_0973,renewal,Small,,2026-01-20,2026-01-20,,,monthly,77,200,200,GBP,paid,2026-01-20T11:50:00
se_008828,co_0973,renewal,Small,,2026-02-20,2026-02-20,,,monthly,77,200,200,GBP,paid,2026-02-20T10:33:00
se_008829,co_0973,renewal,Small,,2026-03-24,2026-03-20,,,monthly,77,200,200,GBP,paid,2026-03-20T14:33:00
se_008830,co_0973,renewal,Small,,2026-04-20,2026-04-20,,,monthly,77,200,200,GBP,paid,2026-04-20T09:52:00
se_008831,co_0973,renewal,Small,,2026-05-20,2026-05-20,,,monthly,77,200,200,GBP,paid,2026-05-20T15:57:00
se_008832,co_0973,renewal,Small,,2026-06-20,2026-06-20,,,monthly,77,200,200,GBP,paid,2026-06-20T08:09:00
se_008833,co_0974,trial_start,Medium,,,,,2025-03-29,monthly,206,0,0,GBP,not_applicable,2025-03-22T12:55:00
se_008834,co_0974,converted,Medium,,2025-03-31,2025-03-31,,,monthly,206,750,750,GBP,paid,2025-03-31T16:34:00
se_008835,co_0974,renewal,Medium,,2025-04-30,2025-04-30,,,monthly,206,750,750,GBP,paid,2025-04-30T10:22:00
se_008836,co_0974,renewal,medium,,2025-05-30,2025-05-30,,,monthly,206,750,750,GBP,paid,2025-05-30T14:04:00
se_008837,co_0974,renewal,Medium,,2025-06-30,2025-06-30,,,monthly,206,750,750,GBP,paid,2025-06-30T17:21:00
se_008838,co_0974,renewal,Medium,,2025-07-30,2025-07-30,,,monthly,206,750,750,GBP,paid,2025-07-30T13:04:00
se_008839,co_0974,renewal,Medium,,2025-08-30,2025-08-30,,,monthly,206,750,750,GBP,paid,2025-08-30T17:41:00
se_008840,co_0974,renewal,Medium,,2025-09-30,2025-09-30,,,monthly,206,750,750,GBP,paid,2025-09-30T14:22:00
se_008841,co_0974,renewal,Medium,,2025-10-30,2025-10-30,,,monthly,206,750,750,GBP,paid,2025-10-30T18:10:00
se_008842,co_0974,renewal,Medium,,2025-11-30,2025-11-30,,,monthly,206,750,750,GBP,paid,2025-11-30T17:35:00
se_008843,co_0974,renewal,Medium,,2025-12-30,2025-12-30,,,monthly,206,750,750,GBP,paid,2025-12-30T11:50:00
se_008844,co_0974,renewal,Medium,,2026-01-30,2026-01-30,,,monthly,206,750,750,GBP,paid,2026-01-30T08:27:00
se_008845,co_0974,renewal,Medium,,2026-02-28,2026-02-28,,,monthly,206,750,750,GBP,paid,2026-02-28T09:47:00
se_008846,co_0974,renewal,Medium,,2026-03-28,2026-03-28,,,monthly,206,750,750,GBP,paid,2026-03-28T10:46:00
se_008847,co_0974,renewal,Medium,,2026-04-28,2026-04-28,,,monthly,206,750,750,GBP,paid,2026-04-28T09:23:00
se_008848,co_0974,renewal,Medium,,2026-05-28,2026-05-28,,,monthly,206,750,750,GBP,paid,2026-05-28T12:47:00
se_008849,co_0974,renewal,Medium,,2026-06-28,2026-06-28,,,monthly,206,750,750,GBP,paid,2026-06-28T13:03:00
se_008850,co_0975,trial_start,Small,,,,,2026-06-25,monthly,23,0,0,GBP,not_applicable,2026-06-18T09:01:00
se_008851,co_0975,converted,Small,,2026-06-27,2026-06-27,,,monthly,23,200,200,GBP,paid,2026-06-27T15:41:00
se_008852,co_0976,trial_start,Small,,,,,2024-07-12,monthly,78,0,0,GBP,not_applicable,2024-07-05T08:56:00
se_008853,co_0976,converted,Small,,2024-07-09,2024-07-09,,,monthly,78,200,200,GBP,paid,2024-07-09T13:40:00
se_008854,co_0976,renewal,Small,,2024-08-09,2024-08-09,,,monthly,78,200,200,GBP,paid,2024-08-09T15:57:00
se_008855,co_0976,renewal,Small,,2024-09-09,2024-09-09,,,monthly,78,200,200,GBP,paid,2024-09-09T10:32:00
se_008856,co_0976,renewal,Small,,2024-10-09,2024-10-09,,,monthly,78,200,200,GBP,paid,2024-10-09T09:17:00
se_008857,co_0976,renewal,Small,,2024-11-09,2024-11-09,,,monthly,78,200,200,GBP,paid,2024-11-09T17:29:00
se_008858,co_0976,renewal,Small,,2024-12-09,2024-12-09,,,monthly,78,200,200,GBP,paid,2024-12-09T18:13:00
se_008859,co_0976,renewal,Small,,2025-01-09,2025-01-09,,,monthly,78,200,200,GBP,paid,2025-01-09T14:50:00
se_008860,co_0976,renewal,Small,,2025-02-09,2025-02-09,,,monthly,78,200,200,GBP,paid,2025-02-09T10:28:00
se_008861,co_0976,renewal,Small,,2025-03-09,2025-03-09,,,monthly,78,200,200,GBP,paid,2025-03-09T18:03:00
se_008862,co_0976,renewal,Small,,2025-04-09,2025-04-09,,,monthly,78,200,200,GBP,paid,2025-04-09T16:17:00
se_008863,co_0976,renewal,Small,,2025-05-09,2025-05-09,,,monthly,78,200,200,GBP,paid,2025-05-09T13:18:00
se_008864,co_0976,renewal,Small,,2025-06-09,2025-06-09,,,monthly,78,200,200,GBP,paid,2025-06-09T12:47:00
se_008865,co_0976,renewal,Small,,2025-07-09,2025-07-09,,,monthly,78,200,200,GBP,paid,2025-07-09T10:08:00
se_008866,co_0976,renewal,Small,,2025-08-09,2025-08-09,,,monthly,78,200,200,GBP,paid,2025-08-09T18:41:00
se_008867,co_0976,renewal,Small,,2025-09-09,2025-09-09,,,monthly,78,200,200,GBP,paid,2025-09-09T08:25:00
se_008868,co_0976,renewal,Small,,2025-10-09,2025-10-09,,,monthly,78,200,200,GBP,paid,2025-10-09T10:36:00
se_008869,co_0976,renewal,SMALL,,2025-11-09,2025-11-09,,,monthly,78,200,200,GBP,paid,2025-11-09T18:24:00
se_008870,co_0976,renewal,Small,,2025-12-09,2025-12-09,,,monthly,78,200,200,GBP,paid,2025-12-09T14:40:00
se_008871,co_0976,renewal,Small,,2026-01-09,2026-01-09,,,monthly,78,200,200,GBP,paid,2026-01-09T17:49:00
se_008872,co_0976,renewal,Small,,2026-02-09,2026-02-09,,,monthly,78,200,200,GBP,paid,2026-02-09T13:56:00
se_008873,co_0976,renewal,Small,,2026-03-09,2026-03-09,,,monthly,78,200,200,GBP,paid,2026-03-09T17:36:00
se_008874,co_0976,renewal,Small,,2026-04-16,2026-04-09,,,monthly,78,200,200,GBP,paid,2026-04-09T16:54:00
se_008875,co_0976,renewal,Small,,2026-05-09,2026-05-09,,,monthly,78,200,200,GBP,paid,2026-05-09T13:15:00
se_008876,co_0976,renewal,Small,,2026-06-09,2026-06-09,,,monthly,78,200,200,GBP,paid,2026-06-09T14:46:00
se_008877,co_0977,trial_start,Small,,,,,2026-02-09,monthly,102,0,0,GBP,not_applicable,2026-02-02T17:50:00
se_008878,co_0977,converted,Small,,2026-02-09,2026-02-09,,,monthly,102,200,200,GBP,paid,2026-02-09T08:49:00
se_008879,co_0977,renewal,Small,,2026-03-09,2026-03-09,,,monthly,102,200,200,GBP,paid,2026-03-09T15:36:00
se_008880,co_0977,renewal,Small,,2026-04-09,2026-04-09,,,monthly,102,200,200,GBP,paid,2026-04-09T15:29:00
se_008881,co_0977,renewal,Small,,2026-05-09,2026-05-09,,,monthly,102,200,200,GBP,paid,2026-05-09T16:16:00
se_008882,co_0977,renewal,Small,,2026-06-09,2026-06-09,,,monthly,102,200,200,GBP,paid,2026-06-09T15:57:00
se_008883,co_0978,trial_start,Medium,,,,,2024-03-09,annual,162,0,0,GBP,not_applicable,2024-03-02T10:48:00
se_008884,co_0978,converted,Medium,,2024-03-09,2024-03-09,,,annual,162,750,9000,GBP,paid,2024-03-09T10:21:00
se_008885,co_0978,renewal,Medium,,2025-03-09,2025-03-09,,,annual,162,750,9000,GBP,paid,2025-03-09T10:29:00
se_008886,co_0978,renewal,Medium,,2026-03-15,2026-03-09,,,annual,162,750,9000,GBP,paid,2026-03-09T16:36:00
se_008887,co_0979,trial_start,Small,,,,,2026-01-07,annual,63,0,0,GBP,not_applicable,2025-12-31T17:22:00
se_008888,co_0979,converted,Small,,2026-01-04,2026-01-04,,,annual,63,200,2400,GBP,paid,2026-01-04T09:27:00
se_008889,co_0980,trial_start,Small,,,,,2025-01-24,monthly,96,0,0,GBP,not_applicable,2025-01-17T09:22:00
se_008890,co_0980,converted,Small,,2025-01-27,2025-01-27,,,monthly,96,200,200,GBP,paid,2025-01-27T18:33:00
se_008891,co_0980,renewal,Small,,2025-02-27,2025-02-27,,,monthly,96,200,200,GBP,paid,2025-02-27T14:04:00
se_008892,co_0980,renewal,Small,,2025-03-27,2025-03-27,,,monthly,96,200,200,GBP,paid,2025-03-27T09:51:00
se_008893,co_0980,renewal,Small,,2025-04-27,2025-04-27,,,monthly,96,200,200,GBP,paid,2025-04-27T09:10:00
se_008894,co_0980,renewal,Small,,2025-05-27,2025-05-27,,,monthly,96,200,200,GBP,paid,2025-05-27T10:20:00
se_008895,co_0980,renewal,Small,,2025-06-27,2025-06-27,,,monthly,96,200,200,GBP,paid,2025-06-27T17:47:00
se_008896,co_0980,renewal,Small,,2025-08-02,2025-07-27,,,monthly,96,200,200,GBP,paid,2025-07-27T16:58:00
se_008897,co_0980,renewal,Small,,2025-08-27,2025-08-27,,,monthly,96,200,200,GBP,paid,2025-08-27T16:48:00
se_008898,co_0980,renewal,Small,,2025-09-27,2025-09-27,,,monthly,96,200,200,GBP,paid,2025-09-27T08:15:00
se_008899,co_0980,renewal,Small,,2025-10-31,2025-10-27,,,monthly,96,200,200,GBP,paid,2025-10-27T14:10:00
se_008900,co_0980,renewal,Small,,2025-11-27,2025-11-27,,,monthly,96,200,200,GBP,paid,2025-11-27T14:41:00
se_008901,co_0980,renewal,Small,,2025-12-27,2025-12-27,,,monthly,96,200,200,GBP,paid,2025-12-27T13:06:00
se_008902,co_0980,renewal,Small,,2026-01-27,2026-01-27,,,monthly,96,200,200,GBP,paid,2026-01-27T13:04:00
se_008903,co_0980,renewal,Small,,2026-03-16,2026-02-27,,,monthly,96,200,200,GBP,paid,2026-02-27T19:55:00
se_008904,co_0980,renewal,Small,,2026-03-27,2026-03-27,,,monthly,96,200,200,GBP,paid,2026-03-27T13:38:00
se_008905,co_0980,renewal,Small,,2026-04-27,2026-04-27,,,monthly,96,200,200,GBP,paid,2026-04-27T19:15:00
se_008906,co_0980,renewal,Small,,2026-05-27,2026-05-27,,,monthly,96,200,200,GBP,paid,2026-05-27T08:27:00
se_008907,co_0980,renewal,Small,,2026-06-29,2026-06-27,,,monthly,96,200,200,GBP,paid,2026-06-27T18:00:00
se_008908,co_0981,trial_start,Medium,,,,,2025-04-16,monthly,400,0,0,GBP,not_applicable,2025-04-09T14:10:00
se_008909,co_0982,trial_start,small,,,,,2025-03-13,monthly,99,0,0,GBP,not_applicable,2025-03-06T16:28:00
se_008910,co_0982,converted,Small,,2025-03-09,2025-03-09,,,monthly,99,200,200,GBP,paid,2025-03-09T19:09:00
se_008911,co_0982,renewal,Small,,2025-04-09,2025-04-09,,,monthly,99,200,200,GBP,paid,2025-04-09T17:09:00
se_008912,co_0982,renewal,Small,,2025-05-09,2025-05-09,,,monthly,99,200,200,GBP,paid,2025-05-09T09:32:00
se_008913,co_0982,renewal,Small,,2025-06-09,2025-06-09,,,monthly,99,200,200,GBP,paid,2025-06-09T14:28:00
se_008914,co_0982,renewal,Small,,2025-07-19,2025-07-09,,,monthly,99,200,200,GBP,paid,2025-07-09T11:01:00
se_008915,co_0982,renewal,Small,,2025-08-09,2025-08-09,,,monthly,99,200,200,GBP,paid,2025-08-09T16:35:00
se_008916,co_0982,renewal,Small,,2025-09-09,2025-09-09,,,monthly,99,200,200,GBP,paid,2025-09-09T17:17:00
se_008917,co_0982,renewal,Small,,2025-10-09,2025-10-09,,,monthly,99,200,200,GBP,paid,2025-10-09T16:28:00
se_008918,co_0982,renewal,Small ,,2025-11-09,2025-11-09,,,monthly,99,200,200,GBP,paid,2025-11-09T09:51:00
se_008919,co_0982,renewal,Small,,2025-12-22,2025-12-09,,,monthly,99,200,200,GBP,paid,2025-12-09T11:59:00
se_008920,co_0982,renewal,Small,,2026-01-09,2026-01-09,,,monthly,99,200,200,GBP,paid,2026-01-09T16:24:00
se_008921,co_0982,renewal,Small,,2026-02-09,2026-02-09,,,monthly,99,200,200,GBP,paid,2026-02-09T17:40:00
se_008922,co_0982,renewal,Small,,2026-03-09,2026-03-09,,,monthly,99,200,200,GBP,paid,2026-03-09T12:26:00
se_008923,co_0982,renewal,Small,,2026-04-09,2026-04-09,,,monthly,99,200,200,GBP,paid,2026-04-09T15:20:00
se_008924,co_0982,renewal,Small,,,2026-05-09,,,monthly,99,200,200,GBP,paid,2026-05-09T13:13:00
se_008925,co_0982,renewal,Small,,2026-06-09,2026-06-09,,,monthly,99,200,200,GBP,paid,2026-06-09T18:23:00
se_008926,co_0983,trial_start,Small,,,,,2025-11-11,monthly,83,0,0,GBP,not_applicable,2025-11-04T19:57:00
se_008927,co_0983,converted,Small,,2025-11-13,2025-11-13,,,monthly,83,200,200,GBP,paid,2025-11-13T08:40:00
se_008928,co_0983,renewal,Small,,2025-12-13,2025-12-13,,,monthly,83,200,200,GBP,paid,2025-12-13T17:49:00
se_008929,co_0983,renewal,Small,,2026-01-13,2026-01-13,,,monthly,83,200,200,GBP,paid,2026-01-13T10:18:00
se_008930,co_0983,renewal,Small,,2026-02-13,2026-02-13,,,monthly,83,200,200,GBP,paid,2026-02-13T15:11:00
se_008931,co_0983,renewal,Small,,2026-03-13,2026-03-13,,,monthly,83,200,200,GBP,paid,2026-03-13T15:43:00
se_008932,co_0983,renewal,Small,,2026-04-13,2026-04-13,,,monthly,83,200,200,GBP,paid,2026-04-13T16:19:00
se_008933,co_0983,renewal,small,,2026-05-13,2026-05-13,,,monthly,83,200,200,GBP,paid,2026-05-13T17:05:00
se_008934,co_0983,renewal,Small,,2026-06-13,2026-06-13,,,monthly,83,200,200,GBP,paid,2026-06-13T19:18:00
se_008935,co_0984,trial_start,Small,,,,,2024-09-28,monthly,35,0,0,GBP,not_applicable,2024-09-21T13:08:00
se_008936,co_0984,converted,Small,,2024-09-28,2024-09-28,,,monthly,35,200,200,GBP,paid,2024-09-28T15:18:00
se_008937,co_0984,renewal,Small,,2024-10-28,2024-10-28,,,monthly,35,200,200,GBP,paid,2024-10-28T18:12:00
se_008938,co_0984,renewal,Small,,2024-11-28,2024-11-28,,,monthly,35,200,200,GBP,paid,2024-11-28T16:47:00
se_008939,co_0984,renewal,Small,,2024-12-28,2024-12-28,,,monthly,35,200,200,GBP,paid,2024-12-28T09:54:00
se_008940,co_0984,renewal,Small,,2025-01-28,2025-01-28,,,monthly,35,200,200,GBP,paid,2025-01-28T15:22:00
se_008941,co_0984,renewal,Small,,2025-02-28,2025-02-28,,,monthly,35,200,200,GBP,paid,2025-02-28T12:06:00
se_008942,co_0984,upgrade,Medium,Small,2025-03-14,2025-03-14,,,monthly,35,750,750,GBP,paid,2025-03-14T10:37:00
se_008943,co_0984,renewal,Medium,,2025-03-28,2025-03-28,,,monthly,35,750,750,GBP,paid,2025-03-28T11:26:00
se_008944,co_0984,renewal,Medium,,2025-04-28,2025-04-28,,,monthly,35,750,750,GBP,paid,2025-04-28T14:54:00
se_008945,co_0984,renewal,Medium,,2025-05-28,2025-05-28,,,monthly,35,750,750,GBP,paid,2025-05-28T17:34:00
se_008946,co_0984,renewal,Medium,,2025-07-06,2025-06-28,,,monthly,35,750,750,GBP,paid,2025-06-28T12:06:00
se_008947,co_0984,renewal,Medium,,2025-07-28,2025-07-28,,,monthly,35,750,750,GBP,paid,2025-07-28T16:01:00
se_008948,co_0984,renewal,Medium,,2025-09-08,2025-08-28,,,monthly,35,750,750,GBP,paid,2025-08-28T08:02:00
se_008949,co_0984,renewal,Medium,,2025-09-28,2025-09-28,,,monthly,35,750,750,GBP,paid,2025-09-28T13:21:00
se_008950,co_0984,renewal,Medium,,2025-10-28,2025-10-28,,,monthly,35,750,750,GBP,paid,2025-10-28T13:40:00
se_008951,co_0984,renewal,Medium,,2025-11-28,2025-11-28,,,monthly,35,750,750,GBP,paid,2025-11-28T19:02:00
se_008952,co_0984,renewal,Medium,,2025-12-28,2025-12-28,,,monthly,35,750,750,GBP,paid,2025-12-28T17:36:00
se_008953,co_0984,renewal,Medium,,2026-01-28,2026-01-28,,,monthly,35,750,750,GBP,paid,2026-01-28T17:43:00
se_008954,co_0984,renewal,Medium,,2026-02-28,2026-02-28,,,monthly,35,750,750,GBP,paid,2026-02-28T16:40:00
se_008955,co_0984,payment_failed,Medium,,2026-03-28,2026-03-28,,,monthly,35,750,750,GBP,failed,2026-03-28T12:31:00
se_008956,co_0984,payment_recovered,Medium,,2026-04-02,2026-04-02,,,monthly,35,750,750,GBP,paid,2026-04-02T19:03:00
se_008957,co_0984,renewal,Medium,,2026-04-28,2026-04-28,,,monthly,35,750,750,GBP,paid,2026-04-28T12:23:00
se_008958,co_0984,upgrade,Large,Medium,2026-05-19,2026-05-19,,,monthly,35,1500,1500,GBP,paid,2026-05-19T09:10:00
se_008959,co_0984,renewal,Large,,2026-05-28,2026-05-28,,,monthly,35,1500,1500,GBP,paid,2026-05-28T08:34:00
se_008960,co_0984,renewal,Large,,2026-06-28,2026-06-28,,,monthly,35,1500,1500,GBP,paid,2026-06-28T09:18:00
se_008961,co_0985,trial_start,Small,,,,,2024-08-27,monthly,82,0,0,GBP,not_applicable,2024-08-20T15:40:00
se_008962,co_0985,converted,Small,,2024-08-28,2024-08-28,,,monthly,82,200,200,GBP,paid,2024-08-28T11:38:00
se_008963,co_0985,renewal,Small,,2024-10-08,2024-09-28,,,monthly,82,200,200,GBP,paid,2024-09-28T19:20:00
se_008964,co_0985,renewal,Small,,2024-10-28,2024-10-28,,,monthly,82,200,200,GBP,paid,2024-10-28T12:06:00
se_008965,co_0985,renewal,Small,,2024-11-28,2024-11-28,,,monthly,82,200,200,GBP,paid,2024-11-28T13:46:00
se_008966,co_0985,renewal,Small,,2024-12-28,2024-12-28,,,monthly,82,200,200,GBP,paid,2024-12-28T16:28:00
se_008967,co_0985,renewal,Small,,2025-01-28,2025-01-28,,,monthly,82,200,200,GBP,paid,2025-01-28T17:14:00
se_008968,co_0985,renewal,Small,,2025-02-28,2025-02-28,,,monthly,82,200,200,GBP,paid,2025-02-28T18:04:00
se_008969,co_0985,renewal,Small,,2025-03-28,2025-03-28,,,monthly,82,200,200,GBP,paid,2025-03-28T12:41:00
se_008970,co_0985,renewal,Small,,2025-04-28,2025-04-28,,,monthly,82,200,200,GBP,paid,2025-04-28T08:02:00
se_008971,co_0985,renewal,Small,,2025-05-28,2025-05-28,,,monthly,82,200,200,GBP,paid,2025-05-28T15:59:00
se_008972,co_0985,renewal,Small,,2025-06-28,2025-06-28,,,monthly,82,200,200,GBP,paid,2025-06-28T10:37:00
se_008973,co_0985,renewal,Small,,2025-07-28,2025-07-28,,,monthly,82,200,200,GBP,paid,2025-07-28T14:55:00
se_008974,co_0985,renewal,Small,,,2025-08-28,,,monthly,82,200,200,GBP,paid,2025-08-28T18:27:00
se_008975,co_0985,renewal,Small,,2025-09-28,2025-09-28,,,monthly,82,200,200,GBP,paid,2025-09-28T09:28:00
se_008976,co_0985,renewal,Small,,2025-10-28,2025-10-28,,,monthly,82,200,200,GBP,paid,2025-10-28T14:30:00
se_008977,co_0985,renewal,Small,,2025-11-28,2025-11-28,,,monthly,82,200,200,GBP,paid,2025-11-28T18:10:00
se_008978,co_0985,renewal,Small,,2025-12-28,2025-12-28,,,monthly,82,200,200,GBP,paid,2025-12-28T16:44:00
se_008979,co_0985,renewal,Small,,2026-01-28,2026-01-28,,,monthly,82,200,200,GBP,paid,2026-01-28T11:16:00
se_008980,co_0985,renewal,Small,,2026-02-28,2026-02-28,,,monthly,82,200,200,GBP,paid,2026-02-28T16:12:00
se_008981,co_0985,renewal,Small,,2026-03-28,2026-03-28,,,monthly,82,200,200,GBP,paid,2026-03-28T08:10:00
se_008982,co_0985,renewal,Small,,2026-04-28,2026-04-28,,,monthly,82,200,200,GBP,paid,2026-04-28T12:42:00
se_008983,co_0985,renewal,Small,,2026-05-28,2026-05-28,,,monthly,82,200,200,GBP,paid,2026-05-28T19:01:00
se_008984,co_0985,renewal,Small,,2026-06-28,2026-06-28,,,monthly,82,200,200,GBP,paid,2026-06-28T17:32:00
se_008985,co_0986,trial_start,Small,,,,,2025-10-25,annual,51,0,0,GBP,not_applicable,2025-10-18T14:26:00
se_008986,co_0986,converted,Small,,2025-10-28,2025-10-28,,,annual,51,200,2400,GBP,paid,2025-10-28T15:46:00
se_008987,co_0987,trial_start,Small,,,,,2024-03-08,monthly,34,0,0,GBP,not_applicable,2024-03-01T11:36:00
se_008988,co_0987,converted,Small,,2024-03-08,2024-03-08,,,monthly,34,200,200,GBP,paid,2024-03-08T19:37:00
se_008989,co_0987,payment_failed,Small,,2024-04-08,2024-04-08,,,monthly,34,200,200,GBP,failed,2024-04-08T11:13:00
se_008990,co_0987,payment_recovered,Small,,2024-04-20,2024-04-20,,,monthly,34,200,200,GBP,paid,2024-04-20T18:44:00
se_008991,co_0987,renewal,Small,,2024-05-08,2024-05-08,,,monthly,34,200,200,GBP,paid,2024-05-08T16:00:00
se_008992,co_0987,renewal,Small,,2024-06-08,2024-06-08,,,monthly,34,200,200,GBP,paid,2024-06-08T12:41:00
se_008993,co_0987,renewal,Small,,2024-07-08,2024-07-08,,,monthly,34,200,200,GBP,paid,2024-07-08T12:55:00
se_008994,co_0987,renewal,Small,,2024-08-26,2024-08-08,,,monthly,34,200,200,GBP,paid,2024-08-08T09:55:00
se_008995,co_0987,renewal,Small,,2024-09-08,2024-09-08,,,monthly,34,200,200,GBP,paid,2024-09-08T11:19:00
se_008996,co_0987,renewal,Small,,2024-10-08,2024-10-08,,,monthly,34,200,200,GBP,paid,2024-10-08T08:22:00
se_008997,co_0987,renewal,Small,,2024-11-08,2024-11-08,,,monthly,34,200,200,GBP,paid,2024-11-08T19:48:00
se_008998,co_0987,renewal,Small,,2024-12-08,2024-12-08,,,monthly,34,200,200,GBP,paid,2024-12-08T08:50:00
se_008999,co_0987,renewal,Small,,2025-01-08,2025-01-08,,,monthly,34,200,200,GBP,paid,2025-01-08T14:59:00
se_009000,co_0987,renewal,Small,,2025-02-08,2025-02-08,,,monthly,34,200,200,GBP,paid,2025-02-08T11:42:00
se_009001,co_0987,renewal,Small,,2025-03-08,2025-03-08,,,monthly,34,200,200,GBP,paid,2025-03-08T15:57:00
se_009002,co_0987,renewal,Small,,2025-04-25,2025-04-08,,,monthly,34,200,200,GBP,paid,2025-04-08T10:46:00
se_009003,co_0987,renewal,Small,,2025-05-08,2025-05-08,,,monthly,34,200,200,GBP,paid,2025-05-08T11:57:00
se_009004,co_0987,payment_failed,Small,,2025-06-08,2025-06-08,,,monthly,34,200,200,GBP,failed,2025-06-08T11:16:00
se_009005,co_0987,payment_recovered,Small,,2025-06-13,2025-06-13,,,monthly,34,200,200,GBP,paid,2025-06-13T16:19:00
se_009006,co_0987,renewal,Small,,2025-07-08,2025-07-08,,,monthly,34,200,200,GBP,paid,2025-07-08T16:40:00
se_009007,co_0987,renewal,Small,,2025-08-08,2025-08-08,,,monthly,34,200,200,GBP,paid,2025-08-08T19:36:00
se_009008,co_0987,renewal,Small,,2025-09-08,2025-09-08,,,monthly,34,200,200,GBP,paid,2025-09-08T14:18:00
se_009009,co_0987,renewal,Small,,2025-10-08,2025-10-08,,,monthly,34,200,200,GBP,paid,2025-10-08T13:55:00
se_009010,co_0987,renewal,Small,,2025-11-08,2025-11-08,,,monthly,34,200,200,GBP,paid,2025-11-08T08:23:00
se_009011,co_0987,renewal,Small,,2025-12-08,2025-12-08,,,monthly,34,200,200,GBP,paid,2025-12-08T15:09:00
se_009012,co_0987,renewal,Small,,2026-01-08,2026-01-08,,,monthly,34,200,200,GBP,paid,2026-01-08T14:46:00
se_009013,co_0987,renewal,SMALL,,2026-02-08,2026-02-08,,,monthly,34,200,200,GBP,paid,2026-02-08T13:44:00
se_009014,co_0987,renewal,Small,,2026-03-08,2026-03-08,,,monthly,34,200,200,GBP,paid,2026-03-08T08:18:00
se_009015,co_0987,renewal,Small,,2026-04-08,2026-04-08,,,monthly,34,200,200,GBP,paid,2026-04-08T16:35:00
se_009016,co_0987,renewal,Small,,2026-05-08,2026-05-08,,,monthly,34,200,200,GBP,paid,2026-05-08T18:19:00
se_009017,co_0987,renewal,Small,,2026-06-08,2026-06-08,,,monthly,34,200,200,GBP,paid,2026-06-08T16:43:00
se_009018,co_0988,trial_start,Medium,,,,,2024-10-08,monthly,142,0,0,GBP,not_applicable,2024-10-01T11:09:00
se_009019,co_0988,converted,Medium,,2024-10-09,2024-10-09,,,monthly,142,750,750,GBP,paid,2024-10-09T17:26:00
se_009020,co_0988,renewal,Medium,,2024-11-09,2024-11-09,,,monthly,142,750,750,GBP,paid,2024-11-09T19:08:00
se_009021,co_0988,renewal,Medium,,2024-12-09,2024-12-09,,,monthly,142,750,750,GBP,paid,2024-12-09T08:18:00
se_009022,co_0988,downgrade,Small,Medium,2024-12-17,2024-12-17,,,monthly,142,200,200,GBP,paid,2024-12-17T18:09:00
se_009023,co_0988,renewal,Small,,2025-01-09,2025-01-09,,,monthly,142,200,200,GBP,paid,2025-01-09T18:31:00
se_009024,co_0988,renewal,Small,,2025-02-09,2025-02-09,,,monthly,142,200,200,GBP,paid,2025-02-09T14:36:00
se_009025,co_0988,renewal,Small,,2025-03-09,2025-03-09,,,monthly,142,200,200,GBP,paid,2025-03-09T16:40:00
se_009026,co_0988,renewal,Small,,2025-04-09,2025-04-09,,,monthly,142,200,200,GBP,paid,2025-04-09T11:23:00
se_009027,co_0988,renewal,Small,,2025-05-19,2025-05-09,,,monthly,142,200,200,GBP,paid,2025-05-09T19:58:00
se_009028,co_0988,renewal,Small,,2025-06-09,2025-06-09,,,monthly,142,200,200,GBP,paid,2025-06-09T10:58:00
se_009029,co_0988,renewal,Small,,2025-07-09,2025-07-09,,,monthly,142,200,200,GBP,paid,2025-07-09T15:05:00
se_009030,co_0988,renewal,Small,,2025-08-09,2025-08-09,,,monthly,142,200,200,GBP,paid,2025-08-09T13:14:00
se_009031,co_0988,renewal,Small,,2025-09-09,2025-09-09,,,monthly,142,200,200,GBP,paid,2025-09-09T13:50:00
se_009032,co_0988,renewal,Small,,2025-10-09,2025-10-09,,,monthly,142,200,200,GBP,paid,2025-10-09T13:13:00
se_009033,co_0988,renewal,Small,,2025-11-09,2025-11-09,,,monthly,142,200,200,GBP,paid,2025-11-09T10:51:00
se_009034,co_0988,renewal,Small,,2025-12-09,2025-12-09,,,monthly,142,200,200,GBP,paid,2025-12-09T12:32:00
se_009035,co_0988,renewal,Small,,2026-01-12,2026-01-09,,,monthly,142,200,200,GBP,paid,2026-01-09T14:54:00
se_009036,co_0988,renewal,Small,,2026-02-09,2026-02-09,,,monthly,142,200,200,GBP,paid,2026-02-09T11:15:00
se_009037,co_0988,renewal,Small,,2026-03-09,2026-03-09,,,monthly,142,200,200,GBP,paid,2026-03-09T17:30:00
se_009038,co_0988,renewal,Small,,2026-04-09,2026-04-09,,,monthly,142,200,200,GBP,paid,2026-04-09T18:04:00
se_009039,co_0988,renewal,Small,,2026-05-09,2026-05-09,,,monthly,142,200,200,GBP,paid,2026-05-09T11:28:00
se_009040,co_0988,renewal,Small,,,2026-06-09,,,monthly,142,200,200,GBP,paid,2026-06-09T17:23:00
se_009041,co_0989,trial_start,Small,,,,,2025-08-17,monthly,26,0,0,GBP,not_applicable,2025-08-10T15:15:00
se_009042,co_0989,converted,SMALL,,2025-08-12,2025-08-12,,,monthly,26,200,200,GBP,paid,2025-08-12T16:58:00
se_009043,co_0989,renewal,Small,,2025-09-12,2025-09-12,,,monthly,26,200,200,GBP,paid,2025-09-12T11:39:00
se_009044,co_0989,renewal,Small,,2025-10-12,2025-10-12,,,monthly,26,200,200,GBP,paid,2025-10-12T19:47:00
se_009045,co_0989,renewal,Small,,2025-11-12,2025-11-12,,,monthly,26,200,200,GBP,paid,2025-11-12T17:59:00
se_009046,co_0989,renewal,Small,,2025-12-12,2025-12-12,,,monthly,26,200,200,GBP,paid,2025-12-12T13:51:00
se_009047,co_0989,renewal,Small,,2026-01-12,2026-01-12,,,monthly,26,200,200,GBP,paid,2026-01-12T13:54:00
se_009048,co_0989,renewal,Small,,2026-02-12,2026-02-12,,,monthly,26,200,200,GBP,paid,2026-02-12T19:58:00
se_009049,co_0989,renewal,Small,,2026-03-12,2026-03-12,,,monthly,26,200,200,GBP,paid,2026-03-12T15:16:00
se_009050,co_0989,renewal,Small,,2026-04-12,2026-04-12,,,monthly,26,200,200,GBP,paid,2026-04-12T18:21:00
se_009051,co_0989,renewal,Small,,2026-05-21,2026-05-12,,,monthly,26,200,200,GBP,paid,2026-05-12T17:26:00
se_009052,co_0989,renewal,Small,,2026-06-12,2026-06-12,,,monthly,26,200,200,GBP,paid,2026-06-12T19:53:00
se_009053,co_0990,trial_start,Large,,,,,2025-11-26,annual,901,0,0,GBP,not_applicable,2025-11-19T15:55:00
se_009054,co_0990,converted,Large,,2025-11-22,2025-11-22,,,annual,901,1500,18000,GBP,paid,2025-11-22T10:24:00
se_009055,co_0991,trial_start,Medium,,,,,2023-10-14,monthly,585,0,0,GBP,not_applicable,2023-10-07T15:09:00
se_009056,co_0992,trial_start,Small,,,,,2025-03-01,annual,42,0,0,GBP,not_applicable,2025-02-22T16:05:00
se_009057,co_0992,converted,Small,,2025-03-01,2025-03-01,,,annual,42,200,2400,GBP,paid,2025-03-01T12:29:00
se_009058,co_0992,renewal,Small,,2026-03-01,2026-03-01,,,annual,42,200,2400,GBP,paid,2026-03-01T08:32:00
se_009059,co_0993,trial_start,Small,,,,,2023-10-01,monthly,47,0,0,GBP,not_applicable,2023-09-24T08:46:00
se_009060,co_0994,trial_start,Medium,,,,,2024-12-06,monthly,199,0,0,GBP,not_applicable,2024-11-29T13:27:00
se_009061,co_0994,converted,Medium,,2024-12-07,2024-12-07,,,monthly,199,750,750,GBP,paid,2024-12-07T10:42:00
se_009062,co_0994,renewal,Medium,,2025-01-07,2025-01-07,,,monthly,199,750,750,GBP,paid,2025-01-07T17:01:00
se_009063,co_0994,renewal,Medium,,2025-02-07,2025-02-07,,,monthly,199,750,750,GBP,paid,2025-02-07T18:16:00
se_009064,co_0994,renewal,Medium,,2025-03-07,2025-03-07,,,monthly,199,750,750,GBP,paid,2025-03-07T13:12:00
se_009065,co_0994,renewal,Medium,,2025-04-07,2025-04-07,,,monthly,199,750,750,GBP,paid,2025-04-07T09:25:00
se_009066,co_0994,renewal,Medium,,2025-05-07,2025-05-07,,,monthly,199,750,750,GBP,paid,2025-05-07T14:16:00
se_009067,co_0994,renewal,Medium,,2025-06-07,2025-06-07,,,monthly,199,750,750,GBP,paid,2025-06-07T14:46:00
se_009068,co_0994,renewal,Medium,,2025-07-07,2025-07-07,,,monthly,199,750,750,GBP,paid,2025-07-07T17:38:00
se_009069,co_0994,renewal,Medium,,2025-08-07,2025-08-07,,,monthly,199,750,750,GBP,paid,2025-08-07T09:01:00
se_009070,co_0994,renewal,Medium,,2025-09-07,2025-09-07,,,monthly,199,750,750,GBP,paid,2025-09-07T13:14:00
se_009071,co_0994,renewal,Medium,,2025-10-07,2025-10-07,,,monthly,199,750,750,GBP,paid,2025-10-07T09:54:00
se_009072,co_0994,renewal,Medium,,2025-11-07,2025-11-07,,,monthly,199,750,750,GBP,paid,2025-11-07T17:41:00
se_009073,co_0994,renewal,Medium,,2025-12-07,2025-12-07,,,monthly,199,750,750,GBP,paid,2025-12-07T12:27:00
se_009074,co_0994,renewal,Medium,,,2026-01-07,,,monthly,199,750,750,GBP,paid,2026-01-07T19:00:00
se_009075,co_0994,renewal,Medium,,2026-02-07,2026-02-07,,,monthly,199,750,750,GBP,paid,2026-02-07T11:41:00
se_009076,co_0994,renewal,Medium,,2026-03-07,2026-03-07,,,monthly,199,750,750,GBP,paid,2026-03-07T17:14:00
se_009077,co_0994,renewal,Medium,,2026-04-07,2026-04-07,,,monthly,199,750,750,GBP,paid,2026-04-07T18:23:00
se_009078,co_0994,renewal,Medium,,2026-05-07,2026-05-07,,,monthly,199,750,750,GBP,paid,2026-05-07T12:51:00
se_009079,co_0994,renewal,Medium,,2026-06-07,2026-06-07,,,monthly,199,750,750,GBP,paid,2026-06-07T14:43:00
se_009080,co_0995,trial_start,Medium,,,,,2024-10-27,monthly,171,0,0,GBP,not_applicable,2024-10-20T11:41:00
se_009081,co_0996,trial_start,Medium,,,,,2025-08-23,annual,504,0,0,GBP,not_applicable,2025-08-16T13:16:00
se_009082,co_0997,trial_start,BESPOKE,,,,,2025-07-14,monthly,1165,0,0,GBP,not_applicable,2025-07-07T15:29:00
se_009083,co_0997,converted,Bespoke,,2025-07-14,2025-07-14,,,monthly,1165,1880,1880,GBP,paid,2025-07-14T16:47:00
se_009084,co_0997,renewal,Bespoke,,2025-08-14,2025-08-14,,,monthly,1165,1930,1930,GBP,paid,2025-08-14T09:10:00
se_009085,co_0997,renewal,Bespoke,,2025-09-14,2025-09-14,,,monthly,1165,1770,1770,GBP,paid,2025-09-14T12:25:00
se_009086,co_0997,renewal,Bespoke,,2025-10-14,2025-10-14,,,monthly,1165,1770,1770,GBP,paid,2025-10-14T16:40:00
se_009087,co_0997,renewal,Bespoke,,2025-11-14,2025-11-14,,,monthly,1165,1850,1850,GBP,paid,2025-11-14T10:03:00
se_009088,co_0997,renewal,Bespoke,,,2025-12-14,,,monthly,1165,1860,1860,GBP,paid,2025-12-14T10:50:00
se_009089,co_0997,renewal,Bespoke,,2026-01-14,2026-01-14,,,monthly,1165,1750,1750,GBP,paid,2026-01-14T13:32:00
se_009090,co_0997,renewal,Bespoke,,2026-02-14,2026-02-14,,,monthly,1165,1810,1810,GBP,paid,2026-02-14T18:47:00
se_009091,co_0997,renewal,Bespoke,,2026-03-14,2026-03-14,,,monthly,1165,1760,1760,GBP,paid,2026-03-14T17:43:00
se_009092,co_0997,renewal,Bespoke,,2026-04-14,2026-04-14,,,monthly,1165,1910,1910,GBP,paid,2026-04-14T10:26:00
se_009093,co_0997,renewal,Bespoke,,2026-05-14,2026-05-14,,,monthly,1165,1720,1720,GBP,paid,2026-05-14T14:46:00
se_009094,co_0997,renewal,Bespoke,,2026-06-14,2026-06-14,,,monthly,1165,1740,1740,GBP,paid,2026-06-14T14:01:00
se_009095,co_0998,trial_start,Medium,,,,,2024-07-18,monthly,153,0,0,GBP,not_applicable,2024-07-11T14:18:00
se_009096,co_0998,converted,Medium,,2024-07-15,2024-07-15,,,monthly,153,750,750,GBP,paid,2024-07-15T13:10:00
se_009097,co_0998,renewal,Medium,,2024-08-15,2024-08-15,,,monthly,153,750,750,GBP,paid,2024-08-15T12:58:00
se_009098,co_0998,renewal,Medium,,2024-09-15,2024-09-15,,,monthly,153,750,750,GBP,paid,2024-09-15T19:34:00
se_009099,co_0998,renewal,Medium,,2024-10-15,2024-10-15,,,monthly,153,750,750,GBP,paid,2024-10-15T18:48:00
se_009100,co_0998,renewal,Medium,,2024-11-15,2024-11-15,,,monthly,153,750,750,GBP,paid,2024-11-15T16:09:00
se_009101,co_0998,renewal,Medium,,2024-12-15,2024-12-15,,,monthly,153,750,750,GBP,paid,2024-12-15T15:16:00
se_009102,co_0998,renewal,Medium,,2025-01-15,2025-01-15,,,monthly,153,750,750,GBP,paid,2025-01-15T16:11:00
se_009103,co_0998,renewal,Medium,,2025-02-15,2025-02-15,,,monthly,153,750,750,GBP,paid,2025-02-15T18:48:00
se_009104,co_0998,renewal,Medium,,2025-03-15,2025-03-15,,,monthly,153,750,750,GBP,paid,2025-03-15T12:44:00
se_009105,co_0998,renewal,Medium,,2025-04-15,2025-04-15,,,monthly,153,750,750,GBP,paid,2025-04-15T11:24:00
se_009106,co_0998,renewal,Medium,,2025-06-03,2025-05-15,,,monthly,153,750,750,GBP,paid,2025-05-15T14:38:00
se_009107,co_0998,renewal,Medium,,2025-06-15,2025-06-15,,,monthly,153,750,750,GBP,paid,2025-06-15T19:12:00
se_009108,co_0998,renewal,Medium,,2025-07-15,2025-07-15,,,monthly,153,750,750,GBP,paid,2025-07-15T18:58:00
se_009109,co_0998,renewal,MEDIUM,,2025-08-15,2025-08-15,,,monthly,153,750,750,GBP,paid,2025-08-15T15:03:00
se_009110,co_0998,renewal,Medium,,2025-09-15,2025-09-15,,,monthly,153,750,750,GBP,paid,2025-09-15T09:05:00
se_009111,co_0998,renewal,Medium,,2025-10-15,2025-10-15,,,monthly,153,750,750,GBP,paid,2025-10-15T15:23:00
se_009112,co_0998,renewal,Medium,,2025-11-15,2025-11-15,,,monthly,153,750,750,GBP,paid,2025-11-15T15:38:00
se_009113,co_0998,renewal,Medium,,2025-12-15,2025-12-15,,,monthly,153,750,750,GBP,paid,2025-12-15T19:39:00
se_009114,co_0998,renewal,Medium,,2026-01-15,2026-01-15,,,monthly,153,750,750,GBP,paid,2026-01-15T18:24:00
se_009115,co_0998,renewal,Medium,,2026-02-15,2026-02-15,,,monthly,153,750,750,GBP,paid,2026-02-15T12:19:00
se_009116,co_0998,renewal,Medium,,2026-03-15,2026-03-15,,,monthly,153,750,750,GBP,paid,2026-03-15T15:15:00
se_009117,co_0998,renewal,Medium,,2026-04-15,2026-04-15,,,monthly,153,750,750,GBP,paid,2026-04-15T18:25:00
se_009118,co_0998,renewal,Medium,,2026-05-15,2026-05-15,,,monthly,153,750,750,GBP,paid,2026-05-15T13:41:00
se_009119,co_0998,renewal,Medium,,2026-06-15,2026-06-15,,,monthly,153,750,750,GBP,paid,2026-06-15T19:27:00
se_009120,co_0999,trial_start,Medium,,,,,2025-08-23,annual,256,0,0,GBP,not_applicable,2025-08-16T18:17:00
se_009121,co_0999,converted,Medium,,2025-08-26,2025-08-26,,,annual,256,750,9000,GBP,paid,2025-08-26T18:07:00
se_009122,co_1000,trial_start,Small,,,,,2026-04-28,annual,38,0,0,GBP,not_applicable,2026-04-21T09:54:00
